Time,Active_Power,GHI,Temperature,Humidity,Wind_Speed,WD_sin,WD_cos,delta_t
2022-03-01 00:00:00,0.0,2.80762,18.299466666666667,74.70213333333332,2.2165733333333333,-0.9691337405190299,0.24653558158528294,15.0
2022-03-01 00:15:00,0.0,2.8591133333333336,18.323333333333334,74.11866666666667,2.4372866666666666,-0.8072260397151241,0.5902424254540137,15.0
2022-03-01 00:30:00,0.0,2.91796,18.363400000000002,73.6238,2.6083933333333333,-0.9890379522586342,-0.14766153524885053,15.0
2022-03-01 02:30:00,0.0,2.9691133333333335,18.797933333333333,78.12933333333334,2.99412,-0.9893172954712177,0.14577821813122607,120.0
2022-03-01 04:30:00,0.0,2.73386,18.377666666666666,78.30766666666666,1.3407933333333333,0.7682201372234091,-0.640185770510753,120.0
2022-03-01 06:30:00,0.0,3.5348800000000002,19.093,82.25466666666667,1.359554,-0.8083097092626196,0.5887575170745418,120.0
2022-03-01 06:45:00,0.0,6.2171666666666665,19.144266666666667,83.33739999999999,0.6885726666666667,-0.9718942029414684,-0.23541805004877564,15.0
2022-03-01 07:00:00,648.5333333333333,15.498906666666667,19.221733333333336,83.24393333333335,0.8325133333333333,0.8964080547785525,-0.44322973651158803,15.0
2022-03-01 07:15:00,1297.0666666666666,25.508133333333333,19.311866666666667,81.7002,0.89106,0.7097792007347619,-0.7044242231811189,15.0
2022-03-01 07:30:00,1945.6,39.442800000000005,19.576666666666664,80.37513333333332,1.3257686666666666,-0.8568223463465989,-0.5156117403639185,15.0
2022-03-01 07:45:00,1945.6,57.693999999999996,19.92953333333333,80.54993333333333,1.6659466666666667,-0.5173914915680066,0.8557488208890698,15.0
2022-03-01 08:00:00,1945.6,94.1374,20.3268,78.872,1.7107933333333334,-0.15612416588211922,0.9877374371904776,15.0
2022-03-01 08:15:00,1945.6,113.17133333333332,20.816333333333333,75.19106666666667,1.8797533333333334,-0.8306333555491606,0.5568197452040846,15.0
2022-03-01 08:30:00,1945.6,117.824,21.354066666666665,71.91646666666666,1.9317333333333333,-0.1510767912487852,0.9885220296715551,15.0
2022-03-01 08:45:00,1945.6,134.07333333333332,21.805133333333334,71.10673333333334,1.4882266666666666,-0.9777141105511877,0.20994074885333702,15.0
2022-03-01 09:00:00,1945.6,401.806,22.906799999999997,68.17519999999999,1.1132913333333332,-0.38137909768827105,-0.9244187275507134,15.0
2022-03-01 09:15:00,1945.6,383.08866666666665,25.564,59.97813333333333,0.8444626666666667,0.7555744962724991,0.6550627302652468,15.0
2022-03-01 09:30:00,1945.6,495.774,26.23593333333333,58.57293333333334,0.9710313333333332,0.7744011837701591,0.6326948763625135,15.0
2022-03-01 09:45:00,1945.6,534.8786666666667,26.98806666666667,57.766799999999996,1.3239480000000001,0.9661687282743343,-0.25791081502092056,15.0
2022-03-01 10:00:00,1945.6,562.2066666666667,25.6346,63.572,2.07774,0.7648764307418845,-0.6441770297795126,15.0
2022-03-01 10:15:00,1945.6,586.412,25.246666666666666,64.25293333333333,1.69428,0.8237879524691708,-0.5668980590605784,15.0
2022-03-01 10:30:00,9728.0,635.4946666666667,26.139333333333333,60.69533333333334,1.5826466666666665,0.9395747693372066,-0.34234376410990014,15.0
2022-03-01 10:45:00,2226.0,477.4846666666666,24.878333333333334,63.15933333333333,1.84866,0.7939691773934782,-0.6079580128175988,15.0
2022-03-01 11:00:00,0.0,664.4106666666667,24.969733333333334,63.419,1.67434,0.743782913553518,-0.668421257520914,15.0
2022-03-01 11:15:00,0.0,680.1606666666667,25.6214,60.07013333333334,2.565633333333333,0.8490516104864362,-0.5283099116336821,15.0
2022-03-01 11:30:00,10605.333,658.816,25.479066666666668,60.47526666666667,2.7330933333333336,0.748724377134086,-0.6628814427068952,15.0
2022-03-01 11:45:00,18157.0,696.6126666666667,25.2878,59.207,2.9972133333333333,0.8140749756581892,-0.5807597902809032,15.0
2022-03-01 12:00:00,18142.0,666.2106666666666,25.459600000000002,59.79233333333333,2.581566666666667,0.7840980243571088,-0.6206370019578906,15.0
2022-03-01 12:15:00,19391.0,716.9593333333333,25.335933333333333,60.2772,2.5933066666666664,0.8190051924250241,-0.5737861054267951,15.0
2022-03-01 12:30:00,21338.666,751.0873333333333,25.475866666666665,61.598333333333336,2.4501399999999998,0.7981590944832616,-0.6024467278470851,15.0
2022-03-01 12:45:00,18616.334,793.6133333333333,26.103666666666665,60.06686666666667,2.2478333333333333,0.7683207623660879,-0.6400650014781261,15.0
2022-03-01 13:00:00,13303.667,760.0513333333333,25.827266666666667,60.980000000000004,2.1989933333333336,0.8337445090222241,-0.5521504266731038,15.0
2022-03-01 13:15:00,20263.666,633.6566666666666,25.70426666666667,60.9606,1.99492,0.7339748921816465,-0.679176602693983,15.0
2022-03-01 13:30:00,16614.334,764.206,25.858533333333334,60.4012,2.0436133333333335,0.8541564415805256,-0.5200161279292154,15.0
2022-03-01 13:45:00,14093.667,360.6286666666667,25.326666666666664,63.221266666666665,1.74898,0.8556173137653406,-0.5176089376981262,15.0
2022-03-01 14:00:00,7568.0,347.49,24.362866666666665,67.19093333333333,1.4419553333333333,0.7658948389089956,-0.6429658589167575,15.0
2022-03-01 14:15:00,10971.0,466.86466666666666,24.62666666666667,66.42833333333333,2.1778199999999996,0.619084811690516,-0.7853241343127807,15.0
2022-03-01 14:30:00,9043.0,395.5113333333333,24.386733333333332,66.1236,1.7280000000000002,0.9074775813335529,-0.4201005110411137,15.0
2022-03-01 14:45:00,8233.667,382.5146666666667,24.545133333333336,66.37226666666666,1.7965466666666667,0.7293906373465793,-0.6840974332294713,15.0
2022-03-01 15:00:00,4595.6665,164.66133333333335,24.138733333333334,66.9518,1.8495753333333333,0.4377226402729246,-0.8991100545497752,15.0
2022-03-01 15:15:00,5557.6665,391.48466666666667,23.69093333333333,69.05760000000001,1.2271933333333334,0.7744883394129218,-0.6325881852464641,15.0
2022-03-01 15:30:00,7179.0,292.4026666666667,24.467133333333333,66.43506666666666,1.3511286666666669,0.48578627718150075,-0.8740776240713053,15.0
2022-03-01 15:45:00,11129.667,390.50600000000003,24.439733333333333,66.90079999999999,2.1527533333333335,0.14606000711031314,-0.9892757322015613,15.0
2022-03-01 16:00:00,9099.667,336.01733333333334,24.343666666666667,67.2162,1.7152313333333333,0.44667674874461977,-0.8946954130490085,15.0
2022-03-01 16:15:00,7635.6665,269.60133333333334,23.9832,68.4276,2.325406666666667,0.10445903228675095,-0.9945291904080621,15.0
2022-03-01 16:30:00,5824.0,227.082,23.7754,68.53933333333335,1.1327413333333332,-0.2400360261935397,-0.9707639806509172,15.0
2022-03-01 16:45:00,4055.3333,133.85553333333334,23.51246666666667,69.9078,1.4280373333333332,0.057157453989648214,-0.9983651764026134,15.0
2022-03-01 17:00:00,2337.6667,82.17633333333333,23.293,70.60113333333334,0.9184673333333334,0.675337871104433,-0.7375084812069161,15.0
2022-03-01 17:15:00,2988.3333,72.50693333333334,22.761599999999998,72.50526666666666,1.2870713333333332,0.050581319445897624,-0.9987199457921685,15.0
2022-03-01 17:30:00,1670.6666,64.14386666666667,22.719266666666666,72.5792,1.4535266666666666,-0.9405451717288584,-0.3396686325487418,15.0
2022-03-01 17:45:00,921.3333,36.915733333333336,22.862066666666667,72.33573333333334,0.593132,-0.17438607289588418,-0.9846773570972125,15.0
2022-03-01 18:00:00,346.66666,17.765066666666666,22.420866666666665,74.27913333333332,0.7957686666666667,0.5429166386485331,-0.8397865940097985,15.0
2022-03-01 18:15:00,19.333334,5.400473333333333,22.052,75.69319999999999,0.554592,0.9173100641408993,-0.39817363828588537,15.0
2022-03-01 18:30:00,0.0,1.4915653333333334,21.889533333333336,76.52186666666667,1.1040313333333331,-0.8643186369138357,-0.5029446230783357,15.0
2022-03-01 18:45:00,0.0,0.7935253333333333,21.647133333333333,76.99513333333333,0.8641493333333333,0.7107833504793237,-0.7034109955647458,15.0
2022-03-01 19:00:00,0.0,0.771538,21.56566666666667,77.8978,0.7564133333333333,-0.6908790462274876,-0.7229703614144891,15.0
2022-03-01 21:00:00,0.0,0.8157186666666667,21.264866666666666,76.12899999999999,0.9169326666666666,0.7292919278001591,-0.6842026629921338,120.0
2022-03-01 23:00:00,0.0,0.9260126666666667,19.898933333333332,84.71513333333334,1.4618133333333332,-0.45944551418563606,0.8882059555613757,120.0
2022-03-02 01:00:00,0.0,0.8745413333333333,19.33966666666667,86.80666666666666,0.827486,0.4106021520855323,-0.9118146043482356,120.0
2022-03-02 03:00:00,0.0,0.698286,18.465600000000002,91.7842,1.2337573333333334,0.2514500172573489,-0.9678702851215544,120.0
2022-03-02 05:00:00,0.0,0.8379466666666667,18.186933333333336,94.3892,0.5717233333333334,0.9999997270458811,0.0007388559827862425,120.0
2022-03-02 06:15:00,0.0,1.0584766666666667,18.353,94.34386666666666,0.420896,0.981802824522032,0.18990316943263483,75.0
2022-03-02 06:30:00,0.0,2.9622933333333332,18.277800000000003,94.188,0.561294,0.9983803707710404,-0.05689143396927085,15.0
2022-03-02 06:45:00,41.666668,9.834893333333333,18.271133333333335,94.05760000000001,0.5016733333333333,0.9186244003635501,-0.39513189071082083,15.0
2022-03-02 07:00:00,412.66666,26.799666666666667,18.4158,93.6776,0.86474,0.5104428661010247,-0.8599116701420974,15.0
2022-03-02 07:15:00,918.3333,46.81486666666667,18.937933333333334,92.20813333333334,1.0823473333333333,0.463759986700058,-0.885960876526702,15.0
2022-03-02 07:30:00,1450.3334,85.57393333333333,19.722066666666667,88.49526666666667,1.03018,0.8051768001884183,-0.5930348391438228,15.0
2022-03-02 07:45:00,2230.3333,128.78333333333333,20.616266666666665,83.69319999999999,0.8084066666666666,0.9484904027773309,-0.3168058645910721,15.0
2022-03-02 08:00:00,3353.0,172.49466666666666,21.22713333333333,81.07453333333333,0.7052546666666667,0.9999892124578458,0.004644886213600127,15.0
2022-03-02 08:15:00,4440.6665,217.15733333333336,22.497666666666664,75.5494,0.77925,0.9625528619834242,0.27109405727075486,15.0
2022-03-02 08:30:00,5661.0,263.5866666666667,24.02926666666667,67.6304,1.1174846666666667,0.8277196640324173,0.5611418339190746,15.0
2022-03-02 08:45:00,6925.0,307.844,25.187,62.73266666666667,1.7163466666666667,0.32880741905770844,0.9443969934156973,15.0
2022-03-02 09:00:00,8544.333,354.1433333333333,25.799666666666667,61.3176,1.64054,0.2215799269713228,0.9751422131993791,15.0
2022-03-02 09:15:00,9745.333,396.84133333333335,26.449066666666667,59.7592,1.245894,0.7957287267805657,0.6056531956294624,15.0
2022-03-02 09:30:00,10824.333,439.22266666666667,25.941266666666664,62.15553333333333,0.9800506666666667,0.9800760101306791,0.19862279417611892,15.0
2022-03-02 09:45:00,11852.667,475.40066666666667,25.0086,67.7032,1.3985606666666668,0.9221798222355911,-0.3867613934476056,15.0
2022-03-02 10:00:00,12894.333,510.2633333333333,23.5594,72.07393333333333,1.421928,0.9101821346701862,-0.4142082588834066,15.0
2022-03-02 10:15:00,13793.0,544.6766666666666,24.002266666666667,70.3024,1.1582853333333332,0.9590955514996081,-0.2830825375993061,15.0
2022-03-02 10:30:00,14606.333,572.832,24.6418,68.35346666666666,1.4585673333333333,0.9655253523639798,-0.2603090354605704,15.0
2022-03-02 10:45:00,15310.333,599.8506666666667,25.3538,65.47526666666667,1.4196733333333333,0.9946660350600641,-0.10314784873128117,15.0
2022-03-02 11:00:00,15974.667,622.1446666666667,25.09146666666667,65.67893333333333,1.3363900000000002,0.9835346927997564,-0.18071941804711789,15.0
2022-03-02 11:15:00,16482.666,643.0066666666667,25.293133333333333,65.11133333333333,1.320302,0.9781589693342925,-0.20785819856545176,15.0
2022-03-02 11:30:00,16917.666,658.7846666666667,25.513666666666666,64.31126666666667,1.3371253333333333,0.9432249768467746,-0.3321545469392244,15.0
2022-03-02 11:45:00,17325.334,673.4186666666667,25.491333333333333,64.18260000000001,1.3159713333333334,0.975971556492419,-0.21789795987517913,15.0
2022-03-02 12:00:00,17617.334,687.2686666666667,26.0628,62.88386666666667,1.3779186666666665,0.9965320840412208,-0.08320940737958105,15.0
2022-03-02 12:15:00,17905.334,690.5626666666667,24.609066666666667,69.13446666666667,1.7723533333333334,0.7400929411713028,-0.6725046010462757,15.0
2022-03-02 12:30:00,17999.666,690.75,24.682599999999997,69.94160000000001,2.26676,0.8076606885736607,-0.5896475321178918,15.0
2022-03-02 12:45:00,18201.666,697.586,23.43433333333333,74.76119999999999,3.062073333333333,0.6930580056773072,-0.7208818216369404,15.0
2022-03-02 13:00:00,18043.334,653.6146666666666,23.3598,75.56193333333334,3.522673333333333,0.5302645823490048,-0.8478322196674503,15.0
2022-03-02 13:15:00,18100.0,716.6026666666666,23.52426666666667,74.21466666666667,3.1276733333333335,0.5197775821806285,-0.8543016241717324,15.0
2022-03-02 13:30:00,15212.667,571.2026666666667,23.78826666666667,73.1256,2.537806666666667,0.680243407161031,-0.7329862938786452,15.0
2022-03-02 13:45:00,13863.0,469.41,24.099866666666667,73.53320000000001,3.0527666666666664,0.7812372843820876,-0.624234175202945,15.0
2022-03-02 14:00:00,11324.667,402.84866666666665,23.429466666666666,75.88539999999999,3.051893333333333,0.7385730173461424,-0.6741734925434362,15.0
2022-03-02 14:15:00,11671.667,433.934,23.724466666666668,73.85066666666667,2.608706666666667,0.7766990947530589,-0.6298718252230201,15.0
2022-03-02 14:30:00,8805.667,221.84133333333332,22.03666666666667,79.97393333333333,4.115513333333333,0.7317106948567602,-0.6816153306904394,15.0
2022-03-02 14:45:00,3507.6667,101.42453333333333,20.368933333333334,87.25240000000001,3.863993333333333,0.7625027384120646,-0.6469849873946865,15.0
2022-03-02 15:00:00,1493.6666,60.267266666666664,19.15246666666667,91.8724,2.889533333333333,0.9079248149922315,-0.4191330699447637,15.0
2022-03-02 15:15:00,1247.3334,44.912866666666666,18.53033333333333,92.31373333333333,2.4171666666666667,0.9723169282962658,-0.23366598158164628,15.0
2022-03-02 15:30:00,1004.3333,34.038666666666664,18.2148,91.6304,2.1028666666666664,0.9992799685043163,-0.03794133031421626,15.0
2022-03-02 15:45:00,696.0,24.768733333333333,17.635066666666667,92.357,3.292133333333333,0.9675217809988361,-0.2527876644396245,15.0
2022-03-02 16:00:00,591.6667,15.739740000000001,17.358066666666666,94.85133333333333,2.92386,0.8995069486700361,-0.4369064537109988,15.0
2022-03-02 16:15:00,381.66666,17.952533333333335,17.290266666666664,95.32546666666667,2.2248666666666663,0.9734666608292214,-0.22882888859146622,15.0
2022-03-02 16:30:00,311.66666,17.116066666666665,17.28513333333333,95.55913333333334,1.9496466666666667,0.9633478886456545,-0.26825518716692065,15.0
2022-03-02 16:45:00,360.33334,18.762133333333335,17.412066666666664,95.65793333333333,1.6895200000000001,0.999645188380896,0.026636391402046596,15.0
2022-03-02 17:00:00,304.0,14.941133333333333,17.6374,94.6114,1.608014,0.9943785501061672,0.10588342216209679,15.0
2022-03-02 17:15:00,94.0,10.678893333333333,17.659133333333333,93.96426666666666,1.6148666666666667,0.9021033337596865,0.43152007510619894,15.0
2022-03-02 17:30:00,28.666666,7.144073333333334,17.577266666666667,93.29966666666668,1.7197866666666668,0.9998024594747493,-0.01987566422140835,15.0
2022-03-02 17:45:00,0.0,5.115506666666667,17.447400000000002,93.37053333333333,1.6530200000000002,0.9983787816732195,0.056919313986535984,15.0
2022-03-02 18:00:00,0.0,2.9399733333333335,17.350866666666665,93.16566666666668,1.9610999999999998,0.997006600899733,0.07731647794849657,15.0
2022-03-02 18:15:00,0.0,1.683166666666667,17.2404,92.79986666666667,1.8762866666666667,0.9906954980429435,0.13609713500821385,15.0
2022-03-02 20:15:00,0.0,0.9040966666666667,16.6874,88.6772,2.03368,0.9801036250047453,0.19848648380319892,120.0
2022-03-02 22:15:00,0.0,0.8820673333333333,16.5362,85.51093333333333,3.0437466666666664,0.6224524402862561,0.7826576260292138,120.0
2022-03-03 00:15:00,0.0,0.9261946666666667,16.632266666666666,84.703,2.268866,0.8175833056864619,0.5758103318479075,120.0
2022-03-03 02:15:00,0.0,0.7865920000000001,16.090666666666667,86.8968,2.6375866666666665,0.9830957157300545,-0.1830923638855864,120.0
2022-03-03 04:15:00,0.0,0.7424660000000001,15.767266666666668,88.35086666666666,3.1671533333333333,0.9980928691227862,-0.06173025681337191,120.0
2022-03-03 06:15:00,0.0,0.933614,15.3628,91.11393333333334,3.334033333333333,0.9992310448894769,-0.03920865885342524,120.0
2022-03-03 06:30:00,0.0,1.4922806666666666,15.263733333333333,91.2856,3.2678466666666663,0.9966351936461146,-0.08196518032659686,15.0
2022-03-03 06:45:00,0.0,3.7122933333333337,15.269666666666666,91.8348,2.8678066666666666,0.991646116961244,-0.1289882890641107,15.0
2022-03-03 07:00:00,19.666666,7.6745399999999995,15.283800000000001,91.53746666666666,2.65812,0.999901710030425,0.014020352286293803,15.0
2022-03-03 07:15:00,170.33333,14.511266666666668,15.379333333333333,91.4122,3.0420466666666663,0.9944494129505184,-0.10521580243656052,15.0
2022-03-03 07:30:00,486.33334,25.766000000000002,15.407666666666668,91.57019999999999,3.09616,0.9533204027460416,-0.3019606095306557,15.0
2022-03-03 07:45:00,704.6667,34.07986666666667,15.449266666666666,91.50680000000001,2.81998,0.9886571627524796,-0.1501899282182964,15.0
2022-03-03 08:00:00,755.3333,37.13093333333333,15.546133333333334,91.278,3.0702133333333332,0.9852834603216287,-0.1709283558004276,15.0
2022-03-03 08:15:00,1431.0,67.95306666666667,15.638399999999999,91.38233333333332,2.600373333333333,0.9839201786554452,-0.17860874008467983,15.0
2022-03-03 08:30:00,2459.6667,95.33539999999999,15.957466666666667,89.99153333333334,2.5809866666666665,0.971752958968031,-0.2360003956286432,15.0
2022-03-03 08:45:00,3079.0,115.11899999999999,16.168266666666668,87.836,3.87958,0.962525319781409,-0.27119183022299237,15.0
2022-03-03 09:00:00,3841.3333,150.54066666666668,16.557133333333333,85.51086666666667,3.5343999999999998,0.9608027056200207,-0.27723304433859935,15.0
2022-03-03 09:15:00,4169.3335,148.02066666666667,16.8078,84.21793333333333,3.443173333333333,0.9488098814540945,-0.3158477621498483,15.0
2022-03-03 09:30:00,4408.3335,162.54,17.022133333333333,83.09933333333333,2.706913333333333,0.9938039237681197,-0.11114747456910351,15.0
2022-03-03 09:45:00,4975.3335,192.34466666666668,17.531,81.325,2.34518,0.9785780298458188,-0.20587627231683583,15.0
2022-03-03 10:00:00,6427.0,248.26533333333333,17.737666666666666,79.8696,2.9774133333333332,0.9925899041271976,-0.12151247765048913,15.0
2022-03-03 10:15:00,8423.333,314.4993333333333,18.322466666666667,76.662,2.6489333333333334,0.9964907169240009,-0.08370335169090103,15.0
2022-03-03 10:30:00,9460.667,351.57466666666664,19.153466666666667,73.5582,2.40732,0.9955850390979931,-0.09386389041717574,15.0
2022-03-03 10:45:00,11198.333,387.08933333333334,19.323733333333333,72.13433333333333,2.63368,0.9997232519998693,-0.02352486792323702,15.0
2022-03-03 11:00:00,11220.667,414.92533333333336,19.9678,69.28773333333334,2.55214,0.9910008078496964,0.13385588833237475,15.0
2022-03-03 11:15:00,12237.0,449.454,20.442666666666664,67.21566666666666,2.419464666666667,0.9899594523649667,0.1413516277700939,15.0
2022-03-03 11:30:00,14907.0,499.0573333333333,20.5512,68.09366666666666,2.4708200000000002,0.9450295992942924,-0.3269847954533499,15.0
2022-03-03 11:45:00,16758.0,595.3860000000001,20.3046,70.1268,2.721706666666667,0.9089438133628245,-0.4169186301299655,15.0
2022-03-03 12:00:00,17857.334,677.5980000000001,20.911133333333332,67.41213333333333,2.1585866666666664,0.9747138954133749,-0.22345653288298464,15.0
2022-03-03 12:15:00,17995.0,654.5686666666667,21.141666666666666,65.90653333333333,2.5008866666666667,0.9390666582995629,-0.3437350887967242,15.0
2022-03-03 12:30:00,17988.0,673.466,21.1358,66.07633333333334,2.13398,0.9700720925635649,-0.242817081831873,15.0
2022-03-03 12:45:00,18170.0,676.7886666666667,21.183533333333333,65.58826666666667,1.9825866666666667,0.9628034388564319,-0.27020277224008793,15.0
2022-03-03 13:00:00,17950.666,674.0526666666667,21.2122,65.35193333333333,1.8557933333333334,0.9051567282771867,-0.425077989614305,15.0
2022-03-03 13:15:00,17691.666,662.4626666666667,21.360533333333333,64.3424,2.2075400000000003,0.9672884178217815,-0.25367916104369803,15.0
2022-03-03 13:30:00,17499.666,647.3273333333333,20.7154,66.2168,2.7945599999999997,0.906533856999404,-0.42213311421136346,15.0
2022-03-03 13:45:00,17042.666,629.8,20.602800000000002,65.82186666666666,3.10758,0.9567459086781964,-0.2909248463564642,15.0
2022-03-03 14:00:00,16592.0,606.3486666666666,20.715333333333334,66.10653333333333,2.955033333333333,0.9331226573653494,-0.35955820990686427,15.0
2022-03-03 14:15:00,16046.0,583.81,20.5908,65.98733333333332,3.144066666666667,0.9590619478331274,-0.2831963633568194,15.0
2022-03-03 14:30:00,15274.0,555.5766666666666,20.651200000000003,64.87966666666667,2.8154266666666667,0.9662017305751162,-0.25778715218887593,15.0
2022-03-03 14:45:00,14593.333,526.7666666666667,20.587933333333336,65.7578,2.2227466666666666,0.9894859434875324,-0.14462906914098533,15.0
2022-03-03 15:00:00,13755.333,495.53066666666666,21.710533333333334,61.556466666666665,1.8885733333333334,0.9939567412273903,0.10977247637102257,15.0
2022-03-03 15:15:00,12790.667,459.7566666666667,22.403866666666666,58.56086666666667,2.003426666666667,0.9194142571595348,0.39329050806214566,15.0
2022-03-03 15:30:00,11787.667,422.24733333333336,22.463,58.867399999999996,1.7613733333333335,0.9885636533265046,0.1508041886744341,15.0
2022-03-03 15:45:00,10573.667,379.1446666666667,22.138199999999998,59.729400000000005,1.379478,0.9999534454447119,0.009649193917093677,15.0
2022-03-03 16:00:00,9218.667,339.45866666666666,22.262933333333333,58.9752,1.2166253333333332,0.9508450540113998,0.3096670522707543,15.0
2022-03-03 16:15:00,8132.0,295.576,22.461333333333336,57.8814,1.629992,0.7103737566051804,0.703824641460246,15.0
2022-03-03 16:30:00,6624.0,252.57266666666666,22.203666666666667,58.13686666666667,2.2129,0.7965939305132866,0.604514772250764,15.0
2022-03-03 16:45:00,5309.6665,195.79686666666666,21.067533333333333,62.142266666666664,1.821986,0.6407656167961902,0.7677365591997023,15.0
2022-03-03 17:00:00,4110.0,85.75013333333332,20.080066666666667,65.77666666666667,1.5241093333333333,0.6398653537397363,0.7684870389821302,15.0
2022-03-03 17:15:00,2863.0,55.6504,19.546333333333333,68.23479999999999,1.7354466666666668,0.6294778985386955,0.7770183879750259,15.0
2022-03-03 17:30:00,1403.0,59.577933333333334,19.027266666666666,70.77773333333333,2.27964,0.9809556073503953,0.1942320684331426,15.0
2022-03-03 17:45:00,718.3333,41.41146666666667,18.474466666666668,75.1476,1.5043013333333335,0.9971539022045968,-0.0753929394449205,15.0
2022-03-03 18:00:00,323.66666,17.21673333333333,18.067999999999998,76.88153333333334,1.3827586666666667,0.8617738096160775,0.5072927173336836,15.0
2022-03-03 18:15:00,36.0,5.775993333333333,18.0872,75.90806666666667,1.8298493333333332,0.9495699447385956,0.31355529025857715,15.0
2022-03-03 18:30:00,0.0,0.970102,18.078466666666667,74.76713333333333,2.64582,-0.9752789885999164,0.22097713545868106,15.0
2022-03-03 18:45:00,0.0,0.15433,17.957066666666666,75.34013333333333,2.4682466666666665,-0.9849523597289682,-0.1728260659285434,15.0
2022-03-03 19:00:00,0.0,0.161682,17.7968,77.16393333333333,2.1751266666666664,0.512987330516077,-0.8583961781892957,15.0
2022-03-03 21:00:00,0.0,0.36752866666666667,17.406466666666667,80.51126666666667,2.7291066666666666,-0.18740417339728677,0.982282889901519,120.0
2022-03-03 23:00:00,0.0,0.705628,17.691466666666667,88.01693333333333,1.8288933333333333,-0.21708707032058913,0.976152244221988,120.0
2022-03-04 01:00:00,0.0,0.86,17.732266666666664,89.72026666666667,1.7592999999999999,-0.4338477962049912,0.9009861762136379,120.0
2022-03-04 03:00:00,0.0,0.9040673333333333,17.948,91.8786,1.2942746666666667,0.7643659830871473,0.6447826330626615,120.0
2022-03-04 05:00:00,0.0,0.8526546666666667,17.637666666666668,91.0238,1.3841539999999999,0.5576572214069487,0.8300713363396434,120.0
2022-03-04 06:15:00,0.0,0.8379453333333333,17.857466666666667,81.80706666666667,1.1106626666666666,0.9849727838199479,0.17270962663957742,75.0
2022-03-04 06:30:00,0.0,2.1169273333333334,17.749533333333332,81.39193333333333,1.1155806666666668,0.9944544312088696,-0.10516836144508337,15.0
2022-03-04 06:45:00,25.0,6.622753333333334,17.6786,80.26966666666667,1.2392953333333334,0.9990567796015216,-0.04342293325233495,15.0
2022-03-04 07:00:00,342.0,19.662399999999998,17.671066666666665,79.73766666666667,1.1983020000000002,0.9967492295798744,-0.0805665770150791,15.0
2022-03-04 07:15:00,880.0,37.2958,17.729266666666664,79.0878,1.1693813333333334,0.9457384514776124,-0.32492888667634323,15.0
2022-03-04 07:30:00,1306.6666,53.276066666666665,17.905266666666666,78.74206666666667,2.1098114285714287,0.8751359675632865,-0.483877090051875,15.0
2022-03-04 07:45:00,2032.0,81.14886666666666,17.961266666666667,77.9776,2.4267133333333333,0.9383981690207475,-0.3455558947240066,15.0
2022-03-04 08:00:00,3014.6667,120.39866666666667,18.260733333333334,78.2718,2.07974,0.8038568606172174,-0.5948227867513411,15.0
2022-03-04 08:15:00,4378.6665,169.30133333333333,18.81726666666667,78.07953333333333,2.117,0.714781965984205,-0.6993473679822888,15.0
2022-03-04 08:30:00,6163.6665,237.8093333333333,19.410466666666665,76.35573333333333,3.1866600000000003,0.783592263571946,-0.6212754336606221,15.0
2022-03-04 08:45:00,7840.3335,323.7213333333333,19.934266666666666,74.4836,3.1070333333333333,0.7828978035469373,-0.6221503268514622,15.0
2022-03-04 09:00:00,9819.0,391.8346666666667,20.449866666666665,72.32199999999999,2.5949866666666663,0.8582500849378132,-0.5132317134630676,15.0
2022-03-04 09:15:00,11807.667,451.95466666666664,21.054466666666666,70.003,2.048093333333333,0.8257637459760616,-0.5640161662856681,15.0
2022-03-04 09:30:00,12252.667,474.9533333333333,21.532333333333334,68.07106666666667,1.9260133333333334,0.7855833870483702,-0.6187558015837998,15.0
2022-03-04 09:45:00,12919.333,505.05266666666665,22.033333333333335,67.21933333333332,3.0936933333333334,0.7278286142553694,-0.6857590745087583,15.0
2022-03-04 10:00:00,13869.0,539.2766666666666,22.4212,66.03893333333333,3.0124333333333335,0.7403902167800063,-0.6721773031696736,15.0
2022-03-04 10:15:00,14513.667,564.508,22.263333333333332,65.80246666666667,3.3481266666666665,0.6955199709417285,-0.7185067640747839,15.0
2022-03-04 10:30:00,15241.667,584.7446666666667,22.844133333333332,64.4516,3.459213333333333,0.6403063449744786,-0.76811964210364,15.0
2022-03-04 10:45:00,15892.0,609.3266666666666,23.145533333333333,63.205666666666666,3.96114,0.5961968509859112,-0.8028382868763069,15.0
2022-03-04 11:00:00,16631.334,633.2086666666667,23.259400000000003,63.2132,4.0447,0.5555315340649136,-0.8314954688147637,15.0
2022-03-04 11:15:00,16995.334,648.8346666666667,23.41946666666667,62.62226666666666,3.5971466666666667,0.5569819205700541,-0.8305246174305094,15.0
2022-03-04 11:30:00,17312.0,662.8673333333334,23.03513333333333,62.97326666666666,3.28338,0.6709099403355073,-0.74153884049253,15.0
2022-03-04 11:45:00,17591.0,673.0300000000001,22.654600000000002,63.979866666666666,2.8230733333333333,0.8422580068425437,-0.5390746236928851,15.0
2022-03-04 12:00:00,17817.334,681.7546666666666,23.0576,63.102999999999994,2.4876533333333333,0.714391265270208,-0.699746468448131,15.0
2022-03-04 12:15:00,17991.334,685.8173333333333,22.9804,63.30873333333333,2.711,0.7756316284865595,-0.6311858497235879,15.0
2022-03-04 12:30:00,14711.667,587.7566666666667,22.843866666666667,64.037,2.6195333333333335,0.7352143716538725,-0.6778346610447132,15.0
2022-03-04 12:45:00,18081.666,687.0433333333333,23.244933333333332,63.63066666666667,2.4658866666666666,0.6866308548791055,-0.7270062373377472,15.0
2022-03-04 13:00:00,17527.334,664.8986666666666,22.89126666666667,65.28153333333333,2.454686666666667,0.7108567620982702,-0.7033368067854571,15.0
2022-03-04 13:15:00,17488.666,658.4993333333333,23.384999999999998,63.7418,2.9750333333333336,0.6914878401019091,-0.7223880999789494,15.0
2022-03-04 13:30:00,17188.0,644.4826666666667,23.367066666666666,63.88533333333333,3.0292600000000003,0.6543625573411423,-0.7561809595261971,15.0
2022-03-04 13:45:00,16875.334,629.2353333333334,22.860599999999998,64.66973333333334,2.89458,0.7509952898293185,-0.6603075606519874,15.0
2022-03-04 14:00:00,16309.667,606.2386666666666,22.304133333333333,66.08646666666667,2.81488,0.8063000959908486,-0.5915066822996577,15.0
2022-03-04 14:15:00,15567.333,575.6973333333333,22.386000000000003,65.18446666666667,2.8758133333333333,0.7773729076292977,-0.6290400324971149,15.0
2022-03-04 14:30:00,14748.667,542.4293333333334,22.747200000000003,62.70933333333333,2.852733333333333,0.7405466194922714,-0.672004988343516,15.0
2022-03-04 14:45:00,13890.667,507.366,22.73913333333333,62.730199999999996,2.606193333333333,0.7261508176513621,-0.6875354463765909,15.0
2022-03-04 15:00:00,12961.0,469.528,22.1268,65.06746666666666,2.052773333333333,0.8210163758226683,-0.5709046423274303,15.0
2022-03-04 15:15:00,12159.0,439.81666666666666,21.88113333333333,65.904,2.40388,0.7530813086596652,-0.6579274599433027,15.0
2022-03-04 15:30:00,11093.333,404.928,21.731333333333335,66.74473333333334,2.03788,0.7797825114417484,-0.6260505050310234,15.0
2022-03-04 15:45:00,10123.667,363.6446666666667,21.860133333333334,66.54286666666667,1.5567066666666667,0.672160073324959,-0.7404058588556588,15.0
2022-03-04 16:00:00,8799.0,323.1993333333333,22.285533333333333,66.4202,1.3465173333333333,0.9014123007433387,-0.43296173510900576,15.0
2022-03-04 16:15:00,7675.0,282.388,22.248266666666666,68.41106666666666,1.373342,0.8944458021629534,-0.4471763712374244,15.0
2022-03-04 16:30:00,6166.6665,237.85866666666666,21.86593333333333,71.49826666666667,0.8796693333333334,-0.2543060063106377,-0.9671238054945881,15.0
2022-03-04 16:45:00,4957.3335,194.084,21.597266666666666,72.34753333333333,0.5686553333333334,0.33912434352493764,-0.9407415583616895,15.0
2022-03-04 17:00:00,3774.0,105.5224,20.82446666666667,76.61746666666666,0.5089306666666666,0.7181497795622653,0.6958885644373457,15.0
2022-03-04 17:15:00,2663.6667,71.61253333333335,20.465,77.8498,0.9489126666666666,0.12202178611237798,-0.9925274221470887,15.0
2022-03-04 17:30:00,1554.3334,55.846999999999994,20.575133333333333,78.10833333333333,0.5416053333333333,-0.3260191833288844,-0.9453631535561174,15.0
2022-03-04 17:45:00,793.3333,30.505333333333333,20.805533333333333,75.9404,0.7559293333333333,-0.7911879544274532,-0.6115730706701386,15.0
2022-03-04 18:00:00,348.0,18.839,20.428600000000003,78.30833333333334,0.8945433333333334,-0.9991897188045378,-0.040248053807715733,15.0
2022-03-04 18:15:00,40.333332,6.929166666666666,20.2856,79.2008,0.9569946666666667,-0.2672047388670908,0.9636397810006444,15.0
2022-03-04 18:30:00,0.0,1.9399486666666665,19.970599999999997,80.5334,0.492202,-0.6917903726486841,-0.7220983868633102,15.0
2022-03-04 18:45:00,0.0,0.867116,19.726133333333333,81.32020000000001,0.40979733333333335,0.7386351415790641,-0.6741054276776564,15.0
2022-03-04 19:00:00,0.0,0.7789586666666667,19.521,81.45906666666666,0.5777573333333333,0.7821197187174657,-0.6231281935471323,15.0
2022-03-04 21:00:00,0.0,0.72029,18.487133333333336,90.0574,0.6772426666666667,-0.9679802008346,-0.2510265539583562,120.0
2022-03-04 23:00:00,0.0,0.7056313333333333,18.865666666666666,87.6622,0.8820366666666667,-0.9950376992793394,0.0994986281959656,120.0
2022-03-05 01:00:00,0.0,0.6835826666666667,18.831666666666667,84.56439999999999,0.7070566666666667,-0.23445716479880457,-0.9721264515866782,120.0
2022-03-05 03:00:00,0.0,0.6982806666666667,18.868933333333334,88.09073333333332,0.923462,-0.896125257345689,-0.44380122030828467,120.0
2022-03-05 05:00:00,0.0,0.7571053333333333,18.146733333333334,92.27513333333333,1.4187473333333334,-0.9164651815334283,-0.40011444742335955,120.0
2022-03-05 06:15:00,0.0,0.9482060000000001,18.1348,92.14693333333334,1.348542,-0.9904036213433474,-0.13820516209600667,75.0
2022-03-05 06:30:00,0.0,2.9107866666666666,17.965,92.1878,1.193082,-0.8321446514561897,-0.5545586344588429,15.0
2022-03-05 06:45:00,71.333336,10.3715,17.581,93.48913333333333,0.9353853333333333,-0.7647714858328724,-0.6443016176116437,15.0
2022-03-05 07:00:00,440.33334,26.3664,17.6748,94.38766666666668,0.80557,-0.6197333743077763,-0.7848124264874363,15.0
2022-03-05 07:15:00,960.0,50.93953333333333,17.850066666666667,93.24893333333333,1.83994,-0.9846233365643772,-0.174690827157104,15.0
2022-03-05 07:30:00,1572.6666,66.46406666666667,18.21306666666667,91.97626666666666,1.1595473333333333,-0.5399344986903778,-0.8417070375872893,15.0
2022-03-05 07:45:00,2407.6667,125.59066666666668,19.061866666666667,89.02753333333334,0.7332879999999999,-0.983617417445268,0.18026862205692193,15.0
2022-03-05 08:00:00,3470.3333,169.71466666666666,19.932133333333336,83.34660000000001,1.0987386666666665,-0.9784633745919981,-0.20642050426747657,15.0
2022-03-05 08:15:00,4500.0,210.464,20.288666666666664,82.62593333333332,0.8922953333333333,-0.8369464830838675,-0.5472847380053142,15.0
2022-03-05 08:30:00,5664.3335,255.80200000000002,21.216666666666665,78.998,0.7089273333333334,-0.7904401866808205,-0.6125392324414737,15.0
2022-03-05 08:45:00,6901.0,297.03200000000004,22.2688,76.38726666666666,0.7513573333333333,0.7702691747599665,-0.6377189023500873,15.0
2022-03-05 09:00:00,8267.0,338.62533333333334,22.841866666666665,74.2504,0.8449173333333333,0.11550349421308459,-0.9933070737816015,15.0
2022-03-05 09:15:00,8965.333,377.07533333333333,23.667399999999997,70.9248,1.0269733333333333,0.7823197901344898,-0.6228769910374984,15.0
2022-03-05 09:30:00,9525.333,354.4073333333333,22.704666666666665,74.86439999999999,0.9415253333333333,0.8042601744469094,-0.5942773525876842,15.0
2022-03-05 09:45:00,11387.667,452.878,22.14966666666667,76.22366666666667,1.44106,0.7261348177783915,-0.6875523444872704,15.0
2022-03-05 10:00:00,12248.333,487.142,22.362466666666666,75.16966666666667,1.1907273333333335,0.7247974419510979,-0.6889620222778211,15.0
2022-03-05 10:15:00,13321.667,522.4273333333333,22.747733333333333,73.76033333333334,1.6157733333333333,0.7725636810559858,-0.6349372872286089,15.0
2022-03-05 10:30:00,14054.333,550.1800000000001,22.320733333333333,75.2782,1.5762926666666668,0.6651260978133796,-0.7467310586868251,15.0
2022-03-05 10:45:00,14794.0,576.7626666666667,22.37046666666667,75.3586,1.2851753333333336,0.6021309226180154,-0.79839736474213,15.0
2022-03-05 11:00:00,15349.333,595.9166666666666,22.400266666666667,74.86466666666666,1.75612,0.7067611392028059,-0.7074522542990106,15.0
2022-03-05 11:15:00,15873.667,612.06,22.483866666666664,74.44453333333333,2.01074,0.67254765677014,-0.7400538151871079,15.0
2022-03-05 11:30:00,16263.0,627.534,23.036533333333335,71.28233333333334,1.4950800000000002,0.8094332980192842,-0.5872118323549217,15.0
2022-03-05 11:45:00,16516.666,638.8893333333333,23.042333333333332,71.69666666666667,1.7515066666666668,0.7270461826712763,-0.6865885582087172,15.0
2022-03-05 12:00:00,16775.334,646.5753333333334,23.182466666666667,71.29313333333333,2.2530799999999997,0.6118860230602733,-0.7909459493438744,15.0
2022-03-05 12:15:00,16852.334,643.0566666666667,23.66593333333333,68.91000000000001,1.6539466666666667,0.7377016770961025,-0.6751268292769869,15.0
2022-03-05 12:30:00,17006.0,655.8266666666666,24.097466666666666,66.58533333333334,1.6394266666666666,0.8372863698804597,-0.5467646064005992,15.0
2022-03-05 12:45:00,16943.0,647.7126666666667,23.8508,67.438,1.8950266666666666,0.7080030163987714,-0.706209408582356,15.0
2022-03-05 13:00:00,16969.0,640.5026666666668,24.3942,65.01333333333334,2.08928,0.7346383581036278,-0.6784589028104842,15.0
2022-03-05 13:15:00,16512.666,626.7506666666667,24.5758,63.15546666666667,1.9586133333333333,0.8175873255810011,-0.5758046240256378,15.0
2022-03-05 13:30:00,15849.333,593.8393333333333,24.527533333333334,62.520266666666664,2.0706466666666667,0.756599566628662,-0.6538785023055284,15.0
2022-03-05 13:45:00,5255.0,591.2613333333334,24.440266666666666,62.82033333333333,1.7454399999999999,0.7161639036809071,-0.6979321335663836,15.0
2022-03-05 14:00:00,0.0,582.4920000000001,24.9378,62.15886666666667,1.8329066666666667,0.735080278876576,-0.6779800761134026,15.0
2022-03-05 14:15:00,6882.6665,463.03,24.76653333333333,62.13206666666667,2.24494,0.861552379383595,-0.5076686887906975,15.0
2022-03-05 14:30:00,11184.0,351.9286666666667,23.607000000000003,66.2406,1.8324653333333332,0.6708495407368124,-0.7415934827742271,15.0
2022-03-05 14:45:00,8415.667,369.1406666666666,23.1748,66.69133333333333,1.785824,0.6684991426203117,-0.7437129125649952,15.0
2022-03-05 15:00:00,8397.333,284.694,23.137666666666668,67.25426666666667,1.536448,0.8278841638275889,-0.5608991097189351,15.0
2022-03-05 15:15:00,9382.333,280.184,23.142,66.78206666666667,1.2115699999999998,0.883144713004693,-0.46910064580200533,15.0
2022-03-05 15:30:00,10961.667,394.8306666666667,23.40426666666667,65.82366666666667,1.303422,0.7549461725180087,-0.6557867615318329,15.0
2022-03-05 15:45:00,10681.0,366.6773333333333,23.6524,64.4234,0.9893986666666666,0.9271140985695155,-0.3747791993075851,15.0
2022-03-05 16:00:00,4882.0,162.88866666666667,23.746866666666666,64.56766666666667,0.72169,0.9908200235922119,0.13518757653249316,15.0
2022-03-05 16:15:00,3806.3333,136.74066666666667,23.808266666666665,64.8898,0.8735073333333333,0.9865721616069694,0.16332596224162232,15.0
2022-03-05 16:30:00,3879.0,127.95933333333332,23.261533333333333,65.74646666666666,1.181324,0.9991577521405254,-0.0410339656564218,15.0
2022-03-05 16:45:00,3556.6667,144.132,22.241066666666665,71.36713333333334,1.0552773333333334,0.749726207061698,-0.6617481503146645,15.0
2022-03-05 17:00:00,3798.3333,117.8804,21.502066666666668,72.73946666666666,1.4690193333333332,0.8389556253011242,-0.5441998334946453,15.0
2022-03-05 17:15:00,2371.0,82.7738,21.170133333333336,73.89333333333335,1.3501513333333333,0.752368921862863,-0.6587419869834571,15.0
2022-03-05 17:30:00,1611.0,55.1594,20.940800000000003,75.9856,1.6381933333333334,0.8687237381589401,-0.4952969480616221,15.0
2022-03-05 17:45:00,858.0,39.88113333333333,20.585533333333334,77.73086666666667,1.471278,0.767329325996811,-0.6412532303741477,15.0
2022-03-05 18:00:00,371.0,18.3244,19.8156,82.9568,2.293924666666667,0.6892908539766048,-0.724484726287727,15.0
2022-03-05 18:15:00,37.333332,4.291106666666667,18.430133333333334,90.66526666666667,3.4431599999999998,0.6749894807978706,-0.737827351629242,15.0
2022-03-05 18:30:00,0.0,1.6827146666666666,17.9796,92.10226666666668,2.254626666666667,0.7347330816757912,-0.6783563213320821,15.0
2022-03-05 18:45:00,0.0,0.7716046666666667,17.846,93.78013333333334,1.8083726666666666,0.9758184342015982,-0.21858266965233375,15.0
2022-03-05 19:00:00,0.0,2.359072,17.90826666666667,96.11046666666667,1.7594013333333332,0.9975926981671326,0.06934557349694533,15.0
2022-03-05 21:00:00,0.0,3.9911133333333333,17.66753333333333,97.66226666666667,4.161553333333334,0.98353216938479,-0.18073315076445906,120.0
2022-03-05 23:00:00,0.0,1.9919133333333332,17.2606,96.4438,3.30964,0.996371190279947,-0.08511434180043706,120.0
2022-03-06 01:00:00,0.0,0.7056439999999999,17.189733333333333,90.34873333333333,3.3443666666666667,0.9902792390827436,0.13909359669554283,120.0
2022-03-06 03:00:00,0.0,0.610118,16.581466666666667,87.19646666666668,3.4316866666666663,0.99942442041602,0.033923854086801125,120.0
2022-03-06 05:00:00,0.0,0.6395153333333333,16.591933333333333,86.28353333333332,2.9997866666666666,0.9997040711370575,0.024326326315188173,120.0
2022-03-06 06:45:00,0.0,2.2199933333333335,16.8066,80.71913333333333,2.9717533333333335,0.999527172943285,-0.030747854364240185,105.0
2022-03-06 07:00:00,0.0,6.049713333333333,16.840999999999998,79.61326666666668,3.2288666666666668,0.9999355314071571,-0.011354868096393161,15.0
2022-03-06 07:15:00,148.0,12.849113333333332,16.850933333333334,78.85306666666666,2.9562666666666666,0.9994216540472259,-0.03400525579240589,15.0
2022-03-06 07:30:00,456.66666,22.404666666666667,16.918666666666667,78.17339999999999,2.8391,0.9996724742705925,0.02559187733855484,15.0
2022-03-06 07:45:00,907.6667,37.590799999999994,17.06246666666667,77.04666666666667,3.09278,0.9999945785594468,0.0032928485714220526,15.0
2022-03-06 08:00:00,1351.6666,50.90946666666667,17.223333333333336,76.00186666666667,2.81988,0.9969935422479684,0.07748468697651421,15.0
2022-03-06 08:15:00,1783.6666,63.1776,17.576533333333334,74.10233333333333,2.5621933333333335,0.9888726554017836,0.14876448298779282,15.0
2022-03-06 08:30:00,1977.0,78.41506666666666,17.7702,72.4658,2.5042066666666667,0.9962506724311283,0.08651356934333897,15.0
2022-03-06 08:45:00,3821.3333,134.55,18.13693333333333,71.08426666666668,2.309406666666667,0.9988649068932492,0.04763294844055373,15.0
2022-03-06 09:00:00,4259.6665,148.66066666666666,18.58986666666667,69.93873333333333,2.555026666666667,0.9953426249250623,0.09640051352190371,15.0
2022-03-06 09:15:00,3821.3333,122.764,18.7876,69.68939999999999,2.6255200000000003,0.9506620289020525,0.31022847516601854,15.0
2022-03-06 09:30:00,2925.3333,98.02333333333333,18.72173333333333,70.05433333333333,2.60704,0.8865316499875531,0.4626679517433066,15.0
2022-03-06 09:45:00,3236.0,103.11053333333332,18.571866666666665,70.1904,2.327577333333333,0.4437651429063567,0.8961431235808824,15.0
2022-03-06 10:00:00,4071.3333,146.34133333333332,18.613999999999997,70.4014,2.3102533333333333,0.9398220491271236,0.341664332312424,15.0
2022-03-06 10:15:00,6242.0,246.63466666666667,18.9766,67.96473333333333,2.6031666666666666,0.9995637520408799,0.029534820228985233,15.0
2022-03-06 10:30:00,7369.6665,297.32866666666666,19.692066666666665,66.41846666666666,2.5034733333333334,0.9977150404721472,-0.06756254891329762,15.0
2022-03-06 10:45:00,8008.6665,316.76,19.6964,67.63573333333333,2.9454599999999997,0.9919242801621633,-0.12683147253254734,15.0
2022-03-06 11:00:00,8782.333,341.22533333333337,19.971,66.13066666666667,2.7371600000000003,0.9941968664648643,-0.1075759764605689,15.0
2022-03-06 11:15:00,10852.333,379.1566666666667,19.7534,67.616,3.5303,0.9805829545982435,-0.19610474025729,15.0
2022-03-06 11:30:00,9975.0,321.80933333333337,19.36306666666667,70.22173333333333,4.64698,0.9620806916215074,-0.2727649955714295,15.0
2022-03-06 11:45:00,7936.3335,240.14399999999998,18.725199999999997,73.56073333333333,3.76034,0.984284701601361,-0.17658886203132926,15.0
2022-03-06 12:00:00,6439.6665,218.70333333333335,18.858333333333334,73.2382,2.945526666666667,0.9911750214817605,-0.13255971028420235,15.0
2022-03-06 12:15:00,6427.6665,200.89600000000002,18.690066666666667,73.2636,3.29316,0.9986630634672949,-0.051692220557038926,15.0
2022-03-06 12:30:00,5181.6665,173.34066666666666,18.618066666666667,72.13953333333332,3.4738333333333333,0.9970225927177072,-0.0771099838572217,15.0
2022-03-06 12:45:00,4547.0,160.46066666666667,18.212666666666667,74.83553333333333,3.939706666666667,0.98277853248603,-0.18478732663417485,15.0
2022-03-06 13:00:00,3838.3333,129.33533333333332,17.92973333333333,75.7454,3.38894,0.9931831330842283,-0.11656442063080846,15.0
2022-03-06 13:15:00,3852.3333,132.958,17.888866666666665,75.41986666666666,3.4649333333333336,0.9966330951615903,-0.08199069232924291,15.0
2022-03-06 13:30:00,3990.3333,135.65866666666665,17.7892,75.94513333333333,3.2908199999999996,0.996468280787874,-0.08397002669797558,15.0
2022-03-06 13:45:00,4721.0,156.58066666666667,17.400133333333333,77.09259999999999,4.777033333333334,0.9573662312347235,-0.28887696220263376,15.0
2022-03-06 14:00:00,5142.0,173.8273333333333,17.409266666666667,77.54593333333334,3.9235933333333337,0.9661969312241333,-0.2578051397724013,15.0
2022-03-06 14:15:00,5039.0,161.34733333333332,17.479666666666667,78.2364,4.1987733333333335,0.951969200546231,-0.3061937968205264,15.0
2022-03-06 14:30:00,3821.6667,123.42066666666666,17.329533333333334,79.48893333333334,3.3693933333333335,0.9713500895029982,-0.2376531161641217,15.0
2022-03-06 14:45:00,4111.3335,131.812,17.211333333333336,80.0436,3.47978,0.9719068019309571,-0.23536603059987074,15.0
2022-03-06 15:00:00,3566.0,108.73133333333334,17.346133333333334,79.88346666666666,3.0720400000000003,0.9714713559162867,-0.2371569198530193,15.0
2022-03-06 15:15:00,3457.3333,111.23706666666666,17.145066666666665,79.9068,3.2470333333333334,0.9474241972608959,-0.319980296963027,15.0
2022-03-06 15:30:00,5028.0,163.75799999999998,17.232333333333333,80.08486666666666,2.92152,0.9571943028569717,-0.28944613761139715,15.0
2022-03-06 15:45:00,4729.3335,154.79446666666666,17.513866666666665,78.74793333333334,2.888746666666667,0.9777258831723603,-0.20988591514160274,15.0
2022-03-06 16:00:00,3329.0,111.49706666666665,17.221866666666664,81.80266666666667,3.46598,0.9394085530272973,-0.342799606912201,15.0
2022-03-06 16:15:00,2924.6667,95.9546,16.996666666666666,83.16713333333334,2.80796,0.9576440972345321,-0.28795448083309627,15.0
2022-03-06 16:30:00,2393.3333,75.33226666666665,17.1548,82.0776,2.1184866666666666,0.9965397284959602,-0.08311780512740866,15.0
2022-03-06 16:45:00,3232.3333,109.36166666666666,17.269533333333335,81.97033333333334,2.06602,0.9997445327638015,0.022602415996710756,15.0
2022-03-06 17:00:00,3355.0,113.93513333333334,17.5758,80.83673333333333,2.4210399999999996,0.9971987268044838,-0.07479772228829161,15.0
2022-03-06 17:15:00,2750.3333,98.91473333333333,17.127866666666666,83.73433333333334,2.3141733333333336,0.9951832439327678,-0.09803219366847336,15.0
2022-03-06 17:30:00,1613.6666,57.931666666666665,17.146733333333334,83.43166666666666,2.2743713333333333,0.9811946449999074,0.193020902037851,15.0
2022-03-06 17:45:00,1076.3334,33.367733333333334,17.268733333333333,82.3602,1.7722673333333332,0.9917483116520206,0.12820018071503134,15.0
2022-03-06 18:00:00,145.33333,9.415133333333333,17.084799999999998,83.85266666666666,1.7457466666666666,0.9974441926291545,0.07144986067428012,15.0
2022-03-06 18:15:00,2.3333333,3.56462,16.850666666666665,85.25,2.15842,0.9989688272405968,0.04540134581206542,15.0
2022-03-06 18:30:00,0.0,1.1466186666666667,16.564466666666668,87.35966666666667,1.96498,0.8982416451428004,0.4395019305203966,15.0
2022-03-06 18:45:00,0.0,0.661534,16.603133333333336,87.18153333333333,2.1937466666666667,0.8380908770924007,0.5455306423423807,15.0
2022-03-06 19:00:00,0.0,0.6615373333333333,16.5346,87.3186,2.201486666666667,0.5820472807798153,0.8131549439908872,15.0
2022-03-06 21:00:00,0.0,0.6689146666666665,16.345666666666666,87.53246666666668,2.6519,0.4306560196397037,0.9025161454223892,120.0
2022-03-06 23:00:00,0.0,0.7130993333333334,15.891733333333333,88.1892,2.2401,0.9814540525474789,0.19169752929584313,120.0
2022-03-07 01:00:00,0.0,0.7351186666666667,15.486933333333333,88.35366666666667,2.10746,0.9992667972539612,0.038286654408696615,120.0
2022-03-07 03:00:00,0.0,0.7571713333333333,15.468666666666667,88.79666666666667,1.5448653333333333,0.9422201035066546,0.33499444256272237,120.0
2022-03-07 05:00:00,0.0,1.168874,15.5236,97.219,2.1267666666666667,-0.9622536900196567,-0.27215406674079756,120.0
2022-03-07 06:30:00,0.0,2.925753333333333,15.866733333333334,97.97253333333333,2.019146666666667,-0.5997178572799652,0.8002115293217958,90.0
2022-03-07 06:45:00,0.0,5.123653333333333,15.916666666666666,98.08213333333333,1.7812646666666665,-0.5883720193207763,-0.8085903578947699,15.0
2022-03-07 07:00:00,28.333334,9.173953333333333,15.946266666666668,98.1096,0.9081480000000001,0.9977819928766901,0.0665664682180205,15.0
2022-03-07 07:15:00,122.333336,13.055399999999999,16.098466666666667,98.32660000000001,1.1154613333333332,0.5414233728810934,-0.8407501003854002,15.0
2022-03-07 07:30:00,286.33334,18.370066666666666,16.294,98.34266666666666,0.8465786666666667,-0.8282299033313639,-0.560388461005149,15.0
2022-03-07 07:45:00,970.3333,39.92366666666667,16.5174,98.24193333333332,1.9724426666666666,-0.7540679979972956,-0.6567963568689694,15.0
2022-03-07 08:00:00,1801.6666,67.5778,16.706200000000003,98.13419999999999,1.6844700000000001,-0.9572511338497608,-0.289258131680593,15.0
2022-03-07 08:15:00,2443.6667,91.7118,17.10193333333333,98.15193333333333,1.646178,-0.24125968648325563,-0.97046059357297,15.0
2022-03-07 08:30:00,1693.3334,65.3144,17.24566666666667,96.89173333333333,3.1622399999999997,-0.6432670209647554,0.7656419135203669,15.0
2022-03-07 08:45:00,3141.6667,68.113,17.379066666666667,96.13386666666666,2.4557700000000002,-0.9594449503142117,0.2818960576463597,15.0
2022-03-07 09:00:00,4689.6665,106.5518,18.045333333333335,95.0436,2.4706740000000003,-0.8196498725785136,-0.5728648063740924,15.0
2022-03-07 09:15:00,4883.0,178.93266666666668,18.817400000000003,88.15346666666666,2.5502666666666665,-0.38455311660000935,0.9231028656185721,15.0
2022-03-07 09:30:00,3668.0,133.83466666666666,19.5446,84.74026666666667,2.1810986666666663,0.35683254442756285,-0.9341683655730113,15.0
2022-03-07 09:45:00,5219.0,179.16866666666667,19.512600000000003,84.96233333333333,2.8200266666666662,-0.6199235330455122,0.7846622287177902,15.0
2022-03-07 10:00:00,7576.3335,284.446,19.922533333333334,82.96213333333334,3.08126,-0.6289166488043547,0.7774727319055634,15.0
2022-03-07 10:15:00,10085.333,333.924,20.526933333333332,77.07379999999999,4.769453333333333,-0.6303927743950933,0.7762763361010414,15.0
2022-03-07 10:30:00,9785.667,310.436,20.947200000000002,75.7774,3.448246666666667,-0.8976062356003593,0.44079819170608237,15.0
2022-03-07 10:45:00,9522.667,293.6,21.287266666666667,74.20326666666666,2.2753799999999997,-0.8554265182421447,-0.5179241951175111,15.0
2022-03-07 11:00:00,10314.0,351.4653333333334,21.314666666666664,72.9552,2.436406666666666,-0.6349998229195324,-0.7725122813859742,15.0
2022-03-07 11:15:00,11694.333,395.218,21.572266666666668,72.9994,2.1265646666666664,0.5295559934181747,-0.8482749847984968,15.0
2022-03-07 11:30:00,12241.667,435.49733333333336,22.281466666666667,69.537,2.5688233333333335,-0.9874068864558884,0.15820126604894252,15.0
2022-03-07 11:45:00,15963.667,503.4133333333333,22.359466666666666,68.71260000000001,2.6196266666666665,-0.9742935535440933,-0.22528220418493536,15.0
2022-03-07 12:00:00,20276.666,711.3639999999999,23.063933333333335,64.77453333333334,2.7055333333333333,-0.497308939441081,-0.8675735235425222,15.0
2022-03-07 12:15:00,20103.334,669.2666666666667,23.767333333333333,62.132666666666665,2.6636266666666666,0.7860580379998752,-0.6181527003061515,15.0
2022-03-07 12:30:00,14449.333,519.61,23.774933333333333,61.87766666666666,2.3290333333333333,0.9570475704475876,0.28993093643205764,15.0
2022-03-07 12:45:00,9599.667,395.394,23.682933333333335,62.004533333333335,2.488406666666667,0.4595119963167747,0.8881715629544623,15.0
2022-03-07 13:00:00,7332.0,250.20600000000002,22.707533333333334,64.93933333333334,3.3730866666666666,-0.8255723322723518,0.5642963088541245,15.0
2022-03-07 13:15:00,11546.333,385.24,22.01833333333333,66.7294,2.7430133333333333,0.1785544742495078,-0.9839300278604581,15.0
2022-03-07 13:30:00,13007.667,401.42133333333334,22.5346,62.2202,3.032652,-0.4133251383170428,-0.9105835107419843,15.0
2022-03-07 13:45:00,12683.0,464.88199999999995,22.722933333333334,60.822599999999994,3.4760333333333335,-0.6659505884866045,0.7459958536710142,15.0
2022-03-07 14:00:00,10432.333,540.8926666666667,23.318266666666666,57.81073333333333,4.65764,-0.20542990903888375,0.9786718308361981,15.0
2022-03-07 14:15:00,12341.667,436.51466666666664,23.19606666666667,57.523199999999996,3.9997093333333336,-0.9851049847863161,0.17195397334505486,15.0
2022-03-07 14:30:00,14699.333,501.9533333333333,23.74813333333333,54.70366666666667,2.8580306666666666,0.9476412278104621,0.3193369746112715,15.0
2022-03-07 14:45:00,11511.667,423.59133333333335,23.4828,54.696266666666666,3.188486666666667,-0.5876592946783272,-0.8091084929588682,15.0
2022-03-07 15:00:00,13733.333,386.6193333333333,23.442533333333333,54.4824,2.5789666666666666,0.7652661981979418,-0.6437139472589267,15.0
2022-03-07 15:15:00,13206.333,380.6553333333333,23.462666666666667,53.4596,2.333753333333333,0.7692717023415601,0.6389217854921824,15.0
2022-03-07 15:30:00,6967.3335,272.7282,22.975399999999997,53.416466666666665,3.9127066666666668,-0.9757589606237596,0.21884800835840507,15.0
2022-03-07 15:45:00,7204.0,300.4733333333333,22.946266666666666,53.51606666666667,2.8142226666666668,0.8724144610881038,0.4887668238376592,15.0
2022-03-07 16:00:00,6619.6665,297.53,22.755733333333335,53.049200000000006,2.9210533333333335,0.36353404810755185,0.9315809121415789,15.0
2022-03-07 16:15:00,5791.0,277.6902,22.660266666666665,51.58326666666667,3.72318,0.26332284898607644,0.964707767773151,15.0
2022-03-07 16:30:00,6386.3335,201.55933333333334,22.121066666666664,50.5632,4.38844,0.28160489670793387,0.9595304487873816,15.0
2022-03-07 16:45:00,4104.0,219.72673333333333,21.40986666666667,52.426,4.4385,0.331568422082139,0.9434311747435319,15.0
2022-03-07 17:00:00,5444.3335,166.64733333333334,21.034933333333335,51.314866666666674,4.872753333333334,0.6860516116529349,0.7275528751564456,15.0
2022-03-07 17:15:00,3031.6667,72.91893333333334,20.824866666666665,48.47946666666667,4.368546666666666,0.7356730667457195,-0.6773367986939348,15.0
2022-03-07 17:30:00,1671.3334,95.24213333333334,20.633666666666667,47.339600000000004,3.78878,0.48717462864013694,-0.8733045752824983,15.0
2022-03-07 17:45:00,686.0,73.95393333333332,20.371399999999998,45.43046666666667,3.664146666666667,0.983728378094849,0.179662122137299,15.0
2022-03-07 18:00:00,384.33334,28.422666666666665,19.966666666666665,46.239866666666664,2.7881066666666663,0.36807024348462974,0.9297979865869604,15.0
2022-03-07 18:15:00,81.666664,9.126786666666668,19.611066666666666,46.52740000000001,3.6607933333333333,0.3368709005465664,0.9415508464044549,15.0
2022-03-07 18:30:00,0.0,2.667686666666667,19.342466666666667,46.57053333333333,3.52346,0.34019376965033576,0.9403553578786555,15.0
2022-03-07 18:45:00,0.0,1.08035,19.116,46.79266666666667,3.7634933333333334,0.34074177314918025,0.9401569252157602,15.0
2022-03-07 19:00:00,0.0,0.8966333333333334,18.883066666666664,47.12753333333333,3.5594866666666665,0.9809186749127848,0.19441850016741288,15.0
2022-03-07 21:00:00,0.0,0.7865046666666667,17.67553333333333,47.91406666666667,4.707660000000001,-0.09691123778452397,0.9952930282037906,120.0
2022-03-07 23:00:00,0.0,0.793926,16.431266666666666,50.462066666666665,5.755573333333333,-0.9709686761410481,0.2392066678688128,120.0
2022-03-08 01:00:00,0.0,0.6616839999999999,14.975333333333333,55.67133333333334,6.290933333333333,-0.5202580911528691,0.8540090857771789,120.0
2022-03-08 03:00:00,0.0,0.6690933333333333,13.891533333333333,58.13106666666667,6.135466666666667,-0.4900046417874662,0.8717198236972341,120.0
2022-03-08 05:00:00,0.0,0.720666,13.014199999999999,62.138733333333334,5.8279266666666665,-0.9819311202250067,0.18923867240514897,120.0
2022-03-08 06:15:00,0.0,1.1030733333333334,12.518533333333332,63.767399999999995,5.05032,-0.12797631084829308,0.9917772249157878,75.0
2022-03-08 06:30:00,0.0,4.6918066666666665,12.435866666666668,63.96873333333333,5.167993333333333,-0.12569108254391254,0.9920694289055274,15.0
2022-03-08 06:45:00,178.33333,19.73834,12.4838,64.10166666666666,5.065013333333334,-0.522339295092705,0.8527377444455335,15.0
2022-03-08 07:00:00,616.0,55.044,12.981666666666666,62.638000000000005,4.738853333333334,-0.8240533574945672,0.5665121922800347,15.0
2022-03-08 07:15:00,1001.6667,101.99266666666668,13.777933333333333,59.595333333333336,4.81168,-0.9772049791611932,0.212297971498957,15.0
2022-03-08 07:30:00,1379.3334,127.53580000000001,14.646199999999999,56.876999999999995,4.155126666666667,-0.970937598017803,0.23933278245033476,15.0
2022-03-08 07:45:00,2825.0,131.6394,15.2878,55.1558,3.862486666666667,-0.8141969904208061,0.5805887191374819,15.0
2022-03-08 08:00:00,4936.3335,259.3693333333333,16.095533333333332,52.54326666666667,2.9406000000000003,-0.8491160264625166,-0.5282063740665259,15.0
2022-03-08 08:15:00,6461.0,302.1433333333333,16.684933333333333,49.967333333333336,2.6893266666666666,0.551706233930721,-0.8340385071697712,15.0
2022-03-08 08:30:00,6883.3335,347.586,17.07,49.02693333333333,3.2256333333333336,-0.25107630212583587,-0.9679672982651925,15.0
2022-03-08 08:45:00,9743.0,397.902,17.584333333333333,47.80713333333333,3.2682266666666666,-0.5923683559970727,-0.8056672581241746,15.0
2022-03-08 09:00:00,11619.0,447.03266666666667,18.503866666666667,45.065000000000005,3.0849666666666664,0.7704266820262907,-0.6375286092576244,15.0
2022-03-08 09:15:00,12992.667,493.5586666666667,19.357933333333335,43.2776,3.13258,0.7579871950954558,-0.6522694321147692,15.0
2022-03-08 09:30:00,14177.0,535.1293333333333,20.365266666666667,42.3624,2.5361553333333333,0.5134733589887689,0.8581055352395711,15.0
2022-03-08 09:45:00,15310.333,575.7046666666666,21.305400000000002,39.562599999999996,2.94676,0.3393596724499379,0.9406566922712403,15.0
2022-03-08 10:00:00,16314.0,611.5126666666667,21.804266666666667,37.87493333333334,2.300546666666667,0.48589489282147025,0.8740172499041492,15.0
2022-03-08 10:15:00,17280.666,645.5026666666668,22.360799999999998,35.2856,2.175364666666667,0.9222855418293099,0.3865092228299557,15.0
2022-03-08 10:30:00,18054.0,675.2406666666667,22.4088,35.467333333333336,1.9279533333333334,0.9242654688539635,0.3817503674970896,15.0
2022-03-08 10:45:00,18774.666,701.3693333333334,20.712866666666667,42.80820000000001,3.85762,0.785691368342737,-0.6186186819937769,15.0
2022-03-08 11:00:00,19604.0,726.222,20.19633333333333,42.791533333333334,4.76956,0.7696596252749673,-0.6384544315936705,15.0
2022-03-08 11:15:00,20311.666,743.9846666666667,19.986133333333335,44.428133333333335,4.4584600000000005,0.791330252519087,-0.6113889363147473,15.0
2022-03-08 11:30:00,20722.334,759.59,19.636666666666667,46.840199999999996,3.83656,0.8104235425814801,-0.5858444175970988,15.0
2022-03-08 11:45:00,21042.334,771.0806666666666,19.814733333333333,47.422133333333335,3.60014,0.8292132072725363,-0.5589324260452185,15.0
2022-03-08 12:00:00,21270.666,779.0706666666666,19.825933333333335,47.05986666666667,3.2492666666666663,0.7800082779901907,-0.6257691956838218,15.0
2022-03-08 12:15:00,21369.666,784.0553333333334,19.707333333333334,43.282333333333334,3.5534866666666667,0.8229579345434406,-0.5681023129437109,15.0
2022-03-08 12:30:00,21357.334,786.3199999999999,20.176,37.446466666666666,3.1522799999999997,0.9782437785079263,-0.2074586942273934,15.0
2022-03-08 12:45:00,21391.334,780.1106666666667,20.927799999999998,32.44286666666667,2.737493333333333,0.9999616586081727,-0.008756786716159646,15.0
2022-03-08 13:00:00,21354.666,775.068,20.6052,36.6338,2.8732266666666666,0.9804744201800275,-0.19664666631458294,15.0
2022-03-08 13:15:00,21026.334,764.384,19.72233333333333,35.37113333333333,4.223933333333333,0.8879797167870845,-0.45988261825679944,15.0
2022-03-08 13:30:00,20835.334,750.2946666666667,18.876733333333334,39.29766666666667,4.8358333333333325,0.8709509378130481,-0.49136998679464744,15.0
2022-03-08 13:45:00,20431.0,734.2313333333333,18.8068,39.5144,4.751353333333332,0.8027134020925293,-0.5963649839662264,15.0
2022-03-08 14:00:00,19970.0,715.276,18.736866666666668,35.00013333333333,4.823613333333333,0.8247201919360554,-0.5655409843795195,15.0
2022-03-08 14:15:00,19332.666,687.1673333333333,18.487266666666663,35.66233333333333,4.231086666666667,0.8960870414475034,-0.44387837765525406,15.0
2022-03-08 14:30:00,18623.0,656.654,18.819733333333332,38.97453333333333,4.6756866666666665,0.7450958611258782,-0.6669573882438712,15.0
2022-03-08 14:45:00,17821.334,624.3546666666666,18.699133333333336,41.71953333333333,4.32278,0.765176161492117,-0.6438209703669101,15.0
2022-03-08 15:00:00,16900.334,590.4046666666667,18.490533333333335,42.56586666666667,4.006293333333334,0.7681866906154772,-0.6402259041629299,15.0
2022-03-08 15:15:00,15869.333,552.4913333333333,18.120133333333335,44.004266666666666,3.7735600000000002,0.8059764982781071,-0.5919475350260025,15.0
2022-03-08 15:30:00,14754.333,511.1213333333333,18.1132,44.99933333333333,3.7832333333333334,0.7995658773320898,-0.6005783943884141,15.0
2022-03-08 15:45:00,13510.667,468.894,18.083466666666666,45.71666666666667,3.472453333333333,0.696397273259211,-0.7176564901100915,15.0
2022-03-08 16:00:00,11867.0,423.056,17.770666666666667,46.99293333333333,3.1896733333333334,0.7624500397978184,-0.647047090104194,15.0
2022-03-08 16:15:00,10401.0,374.456,17.416800000000002,48.66433333333334,3.3627933333333333,0.7314806555245692,-0.6818621932570734,15.0
2022-03-08 16:30:00,8450.0,326.90066666666667,16.803066666666666,50.27206666666667,3.3306066666666667,0.6997880288630015,-0.7143505544619076,15.0
2022-03-08 16:45:00,6653.0,273.872,15.874466666666667,54.99626666666666,3.0764733333333334,0.7503726311657896,-0.6610150636689983,15.0
2022-03-08 17:00:00,5163.0,177.04053333333334,15.185133333333333,59.40873333333333,3.1380066666666666,0.6863008792288181,-0.7273177456722414,15.0
2022-03-08 17:15:00,3216.6667,48.97206666666667,15.233,60.55873333333333,3.4033,0.7096527196462958,-0.7045516428897287,15.0
2022-03-08 17:30:00,1651.3334,115.10159999999999,15.126133333333334,60.01846666666667,3.3934133333333336,0.6946332603398792,-0.7193640480518815,15.0
2022-03-08 17:45:00,580.6667,79.80680000000001,14.720533333333332,61.403733333333335,2.9903,0.6579887952533248,-0.7530277188265238,15.0
2022-03-08 18:00:00,339.0,29.81093333333333,14.308933333333334,62.324933333333334,3.0018000000000002,0.8136828583819199,-0.5813090451519126,15.0
2022-03-08 18:15:00,76.333336,8.69558,14.308333333333334,61.62033333333333,2.0056533333333335,0.9393283553802415,-0.34301930088356636,15.0
2022-03-08 18:30:00,0.0,2.29356,14.207466666666667,61.699799999999996,1.3151726666666665,0.9987268224599487,-0.05044535755700474,15.0
2022-03-08 18:45:00,0.0,0.48518866666666666,14.0968,60.894933333333334,1.3387893333333334,0.9946346645028913,0.10344991140267307,15.0
2022-03-08 19:00:00,0.0,0.5440253333333334,14.081199999999999,62.258066666666664,1.0477586666666667,0.7795940279547985,0.626285199870804,15.0
2022-03-08 21:00:00,0.0,0.6617506666666666,13.899866666666666,66.15226666666666,1.9870666666666668,0.7408538339873032,0.6716662837051697,120.0
2022-03-08 23:00:00,0.0,0.6765173333333333,13.632200000000001,70.4492,3.2375933333333333,0.4375980381698011,0.8991707051444354,120.0
2022-03-09 01:00:00,0.0,0.69125,13.339333333333334,73.1764,3.2115066666666667,0.4933023366100552,0.8698579221315742,120.0
2022-03-09 03:00:00,0.0,0.7574353333333333,12.917333333333334,79.89413333333333,1.6497266666666666,0.9508337034824786,0.30970190235417333,120.0
2022-03-09 05:00:00,0.0,0.6103573333333333,12.590933333333334,78.66733333333333,1.7586873333333333,0.9018822931269208,0.4319818622860535,120.0
2022-03-09 06:15:00,0.0,1.1472026666666666,12.662666666666667,72.19913333333334,1.9051333333333333,0.8706300089836403,0.49193839803083717,75.0
2022-03-09 06:30:00,0.0,4.581306666666666,12.6336,72.57133333333333,2.3173266666666668,0.4858431284381852,0.8740460254182254,15.0
2022-03-09 06:45:00,181.0,19.28152,12.812466666666667,70.506,2.1294866666666667,0.7838502665458091,0.6209498849634035,15.0
2022-03-09 07:00:00,615.3333,55.10126666666667,13.492266666666666,68.32953333333333,2.031406666666667,0.8728539507022813,0.4879815372976926,15.0
2022-03-09 07:15:00,976.6667,104.166,15.035133333333333,62.132866666666665,1.365026,0.9672417647571163,0.2538569843623358,15.0
2022-03-09 07:30:00,1401.0,150.12666666666667,16.613,56.1644,1.3858913333333334,0.9945452224333519,-0.10430628233713718,15.0
2022-03-09 07:45:00,2852.3333,104.5326,16.960866666666668,53.989333333333335,1.4990020000000002,0.8863792521017644,-0.4629598486300048,15.0
2022-03-09 08:00:00,4691.3335,253.12533333333334,17.611533333333334,50.284933333333335,1.5903806666666667,0.9494426475223616,0.31394053428273433,15.0
2022-03-09 08:15:00,6237.6665,301.9273333333333,19.156066666666668,44.44473333333334,2.26354,0.9864587187613428,0.16400974416091862,15.0
2022-03-09 08:30:00,7809.3335,350.74666666666667,20.141399999999997,41.86613333333333,1.9548133333333333,0.3529370967711465,0.9356470518965762,15.0
2022-03-09 08:45:00,9666.333,397.1286666666667,20.87933333333333,38.888533333333335,1.9601933333333332,0.24205996866866264,0.9702612903584921,15.0
2022-03-09 09:00:00,11399.0,442.236,21.6044,38.349199999999996,2.017866666666667,0.8518297106924446,0.5238188083503934,15.0
2022-03-09 09:15:00,12680.333,485.44533333333334,22.19493333333333,38.572466666666664,1.8401933333333331,0.34046740294292427,0.9402563201240928,15.0
2022-03-09 09:30:00,13876.667,526.0326666666666,22.483733333333337,37.79046666666667,2.0949,0.4488579272973362,0.8936031340043181,15.0
2022-03-09 09:45:00,14972.667,555.982,22.421400000000002,39.44086666666667,2.03828,0.9463128449916727,0.32325222258132486,15.0
2022-03-09 10:00:00,15989.0,600.0553333333334,20.37026666666667,46.336133333333336,3.1978066666666667,0.7588016394900473,-0.6513217882945543,15.0
2022-03-09 10:15:00,17104.334,632.818,20.034933333333335,46.62886666666667,4.346893333333333,0.7815640255266598,-0.6238250347674119,15.0
2022-03-09 10:30:00,17938.0,662.2113333333333,20.103866666666665,46.22266666666667,3.656006666666667,0.8573829641410016,-0.5146789803370544,15.0
2022-03-09 10:45:00,18584.0,689.5086666666666,20.305600000000002,41.46086666666667,3.1282799999999997,0.9787747290734199,-0.20493908784625148,15.0
2022-03-09 11:00:00,19272.0,711.7433333333333,20.150733333333335,44.51453333333333,3.0892666666666666,0.9035652427835086,-0.4284505246041591,15.0
2022-03-09 11:15:00,19801.666,730.6206666666666,20.69973333333333,43.666799999999995,3.4894266666666667,0.8802080177655777,-0.4745880797714925,15.0
2022-03-09 11:30:00,20257.666,745.4213333333333,20.444266666666667,44.471199999999996,3.6585400000000003,0.8935647438978642,-0.44893434760858325,15.0
2022-03-09 11:45:00,20565.0,757.6740000000001,20.2668,44.74166666666667,3.3596666666666666,0.8912493878400092,-0.45351353747689716,15.0
2022-03-09 12:00:00,20801.0,764.0526666666667,20.908933333333334,45.83506666666666,2.97408,0.7794400267206664,-0.6264768509256243,15.0
2022-03-09 12:15:00,20816.334,770.7860000000001,21.274800000000003,40.37033333333333,1.4675246666666666,0.9241082372793359,-0.3821308228767717,15.0
2022-03-09 12:30:00,20729.0,771.2966666666667,21.893066666666666,39.32886666666666,1.6384206666666665,0.9507760302812635,-0.3098789122263761,15.0
2022-03-09 12:45:00,20614.334,765.0133333333334,21.169,44.010200000000005,2.71962,0.8466702493139628,-0.5321179276500952,15.0
2022-03-09 13:00:00,20598.0,752.8226666666667,21.099600000000002,47.668,3.535013333333333,0.715603337102502,-0.6985068818041544,15.0
2022-03-09 13:15:00,20432.666,740.548,21.189866666666667,47.3624,3.3437133333333335,0.6041912416021875,-0.7968393461490259,15.0
2022-03-09 13:30:00,20039.334,725.4159999999999,21.451199999999996,43.94446666666667,3.2832399999999997,0.5881052598540784,-0.8087843985463412,15.0
2022-03-09 13:45:00,19565.666,707.066,21.545866666666665,41.0028,3.0300999999999996,0.7110695056451691,-0.7031217235596797,15.0
2022-03-09 14:00:00,18978.666,685.9786666666666,21.656200000000002,40.68246666666666,2.63216,0.6291123909278186,-0.7773143505565066,15.0
2022-03-09 14:15:00,18392.0,661.5053333333333,21.924733333333332,38.91106666666666,2.533933333333333,0.6635171651772072,-0.7481610598762827,15.0
2022-03-09 14:30:00,17679.0,633.8826666666666,21.748,37.912400000000005,2.5872866666666665,0.6418601527757124,-0.7668217160975158,15.0
2022-03-09 14:45:00,16857.666,601.6446666666667,21.927666666666667,36.58573333333333,2.516993333333333,0.6598530520130962,-0.751394669763502,15.0
2022-03-09 15:00:00,15965.667,567.5766666666666,22.022266666666667,36.11966666666667,2.5722333333333336,0.6169992488534399,-0.7869637392626746,15.0
2022-03-09 15:15:00,15046.667,530.0713333333333,21.925933333333333,39.64326666666667,2.760066666666667,0.6875438954784727,-0.7261428177640311,15.0
2022-03-09 15:30:00,14072.0,491.17466666666667,21.994333333333334,37.181599999999996,3.0556133333333335,0.6555934877012166,-0.75511401714162,15.0
2022-03-09 15:45:00,12850.0,448.96066666666667,21.829600000000003,37.69766666666667,3.1292066666666667,0.633479911876025,-0.7737591364562642,15.0
2022-03-09 16:00:00,11336.0,404.086,21.064799999999998,38.766533333333335,3.18208,0.6898301676118325,-0.7239712286083136,15.0
2022-03-09 16:15:00,9930.0,357.0853333333333,20.1664,41.6462,3.354293333333333,0.7029148520802071,-0.711274005377014,15.0
2022-03-09 16:30:00,8023.6665,308.8546666666667,19.3598,42.56966666666666,2.7314933333333333,0.6866816078158826,-0.7269582996894625,15.0
2022-03-09 16:45:00,6285.6665,258.21466666666663,18.625600000000002,45.25886666666667,2.0167533333333334,0.7091032494067449,-0.7051046600901144,15.0
2022-03-09 17:00:00,4948.0,179.39746666666667,17.960466666666665,50.49186666666667,2.1887600000000003,0.6603949384518158,-0.7509184544724029,15.0
2022-03-09 17:15:00,3148.3333,71.0052,18.199133333333336,47.82253333333333,1.2768746666666668,0.9112381401518924,-0.4118798998889362,15.0
2022-03-09 17:30:00,1630.3334,116.20873333333334,18.8304,46.31553333333333,1.608946,0.7415661622483121,-0.6708797410924779,15.0
2022-03-09 17:45:00,592.0,72.5726,17.681733333333334,54.41993333333333,2.4305466666666664,0.6110942524829615,-0.7915578403264606,15.0
2022-03-09 18:00:00,325.66666,27.731933333333334,16.949333333333335,54.868399999999994,1.93452,0.43613179019545345,-0.8998828043589393,15.0
2022-03-09 18:15:00,58.0,7.9730533333333335,16.683733333333333,55.91193333333333,1.303634,0.9526080490118767,-0.3042004354990076,15.0
2022-03-09 18:30:00,0.0,2.292886,16.841666666666665,53.3048,1.5638106666666665,0.9832835209228211,0.18208107392483142,15.0
2022-03-09 18:45:00,0.0,0.6761606666666666,16.860933333333335,53.69906666666667,1.6528533333333333,0.8323607497550077,0.5542342305084389,15.0
2022-03-09 19:00:00,0.0,0.6615066666666666,17.041800000000002,54.11846666666667,1.8423,0.9916076512888088,0.12928366449591458,15.0
2022-03-09 21:00:00,0.0,0.7424586666666666,16.1414,68.3738,1.8028766666666667,0.8167324042576954,0.5770166200686461,120.0
2022-03-09 23:00:00,0.0,0.7277653333333334,15.691466666666665,82.181,2.5585400000000003,0.41722108182667883,0.9088050224769754,120.0
2022-03-10 01:00:00,0.0,0.8380386666666666,16.2128,75.3198,2.10496,0.5511215006569731,0.8344250065246164,120.0
2022-03-10 03:00:00,0.0,0.933578,16.658466666666666,63.10526666666667,1.3802713333333334,0.8565102199507432,0.5161300641504325,120.0
2022-03-10 05:00:00,0.0,0.5366160000000001,16.62026666666667,61.833933333333334,1.9427533333333333,0.5384302357777093,0.8426700903677312,120.0
2022-03-10 06:15:00,0.0,1.30115,16.811466666666668,60.95773333333333,2.62926,0.8350739132792231,-0.5501377639832814,75.0
2022-03-10 06:30:00,0.0,5.38096,16.759933333333333,60.98806666666667,1.9238333333333335,0.42237253909284433,0.9064223288402948,15.0
2022-03-10 06:45:00,224.66667,18.216153333333335,16.601733333333335,61.6648,1.7840393333333333,0.36570571403155283,0.9307305360439573,15.0
2022-03-10 07:00:00,706.3333,52.517399999999995,17.1406,60.39573333333333,1.8452933333333335,0.4827943752371424,0.8757337444905142,15.0
2022-03-10 07:15:00,1165.0,83.35346666666666,18.447666666666667,56.821733333333334,1.7038466666666667,0.6478593526695314,0.761759974768047,15.0
2022-03-10 07:30:00,1702.3334,138.72133333333335,19.856266666666667,53.308,2.0344266666666666,0.5144612851670685,0.8575136069265887,15.0
2022-03-10 07:45:00,3073.0,104.28033333333333,20.860599999999998,51.023066666666665,1.7974466666666666,0.5945692827736652,0.804044381848421,15.0
2022-03-10 08:00:00,4490.6665,223.174,21.79573333333333,49.240066666666664,2.0200666666666667,0.5468766376022733,0.8372132005916006,15.0
2022-03-10 08:15:00,5985.6665,283.57733333333334,22.432333333333336,47.7396,2.0923333333333334,0.6794269614095155,0.7337431458690654,15.0
2022-03-10 08:30:00,7346.0,330.69533333333334,22.988999999999997,46.532199999999996,1.7865726666666668,0.8261205873885888,0.5634933673901876,15.0
2022-03-10 08:45:00,9150.333,375.72266666666667,23.7452,44.5492,2.09424,0.4131207480379682,0.9106762583599891,15.0
2022-03-10 09:00:00,10715.0,419.79533333333336,24.6636,43.44086666666667,1.6971733333333332,0.9819646528204107,0.18906459375380227,15.0
2022-03-10 09:15:00,11983.0,464.0226666666667,25.154533333333333,42.1286,1.6286733333333332,0.5679328136552538,0.823074917108781,15.0
2022-03-10 09:30:00,13155.0,504.4766666666667,25.581,41.505,1.5258019999999999,0.5827680172493456,0.8126385654590031,15.0
2022-03-10 09:45:00,14166.667,540.7793333333334,25.656866666666666,41.5022,1.54188,0.9991993372334642,-0.04000855498772519,15.0
2022-03-10 10:00:00,15085.667,574.0506666666666,24.341,45.437133333333335,1.659384,0.9515214214373051,-0.30758248413381795,15.0
2022-03-10 10:15:00,16013.0,606.2860000000001,23.526799999999998,48.39253333333333,2.399653333333333,0.8614897587005795,-0.5077749458707246,15.0
2022-03-10 10:30:00,16903.334,634.99,23.700066666666665,48.5796,3.40708,0.8296811663651605,-0.5582375499542707,15.0
2022-03-10 10:45:00,17675.0,660.1466666666668,23.520733333333332,47.924533333333336,3.77678,0.8629490592273853,-0.5052909272672237,15.0
2022-03-10 11:00:00,18328.666,683.0466666666667,23.654999999999998,46.931733333333334,3.418433333333333,0.9385343986075655,-0.3451857219386911,15.0
2022-03-10 11:15:00,18894.334,700.75,24.020733333333332,45.65153333333333,2.956126666666667,0.9781352612835017,-0.20796973489874862,15.0
2022-03-10 11:30:00,19367.334,715.8373333333333,24.208000000000002,45.8048,2.76744,0.9379777130339788,-0.34669555787685974,15.0
2022-03-10 11:45:00,19697.334,727.9973333333334,24.090866666666667,46.428466666666665,2.9276866666666668,0.9537767625615264,-0.3005160348428243,15.0
2022-03-10 12:00:00,19774.334,731.198,24.403066666666668,46.81913333333333,2.55048,0.9031055826848686,-0.4294185679770076,15.0
2022-03-10 12:15:00,19890.334,737.9046666666667,23.94793333333333,47.730866666666664,2.6866266666666667,0.9329313326602541,-0.36005434109417744,15.0
2022-03-10 12:30:00,19937.334,734.0020000000001,23.737866666666665,48.78253333333334,3.549593333333333,0.7956708665005848,-0.605729206991217,15.0
2022-03-10 12:45:00,19739.666,729.8266666666666,23.539133333333332,49.03426666666667,2.888646666666667,0.861262796693362,-0.5081598124920236,15.0
2022-03-10 13:00:00,19667.0,721.6906666666667,23.342466666666667,49.498799999999996,3.1606466666666666,0.8237635459195501,-0.5669335238050836,15.0
2022-03-10 13:15:00,19442.0,711.056,23.259666666666664,49.86246666666667,3.39288,0.8060866862676007,-0.5917974773705263,15.0
2022-03-10 13:30:00,19410.0,680.902,22.8798,50.803133333333335,3.7264133333333334,0.8051629994230383,-0.5930535762982097,15.0
2022-03-10 13:45:00,19354.0,612.6313333333333,22.505466666666667,51.689600000000006,3.95136,0.8250609051870356,-0.565043806029187,15.0
2022-03-10 14:00:00,18522.666,656.3006666666666,22.494000000000003,50.89673333333334,3.9855666666666667,0.8491929648745706,-0.5280826719440208,15.0
2022-03-10 14:15:00,17847.0,636.6533333333333,22.372200000000003,51.303599999999996,4.0459266666666664,0.8333588321585947,-0.5527323555422309,15.0
2022-03-10 14:30:00,17163.334,609.2226666666667,22.206799999999998,51.66780000000001,3.8468999999999998,0.8059489469158825,-0.5919850462344299,15.0
2022-03-10 14:45:00,16366.667,539.0,22.058133333333334,51.807066666666664,4.188113333333333,0.7895912903435237,-0.6136331104280874,15.0
2022-03-10 15:00:00,15387.333,535.14,21.847733333333334,52.5112,3.974013333333333,0.7654907003902243,-0.6434469578885924,15.0
2022-03-10 15:15:00,14491.333,507.67,21.37313333333333,54.0128,3.4186533333333333,0.7741496455960085,-0.6330026273433424,15.0
2022-03-10 15:30:00,13413.667,468.6053333333333,21.122133333333334,54.63153333333333,3.6255666666666664,0.820344888545519,-0.5718690967671185,15.0
2022-03-10 15:45:00,12253.0,426.61800000000005,20.822333333333333,55.763533333333335,3.2257466666666668,0.9149089496281899,-0.4036602703886552,15.0
2022-03-10 16:00:00,10778.0,382.17533333333336,20.689999999999998,56.69146666666666,2.8660066666666664,0.907450206095272,-0.42015964044354415,15.0
2022-03-10 16:15:00,9442.333,338.24466666666666,20.707866666666668,57.175533333333334,2.4896666666666665,0.8768151665149532,-0.4808275821636638,15.0
2022-03-10 16:30:00,7666.3335,291.344,20.513866666666665,58.73426666666667,2.5634466666666667,0.8661824406778939,-0.49972790542582957,15.0
2022-03-10 16:45:00,5995.3335,241.91333333333333,19.8078,60.711400000000005,2.67908,0.8317410158401137,-0.5551638339889007,15.0
2022-03-10 17:00:00,4659.3335,174.66693333333333,19.191133333333333,61.84673333333333,2.6579466666666667,0.8490368569594979,-0.5283336214214812,15.0
2022-03-10 17:15:00,3181.0,90.68653333333333,19.018733333333333,62.9624,2.4361266666666666,0.8425464174165058,-0.53862374112047,15.0
2022-03-10 17:30:00,1787.0,101.28553333333333,18.8664,63.2386,2.4115200000000003,0.9205589463494791,-0.3906036690763884,15.0
2022-03-10 17:45:00,763.3333,62.095866666666666,18.563266666666667,63.76893333333333,2.685013333333333,0.9197941047823607,-0.3924013313020431,15.0
2022-03-10 18:00:00,411.66666,25.672533333333334,18.145666666666667,62.76593333333334,2.9265,0.9339019584057169,-0.3575292045217657,15.0
2022-03-10 18:15:00,78.0,8.648813333333333,17.953,63.300466666666665,2.320226666666667,0.9635215422143905,-0.2676307861379226,15.0
2022-03-10 18:30:00,0.0,2.366293333333333,17.8456,64.43406666666667,1.510804,0.9655928628402972,0.2600584996339841,15.0
2022-03-10 18:45:00,0.0,0.7936913333333333,18.067333333333334,60.36106666666667,2.1531373333333335,0.42481677889644054,0.9052793515639539,15.0
2022-03-10 19:00:00,0.0,0.6614526666666667,18.256733333333333,58.775533333333335,1.8542266666666667,0.5302221622892742,0.8478587492131496,15.0
2022-03-10 21:00:00,0.0,0.661536,17.971600000000002,60.132,2.5139,-0.8335482374089692,-0.5524466815108954,120.0
2022-03-10 23:00:00,0.0,0.6615466666666666,17.674066666666665,67.96326666666667,2.2585933333333332,0.19020372056526239,-0.981744643317768,120.0
2022-03-11 01:00:00,0.0,0.6615633333333333,17.571266666666666,71.676,3.025106666666667,-0.7965029175518861,0.6046346850217356,120.0
2022-03-11 03:00:00,0.0,0.6615766666666667,17.529600000000002,69.3562,2.1733333333333333,-0.8763742059975271,0.48163082445188654,120.0
2022-03-11 05:00:00,0.0,0.661536,18.499866666666666,66.5742,1.9686933333333334,-0.9746010338579217,0.22394826367505058,120.0
2022-03-11 06:15:00,0.0,0.7864733333333334,18.558600000000002,72.4442,1.2597166666666666,-0.9299465202005672,0.3676948049223105,75.0
2022-03-11 06:30:00,0.0,2.9621866666666667,18.6094,74.96913333333333,1.138684,-0.6996093022761075,-0.7145255937814531,15.0
2022-03-11 06:45:00,54.333332,8.82774,18.61753333333333,76.23,0.8808406666666666,0.9252404008122216,0.37938133942622887,15.0
2022-03-11 07:00:00,352.0,16.427666666666667,18.625,76.69653333333333,1.1222953333333334,0.8618829290928449,-0.5071073027854539,15.0
2022-03-11 07:15:00,670.0,29.797466666666665,18.659333333333333,74.35566666666666,1.3527026666666666,0.29467005245907113,0.9555990582790296,15.0
2022-03-11 07:30:00,1141.6666,45.260666666666665,18.95606666666667,71.96726666666667,1.9845,0.6169242523604697,0.787022532618651,15.0
2022-03-11 07:45:00,2103.0,55.38146666666667,19.323266666666665,73.077,1.3436086666666667,0.9588191565492015,-0.28401729706881934,15.0
2022-03-11 08:00:00,3474.0,134.19266666666667,19.865133333333333,71.4002,1.6874533333333332,0.8017132653283854,-0.5977088255969607,15.0
2022-03-11 08:15:00,4882.6665,172.90453333333332,20.713866666666664,68.33653333333334,1.5552093333333334,0.7731794622936584,0.6341872902284381,15.0
2022-03-11 08:30:00,6745.0,291.66133333333335,21.972666666666665,65.55906666666667,1.0429126666666666,0.85020647029842,0.5264493877503342,15.0
2022-03-11 08:45:00,9397.667,351.998,23.561133333333334,59.38333333333333,1.5391086666666667,0.9639772753696837,0.2659846096503348,15.0
2022-03-11 09:00:00,9532.0,380.836,23.8062,58.958800000000004,1.1709606666666665,0.9963106278009608,-0.08582035266098252,15.0
2022-03-11 09:15:00,11410.333,445.93266666666665,23.293066666666668,60.30533333333334,1.5096106666666667,0.8566226816133118,-0.5159433896714045,15.0
2022-03-11 09:30:00,12523.667,486.16133333333335,23.358066666666666,58.61833333333333,1.4513866666666668,0.9428971708158811,-0.33308396128815215,15.0
2022-03-11 09:45:00,13524.333,520.194,23.586866666666666,58.626200000000004,1.72262,0.8632428795176733,-0.5047887983721864,15.0
2022-03-11 10:00:00,14528.0,553.462,23.8258,58.348333333333336,2.0304266666666666,0.7995728653248968,-0.6005690909763292,15.0
2022-03-11 10:15:00,15433.0,585.5226666666666,23.4636,57.70746666666666,2.047693333333333,0.8147366760735173,-0.5798311380571731,15.0
2022-03-11 10:30:00,16140.667,613.0686666666667,24.034466666666667,55.198,3.03604,0.8060453690453095,-0.5918537513952334,15.0
2022-03-11 10:45:00,16953.334,637.5213333333334,24.09606666666667,53.3872,3.2966399999999996,0.7461580890313655,-0.6657688083509627,15.0
2022-03-11 11:00:00,17593.0,657.9646666666666,24.409733333333335,49.42586666666667,4.2126,0.6975653925184816,-0.7165211254112029,15.0
2022-03-11 11:15:00,18132.0,677.37,24.562,49.18066666666667,3.7195666666666667,0.7172350053639793,-0.6968313620098714,15.0
2022-03-11 11:30:00,18648.666,694.5093333333333,24.597533333333335,48.696266666666666,3.6936400000000003,0.7290721649558835,-0.6844368329411715,15.0
2022-03-11 11:45:00,18980.666,700.9973333333332,24.371199999999998,49.42573333333333,3.5734666666666666,0.763330194971166,-0.6460085242822122,15.0
2022-03-11 12:00:00,19375.0,717.0413333333333,24.11146666666667,50.2232,3.24944,0.7780239006584516,-0.6282346774925814,15.0
2022-03-11 12:15:00,19395.334,714.2066666666667,24.383066666666664,49.9592,3.3051466666666665,0.7522156052710224,-0.6589170533434003,15.0
2022-03-11 12:30:00,19530.0,717.1766666666666,24.628066666666665,49.1414,2.9622200000000003,0.7559448808630388,-0.6546352702818311,15.0
2022-03-11 12:45:00,19219.666,710.0126666666667,23.797533333333334,51.65586666666666,2.2281,0.8692632187562025,-0.4943495286915994,15.0
2022-03-11 13:00:00,19075.334,644.444,23.483999999999998,52.79626666666666,2.555086666666667,0.8285166930728864,-0.5599643643122019,15.0
2022-03-11 13:15:00,18563.0,682.5933333333334,23.57633333333333,55.67126666666666,1.9319533333333334,0.9223318567676725,-0.38639868787496895,15.0
2022-03-11 13:30:00,18617.0,673.5046666666666,23.7156,55.10006666666666,2.6492333333333336,0.7846321201550515,-0.6199616407657725,15.0
2022-03-11 13:45:00,18023.334,653.0133333333334,23.869733333333333,52.79566666666666,2.5738600000000003,0.7707875916641386,-0.6370922135268937,15.0
2022-03-11 14:00:00,17461.334,628.5493333333333,23.928,54.55866666666667,2.1029733333333334,0.7776875364816928,-0.6286510125666194,15.0
2022-03-11 14:15:00,16851.334,599.3766666666667,23.638066666666667,53.9792,2.30796,0.8298305305961773,-0.5580154930559428,15.0
2022-03-11 14:30:00,16423.666,598.2066666666667,23.652933333333333,53.85393333333333,2.4881933333333333,0.6695109814885737,-0.7428021578227992,15.0
2022-03-11 14:45:00,15751.333,565.6786666666667,23.957733333333334,52.5028,2.659966666666667,0.6184449701283802,-0.7858281102906073,15.0
2022-03-11 15:00:00,14676.0,522.6253333333333,22.8398,55.980533333333334,2.2942533333333333,0.7115438528647607,-0.7026416906577432,15.0
2022-03-11 15:15:00,13534.0,475.33,22.867133333333335,56.966,2.0883866666666666,0.5829174039696225,-0.8125314148691827,15.0
2022-03-11 15:30:00,12851.333,452.25466666666665,22.754733333333334,58.404199999999996,2.1283066666666666,0.6310910837333057,-0.7757087365966183,15.0
2022-03-11 15:45:00,11866.0,405.396,22.712266666666668,59.59053333333333,2.354586666666667,0.7224605084551644,-0.6914121880056102,15.0
2022-03-11 16:00:00,9263.0,364.4486666666667,22.366,61.88766666666667,2.3499600000000003,0.5665500654516763,-0.824027319532976,15.0
2022-03-11 16:15:00,7617.0,291.42333333333335,21.627,65.65366666666667,1.8966533333333333,0.6684991426203117,-0.7437129125649952,15.0
2022-03-11 16:30:00,7137.3335,273.1646666666667,20.85686666666667,71.8642,2.177303333333333,0.46680858250052853,-0.8843583817117624,15.0
2022-03-11 16:45:00,5660.3335,228.35333333333335,20.5398,74.68453333333333,2.3492733333333335,0.483170327881303,-0.875526375533641,15.0
2022-03-11 17:00:00,4530.6665,173.9088,20.310799999999997,72.2256,2.1073466666666665,0.4726738134379259,-0.881237462940636,15.0
2022-03-11 17:15:00,3163.3333,113.00346666666668,20.279666666666667,72.90533333333333,1.6328866666666668,0.6192401398190613,-0.7852016615092389,15.0
2022-03-11 17:30:00,1902.6666,97.36646666666667,20.319266666666667,73.47453333333333,0.9602413333333334,0.2852378520421589,-0.9584567636374504,15.0
2022-03-11 17:45:00,867.3333,59.01713333333333,20.5012,75.96226666666666,0.6430746666666667,0.6051457870925698,-0.7961146753854712,15.0
2022-03-11 18:00:00,425.33334,22.769133333333333,20.473200000000002,78.24666666666667,0.5315040000000001,0.4255638316233989,-0.9049284088887979,15.0
2022-03-11 18:15:00,90.666664,9.360953333333333,20.336599999999997,78.299,0.41261,0.44405874617993624,-0.895997672955183,15.0
2022-03-11 18:30:00,0.0,2.90246,20.071,78.88633333333334,0.6745920000000001,-0.3377019585259334,-0.9412530941291767,15.0
2022-03-11 18:45:00,0.0,1.036112,19.938333333333333,79.8308,0.4109893333333333,-0.2889468058600612,-0.9573451537367639,15.0
2022-03-11 19:00:00,0.0,1.1316733333333333,19.5018,76.9618,1.348326,0.7543751308350815,-0.6564435710535627,15.0
2022-03-11 21:00:00,0.0,0.6615226666666666,18.305400000000002,84.4592,0.798568,0.21200204981043816,-0.9772692212876514,120.0
2022-03-11 23:00:00,0.0,0.6615406666666667,18.3612,87.1412,0.7280700000000001,0.9920334405206555,-0.12597481053270587,120.0
2022-03-12 01:00:00,0.0,0.6615233333333334,19.07446666666667,87.47586666666666,1.523662,-0.9776104425429157,-0.21042296127334673,120.0
2022-03-12 03:00:00,0.0,0.6761320000000001,19.236133333333335,91.2646,1.6008766666666667,0.4233342658049054,-0.9059735644020865,120.0
2022-03-12 05:00:00,0.0,1.0216346666666667,18.4604,93.59333333333333,2.18676,-0.9880847489522357,-0.15391078223437551,120.0
2022-03-12 06:15:00,0.0,3.37384,18.304666666666666,94.20813333333334,1.9997,-0.48257548701952746,0.875854382490529,75.0
2022-03-12 06:30:00,0.0,6.019926666666667,18.2688,93.94066666666666,2.0166933333333334,-0.45974083513883307,0.8880531315782003,15.0
2022-03-12 06:45:00,265.0,21.823333333333334,18.366466666666668,93.06506666666668,2.46858,-0.13804382609129442,0.9904261214639265,15.0
2022-03-12 07:00:00,789.0,56.0696,18.9544,88.60206666666666,2.39168,-0.4815907290414036,0.8763962401227936,15.0
2022-03-12 07:15:00,1335.0,101.23113333333335,20.247333333333334,79.66833333333332,2.3027,-0.5893826772177362,-0.8078539842048523,15.0
2022-03-12 07:30:00,2104.6667,146.054,21.8644,71.85560000000001,1.90894,0.5030693222126388,0.864246062790289,15.0
2022-03-12 07:45:00,3327.0,148.87800000000001,23.425066666666666,66.2248,1.5487866666666668,0.2835854610783831,0.9589469673892091,15.0
2022-03-12 08:00:00,4626.6665,170.72786666666667,24.08213333333333,65.41286666666666,1.2317040000000001,0.8692146675331605,0.49443489131049134,15.0
2022-03-12 08:15:00,5736.6665,279.7386666666667,24.076933333333333,63.82526666666667,0.8864913333333333,0.8834016631846088,0.46861658259462724,15.0
2022-03-12 08:30:00,7263.3335,302.54533333333336,24.930666666666664,58.6982,1.6504466666666666,0.9992838922063036,0.0378378484724042,15.0
2022-03-12 08:45:00,9055.333,371.598,24.442866666666667,60.459266666666664,2.2808599999999997,0.9425214139758916,-0.3341457529236095,15.0
2022-03-12 09:00:00,10597.0,417.24,23.61093333333333,60.92093333333333,2.6611666666666665,0.9194101385805529,-0.3933001361241674,15.0
2022-03-12 09:15:00,11504.667,455.6806666666667,23.5178,60.0776,2.8820533333333334,0.9463860890613018,-0.32303772292296407,15.0
2022-03-12 09:30:00,13153.0,503.51,23.608133333333335,62.4326,3.07362,0.8441657865433756,-0.5360821996947893,15.0
2022-03-12 09:45:00,14177.333,536.1113333333334,23.404666666666667,62.19786666666666,3.47022,0.8715677237116126,-0.49027512988541244,15.0
2022-03-12 10:00:00,15094.667,572.2453333333334,23.695866666666667,61.751666666666665,2.895413333333333,0.8450379300850341,-0.534706364949587,15.0
2022-03-12 10:15:00,16009.333,605.4313333333333,23.984733333333335,60.52033333333333,2.6604666666666663,0.8324379983891648,-0.5541181993382287,15.0
2022-03-12 10:30:00,16992.334,641.9333333333333,24.28646666666667,57.79,3.3504266666666664,0.804444758949575,-0.5940274655254252,15.0
2022-03-12 10:45:00,17838.334,675.1246666666667,23.9804,56.193666666666665,3.5197533333333335,0.7854033650477419,-0.6189842923464888,15.0
2022-03-12 11:00:00,18734.334,649.1346666666667,24.6328,54.6946,3.3660133333333335,0.7927295975582735,-0.6095734452509375,15.0
2022-03-12 11:15:00,19563.666,683.524,23.710066666666666,56.551,3.5663666666666667,0.7834548959338841,-0.6214486511669544,15.0
2022-03-12 11:30:00,19413.0,731.7486666666666,24.098200000000002,55.72353333333333,2.842773333333333,0.8414039037967833,-0.5404067640912107,15.0
2022-03-12 11:45:00,20427.334,755.1020000000001,24.281,55.21893333333333,3.6124733333333334,0.7992023525602707,-0.601062059742693,15.0
2022-03-12 12:00:00,20252.0,752.0893333333333,24.147266666666667,54.987,4.091066666666666,0.8279559469787375,-0.5607931435587831,15.0
2022-03-12 12:15:00,18587.0,750.5400000000001,24.554133333333333,53.9662,3.5159666666666665,0.7394979559548852,-0.6731588023182543,15.0
2022-03-12 12:30:00,18946.334,737.6206666666666,24.307333333333336,53.22553333333334,3.444593333333333,0.7588925737707035,-0.6512158332501423,15.0
2022-03-12 12:45:00,19085.0,714.788,23.948733333333333,54.239799999999995,3.2495666666666665,0.7803722037281161,-0.6253152993878557,15.0
2022-03-12 13:00:00,19647.334,724.5360000000001,24.0716,52.86106666666667,3.24094,0.7630219254519923,-0.6463726025130817,15.0
2022-03-12 13:15:00,18899.666,683.5653333333333,24.339,51.848933333333335,3.33822,0.6944658379172802,-0.7195256770719513,15.0
2022-03-12 13:30:00,18813.666,693.2753333333333,24.131933333333333,52.117733333333334,3.1974333333333336,0.7532726601358765,-0.6577083696379578,15.0
2022-03-12 13:45:00,20014.0,688.2099999999999,24.418799999999997,51.20526666666667,3.2086200000000002,0.6482705236924391,-0.7614100919422665,15.0
2022-03-12 14:00:00,15124.333,672.1626666666667,24.508066666666664,51.548,4.219193333333333,0.6952942110657497,-0.718725232657416,15.0
2022-03-12 14:15:00,7072.3335,521.1426666666667,23.504666666666665,54.504266666666666,4.1931400000000005,0.735001387336852,-0.6780656019979946,15.0
2022-03-12 14:30:00,8546.667,294.7126666666666,22.655066666666666,57.244400000000006,3.7188,0.7791848334732118,-0.6267942208455046,15.0
2022-03-12 14:45:00,16943.334,450.76733333333334,22.097933333333334,58.31333333333334,3.3331533333333336,0.7707801787074521,-0.637101182004639,15.0
2022-03-12 15:00:00,14063.333,593.8526666666668,22.411133333333332,57.22173333333333,2.930693333333333,0.8125653262539896,-0.5828701318216154,15.0
2022-03-12 15:15:00,17544.0,356.0466666666667,22.517133333333334,56.752399999999994,2.2231799999999997,0.851122780759267,-0.5249666771068547,15.0
2022-03-12 15:30:00,16153.333,548.4680000000001,22.5906,55.8262,2.0501246666666666,0.7204623567157517,-0.6934940465177658,15.0
2022-03-12 15:45:00,15361.333,558.2493333333333,23.227666666666668,53.849133333333334,2.59588,0.6414853363618831,-0.7671352965629216,15.0
2022-03-12 16:00:00,9475.667,285.94666666666666,23.131266666666665,53.2416,2.54018,0.6291937876466162,-0.7772484657990036,15.0
2022-03-12 16:15:00,11076.0,412.53,22.624000000000002,53.740199999999994,2.392326666666667,0.6090106382660045,-0.7931620531006471,15.0
2022-03-12 16:30:00,7651.0,266.5833333333333,22.5628,53.53686666666667,2.0490666666666666,0.6909076469701034,-0.7229430291234814,15.0
2022-03-12 16:45:00,3032.0,96.46419999999999,22.10533333333333,54.72246666666667,2.94474,0.5980541991813414,-0.8014556599348241,15.0
2022-03-12 17:00:00,4329.0,186.78333333333333,21.246666666666666,59.25633333333334,3.2781733333333336,0.7227741869577637,-0.6910842746492959,15.0
2022-03-12 17:15:00,2944.6667,132.11793333333333,20.8068,62.041266666666665,3.767393333333333,0.6980654485973392,-0.7160339583250194,15.0
2022-03-12 17:30:00,1947.3334,65.05393333333333,20.25426666666667,66.1362,2.9721466666666667,0.7846753997303852,-0.6199068615993535,15.0
2022-03-12 17:45:00,1127.3334,44.82873333333334,19.8094,65.89966666666666,1.8966913333333333,0.9151380059921435,-0.40314070743193814,15.0
2022-03-12 18:00:00,717.0,33.877266666666664,19.710866666666668,62.29313333333334,1.11011,0.9247379065227578,0.3806045247233764,15.0
2022-03-12 18:15:00,112.333336,10.12488,20.357466666666667,60.233,1.47986,0.6373906381289058,0.7705408324194287,15.0
2022-03-12 18:30:00,0.0,2.8657266666666668,20.43746666666667,58.617,1.74902,0.3730374430206785,0.9278162889842978,15.0
2022-03-12 18:45:00,0.0,1.065468,20.374133333333337,58.39093333333334,1.6023866666666668,-0.21458571629839926,-0.9767051604044605,15.0
2022-03-12 19:00:00,0.0,1.0802226666666668,20.263266666666667,55.968266666666665,1.5038906666666667,-0.8354429879044847,-0.5495771228510399,15.0
2022-03-12 21:00:00,0.0,1.1905466666666666,20.015800000000002,60.217,2.08676,-0.847699169762102,-0.530477254540327,120.0
2022-03-12 23:00:00,0.0,0.948032,20.002333333333336,62.09986666666667,1.8718733333333333,-0.8948322476590899,0.44640256333200107,120.0
2022-03-13 01:00:00,0.0,0.9994746666666666,19.948733333333333,66.70693333333334,1.9758933333333333,0.1432048992236672,-0.9896930619330113,120.0
2022-03-13 03:00:00,0.0,1.02149,19.992666666666665,66.7188,1.939382,0.02355856670682964,-0.9997224584527047,120.0
2022-03-13 05:00:00,0.0,1.3007733333333331,20.7408,78.79933333333334,2.59612,-0.20926586151359433,0.9778587828541364,120.0
2022-03-13 06:30:00,0.0,1.9473999999999998,20.8704,80.6568,1.623296,0.9800696379756599,-0.19865423408087424,90.0
2022-03-13 06:45:00,0.0,4.65904,20.674466666666667,81.11513333333333,2.103002,-0.5604859824721906,-0.8281639109815057,15.0
2022-03-13 07:00:00,126.333336,12.712986666666666,20.694533333333332,81.70066666666666,1.5404546666666665,-0.8123896355086083,-0.5831149801867471,15.0
2022-03-13 07:15:00,654.6667,20.701200000000004,20.810133333333333,81.47933333333334,2.023546666666667,-0.23933034221723962,-0.9709381995236251,15.0
2022-03-13 07:30:00,2280.6667,76.44093333333333,21.20553333333333,80.46186666666667,1.6989533333333333,0.17802433489873473,-0.9840260851135315,15.0
2022-03-13 07:45:00,2786.3333,107.06893333333333,21.9652,77.67613333333334,1.332058,0.9116124504064992,0.4110507757733319,15.0
2022-03-13 08:00:00,2637.3333,93.8778,22.5842,74.96826666666666,1.57956,0.32255283530492823,0.9465514610610201,15.0
2022-03-13 08:15:00,3232.0,124.06293333333333,22.787533333333332,74.5328,1.1331066666666667,0.7941919523088445,0.6076669670863029,15.0
2022-03-13 08:30:00,4601.6665,174.51600000000002,22.947466666666667,75.13753333333334,1.2512473333333332,0.993437868357264,0.11437308124631176,15.0
2022-03-13 08:45:00,4688.3335,181.408,23.522533333333335,72.67633333333333,1.4585359999999998,0.9661098849492289,0.2581311492311373,15.0
2022-03-13 09:00:00,6461.6665,259.74333333333334,24.029133333333334,70.76313333333334,1.5027873333333335,0.9999572383117448,-0.009247786110663734,15.0
2022-03-13 09:15:00,13689.0,424.9013333333333,24.63113333333333,70.1514,1.7824613333333335,0.9829195067594315,-0.1840359835244073,15.0
2022-03-13 09:30:00,9642.333,416.65666666666664,25.445800000000002,66.8278,1.6239686666666666,0.9999987033752481,0.001610356427163955,15.0
2022-03-13 09:45:00,11570.333,550.714,26.078933333333335,65.37946666666667,1.8519933333333334,0.994039986290035,-0.10901607980709549,15.0
2022-03-13 10:00:00,17325.334,610.964,26.382933333333334,64.36993333333334,1.8593933333333332,0.9154875915291055,-0.40234620634005946,15.0
2022-03-13 10:15:00,12185.667,641.4133333333334,26.3674,64.66159999999999,1.8073000000000001,0.8976997156155833,-0.4406077854324647,15.0
2022-03-13 10:30:00,12574.667,607.668,25.785266666666665,67.1386,1.9446866666666667,0.7962906714749783,-0.6049141811215274,15.0
2022-03-13 10:45:00,10799.333,573.9359999999999,25.4316,68.19646666666667,2.0291,0.8848993135103301,-0.46578235791938977,15.0
2022-03-13 11:00:00,9824.333,592.7566666666667,25.354466666666667,68.5968,1.6396866666666667,0.8013366507019195,-0.5982136509992311,15.0
2022-03-13 11:15:00,10731.333,533.8366666666667,25.919,67.31846666666667,2.1326266666666664,0.8154444652215809,-0.5788353169421248,15.0
2022-03-13 11:30:00,9588.0,432.1993333333333,25.5502,68.04306666666666,1.8083099999999999,0.83420101001585,-0.5514604925908434,15.0
2022-03-13 11:45:00,9406.0,415.48333333333335,25.268666666666665,68.99866666666667,1.627032,0.8645608689894382,-0.502528112459619,15.0
2022-03-13 12:00:00,11680.0,540.3553333333333,25.439200000000003,68.67699999999999,1.71164,0.7633226782689976,-0.6460174059886037,15.0
2022-03-13 12:15:00,21706.334,569.672,25.596933333333332,67.89493333333333,1.8351333333333335,0.891352791306875,-0.4533102705977912,15.0
2022-03-13 12:30:00,20611.334,717.35,26.156466666666667,66.81033333333333,2.00524,0.9207320158169087,-0.39019553437953614,15.0
2022-03-13 12:45:00,17563.334,674.072,26.022266666666667,66.61153333333333,2.2599933333333335,0.8148648423539019,-0.5796510059471566,15.0
2022-03-13 13:00:00,19732.334,726.6233333333333,26.338933333333333,65.52693333333333,2.1783466666666667,0.9050726284510057,-0.42525702490233824,15.0
2022-03-13 13:15:00,19151.0,706.2426666666667,26.431333333333335,65.42060000000001,2.6811066666666665,0.8309715234625163,-0.55631495323637,15.0
2022-03-13 13:30:00,18668.0,689.4606666666666,26.473000000000003,65.20973333333333,2.4276733333333333,0.8709840964562853,-0.4913112086246643,15.0
2022-03-13 13:45:00,18330.0,671.0293333333334,26.228133333333336,65.79393333333333,2.9098466666666667,0.7925167679936992,-0.6098501229390884,15.0
2022-03-13 14:00:00,17785.0,648.6686666666667,26.137933333333333,66.2638,3.0138066666666665,0.7665004797064153,-0.6422437345820006,15.0
2022-03-13 14:15:00,17255.666,625.5346666666667,26.108866666666664,65.88986666666666,3.1723066666666666,0.7507954967557656,-0.6605347243342041,15.0
2022-03-13 14:30:00,16532.666,596.544,25.7968,67.28333333333333,2.6753733333333334,0.7851296043321521,-0.6193314979889513,15.0
2022-03-13 14:45:00,15808.333,565.1593333333333,25.583666666666666,67.8016,2.3299266666666667,0.7586879508364577,-0.6514542142434698,15.0
2022-03-13 15:00:00,14921.333,529.8413333333333,25.584933333333332,67.59846666666667,2.3308133333333334,0.7026665277956741,-0.7115193256093408,15.0
2022-03-13 15:15:00,13845.333,494.776,25.407866666666667,68.026,2.512246666666667,0.7319327227461722,-0.6813769069856823,15.0
2022-03-13 15:30:00,12839.0,454.26266666666663,25.122666666666667,69.03213333333333,2.506893333333333,0.7169106076504829,-0.6971651028545645,15.0
2022-03-13 15:45:00,11518.0,410.49733333333336,25.275333333333332,68.4386,2.728693333333333,0.6783563213320819,-0.7347330816757914,15.0
2022-03-13 16:00:00,10058.333,363.9746666666667,24.873866666666668,69.91553333333333,2.273773333333333,0.7485238055040452,-0.6631079192663456,15.0
2022-03-13 16:15:00,8701.0,314.67600000000004,24.68326666666667,70.673,1.7184266666666665,0.7128343956671245,-0.7013323922035011,15.0
2022-03-13 16:30:00,6973.3335,259.70533333333333,24.265066666666666,72.429,2.10842,0.6744999867500706,-0.7382748592998102,15.0
2022-03-13 16:45:00,5564.3335,219.78533333333334,23.158,77.10353333333333,2.1344,0.7960386242374384,-0.6052458250348913,15.0
2022-03-13 17:00:00,4246.3335,169.35133333333334,22.590733333333333,79.80006666666667,2.2404593333333334,0.6549254840136418,-0.7556934632438586,15.0
2022-03-13 17:15:00,3037.0,126.218,22.409733333333335,80.66066666666667,1.5827213333333332,0.9314712728216283,-0.36381488137245793,15.0
2022-03-13 17:30:00,1810.0,85.93993333333333,22.081533333333333,82.27993333333333,2.7897066666666666,0.7428099478865203,-0.6695023385476895,15.0
2022-03-13 17:45:00,878.6667,51.64633333333333,21.721733333333336,83.54933333333334,2.3377666666666665,0.7197680475393035,-0.6942146337707518,15.0
2022-03-13 18:00:00,446.33334,24.7638,21.357066666666665,84.91346666666666,2.02242,0.756051509214273,-0.6545121201435615,15.0
2022-03-13 18:15:00,81.333336,9.2058,20.966533333333334,86.5586,2.094253333333333,0.7113067197493792,-0.7028817471234959,15.0
2022-03-13 18:30:00,0.0,2.791973333333333,20.699066666666667,87.4636,1.6256899999999999,0.6860977470419574,-0.727509368670913,15.0
2022-03-13 18:45:00,0.0,0.874402,20.7134,87.81366666666666,0.8386453333333334,0.5592314880257834,-0.8290115456376154,15.0
2022-03-13 19:00:00,0.0,1.0507846666666667,20.778533333333332,87.21686666666666,0.6428586666666667,0.9930231154235295,-0.11791985513283,15.0
2022-03-13 21:00:00,0.0,1.0215513333333335,20.456133333333334,89.81426666666667,0.44216466666666665,0.9063598946107073,0.4225064986970822,120.0
2022-03-13 23:00:00,0.0,0.881854,20.203466666666667,92.33819999999999,0.462324,0.9195084992902602,0.39307012063113306,120.0
2022-03-14 01:00:00,0.0,1.22726,19.956533333333333,92.08346666666667,0.806858,0.2786472788199371,-0.9603935099771573,120.0
2022-03-14 03:00:00,0.0,3.292666666666667,19.351533333333336,95.17693333333334,1.5406533333333334,-0.19465664867308344,0.9808714437312179,120.0
2022-03-14 05:00:00,0.0,4.638006666666667,19.2622,96.9096,0.612712,0.9798701538342343,-0.19963587259025872,120.0
2022-03-14 06:15:00,0.0,7.8939933333333325,19.022333333333332,97.5214,0.53074,0.8301024804997692,-0.5576108606081218,75.0
2022-03-14 06:30:00,0.0,12.267526666666667,19.026133333333334,97.60933333333334,0.5441566666666666,0.7262148132107444,-0.6874678502106724,15.0
2022-03-14 06:45:00,260.0,19.235526666666665,19.008266666666668,97.56313333333333,0.6447593333333334,-0.5307362433854782,-0.8475370434128944,15.0
2022-03-14 07:00:00,1060.6666,57.309666666666665,19.192999999999998,97.78746666666666,1.2225933333333332,-0.3574227110590649,0.9339427207378342,15.0
2022-03-14 07:15:00,2103.0,100.48440000000001,20.126066666666667,97.80973333333333,0.6906680000000001,0.9686990905866191,0.2482379340404227,15.0
2022-03-14 07:30:00,2574.0,115.02293333333334,20.9472,95.31113333333333,0.480662,0.9938977165172194,0.11030561681916741,15.0
2022-03-14 07:45:00,3428.0,131.376,21.6138,91.05906666666667,0.7059886666666666,0.9265071792823746,0.37627708771358603,15.0
2022-03-14 08:00:00,4387.6665,157.21733333333336,21.9964,86.1882,0.9764120000000001,0.979300838681315,0.20241014638123528,15.0
2022-03-14 08:15:00,4915.0,194.45600000000002,22.5476,82.13086666666666,1.0483399999999998,0.5588591403818837,0.8292626008759963,15.0
2022-03-14 08:30:00,8020.3335,278.35133333333334,23.71833333333333,77.1294,1.7667857142857142,0.31728668628909645,0.9483296677335812,15.0
2022-03-14 08:45:00,8729.667,334.08133333333336,24.9696,71.6222,1.73048,0.6141940245952389,0.789155054568811,15.0
2022-03-14 09:00:00,10214.667,418.59,26.2164,67.4352,1.9749133333333333,0.3385626425746824,0.9409438543573404,15.0
2022-03-14 09:15:00,11666.667,451.3953333333333,27.470066666666664,62.730466666666665,1.6371726666666668,0.6443791204145637,0.7647061848669416,15.0
2022-03-14 09:30:00,12766.667,485.9313333333333,28.274266666666666,60.67586666666667,1.4088666666666667,0.47210299544192935,0.8815433975107282,15.0
2022-03-14 09:45:00,13746.0,520.2073333333333,29.157666666666668,57.74073333333333,1.5698853333333334,0.33260107922923515,0.9430676126850863,15.0
2022-03-14 10:00:00,14796.0,559.1173333333334,29.68,55.0952,1.8325533333333333,0.897402778410902,0.44121225425003036,15.0
2022-03-14 10:15:00,15577.667,585.056,30.087600000000002,52.943200000000004,2.0474466666666666,0.9939808191795848,0.10955423817945825,15.0
2022-03-14 10:30:00,16194.0,604.0933333333334,30.2348,51.84133333333333,1.49472,0.2833755750425241,0.9590090111512607,15.0
2022-03-14 10:45:00,16821.0,636.478,30.152066666666666,51.0996,1.4684806666666668,0.978575080910539,0.2058902887970484,15.0
2022-03-14 11:00:00,17372.334,657.5013333333334,28.802133333333337,55.645266666666664,2.0233399999999997,0.952335832583737,-0.30505157265131483,15.0
2022-03-14 11:15:00,17912.0,673.4613333333333,28.7788,56.25253333333333,1.9320266666666666,0.7812481792047584,-0.6242205399450178,15.0
2022-03-14 11:30:00,18346.334,689.1093333333333,28.556,58.0224,1.9433,0.8779439836870258,-0.47876336692332194,15.0
2022-03-14 11:45:00,18573.666,699.5393333333334,28.109133333333332,60.06386666666666,1.6254466666666665,0.9545054380964527,-0.2981935087226059,15.0
2022-03-14 12:00:00,18856.0,706.328,28.2548,60.07386666666667,1.8012333333333332,0.9081358666958981,-0.4186755875621244,15.0
2022-03-14 12:15:00,19102.334,710.316,28.035466666666668,61.67093333333333,2.594626666666667,0.8143249257480972,-0.5804092653510589,15.0
2022-03-14 12:30:00,19196.334,711.456,28.17546666666667,60.3162,2.3210933333333332,0.7787835544406231,-0.6272927349593881,15.0
2022-03-14 12:45:00,19128.334,709.378,27.9048,59.39553333333333,2.362913333333333,0.8396135443558675,-0.5431842193346358,15.0
2022-03-14 13:00:00,19124.334,701.2546666666666,28.0232,59.154133333333334,2.51666,0.6996633405133657,-0.7144726796328031,15.0
2022-03-14 13:15:00,18741.0,685.4979999999999,27.959999999999997,58.88673333333334,2.8630333333333335,0.6929405667103017,-0.7209947094169318,15.0
2022-03-14 13:30:00,18246.334,668.4106666666667,27.665200000000002,60.724199999999996,2.6323066666666666,0.7942944636353008,-0.6075329662152581,15.0
2022-03-14 13:45:00,17488.334,636.8153333333333,26.902733333333334,63.401266666666665,2.3997733333333335,0.8298824694416954,-0.5579382465052504,15.0
2022-03-14 14:00:00,17468.0,633.8046666666667,27.069399999999998,62.76826666666667,2.325153333333333,0.8522873565010454,-0.5230738589802209,15.0
2022-03-14 14:15:00,15700.333,583.2593333333333,27.156,62.4048,2.472766666666667,0.7895484487466676,-0.6136882328037021,15.0
2022-03-14 14:30:00,15822.667,564.8373333333333,26.503533333333333,64.70406666666666,2.3662533333333333,0.8536780784625727,-0.5208010544847712,15.0
2022-03-14 14:45:00,15014.667,530.642,25.89493333333333,66.4312,2.061193333333333,0.8891396445621674,-0.4576359824881153,15.0
2022-03-14 15:00:00,14039.0,497.8453333333334,25.89786666666667,66.01493333333333,1.4698173333333335,0.8949135936435328,-0.44623946476305504,15.0
2022-03-14 15:15:00,13089.333,460.262,25.954533333333334,65.9464,1.7027933333333332,0.8661428986988637,-0.49979643759587744,15.0
2022-03-14 15:30:00,11923.0,422.956,26.012666666666668,66.11466666666666,1.4002453333333333,0.9509503907789245,-0.3093434244935728,15.0
2022-03-14 15:45:00,9924.0,356.72533333333337,26.349333333333334,65.1808,0.9831486666666667,0.9482154242832374,-0.3176279413895448,15.0
2022-03-14 16:00:00,9023.667,330.42,26.4908,64.75473333333333,0.895116,0.6957038726802472,-0.718328700204653,15.0
2022-03-14 16:15:00,8229.333,295.1213333333333,26.131666666666668,65.8436,1.1324126666666667,0.285487650529947,-0.9583823878780802,15.0
2022-03-14 16:30:00,6690.0,247.56066666666666,25.956200000000003,67.14920000000001,1.1146746666666667,0.7460418790896898,-0.6658990273640026,15.0
2022-03-14 16:45:00,5180.0,202.09266666666664,25.496466666666667,67.95466666666667,0.9529266666666667,0.5981586381352973,-0.8013777159518016,15.0
2022-03-14 17:00:00,4089.3333,155.714,24.994133333333334,69.71333333333334,1.4330653333333332,0.16020278305691005,-0.9870841242269175,15.0
2022-03-14 17:15:00,2850.3333,115.81533333333333,24.617666666666665,72.2194,1.1104093333333334,0.38308114046910674,-0.9237146961139509,15.0
2022-03-14 17:30:00,1688.0,75.6194,24.551533333333335,71.45599999999999,0.6505893333333332,0.40345480304609155,-0.9149995748081194,15.0
2022-03-14 17:45:00,896.6667,48.36633333333334,24.379133333333336,72.80493333333334,0.719448,0.8303106905071003,-0.5573007780629975,15.0
2022-03-14 18:00:00,449.66666,23.439466666666664,23.90853333333333,74.87986666666667,0.7021726666666667,0.43279915773870187,-0.9014903710304788,15.0
2022-03-14 18:15:00,83.666664,9.196906666666667,23.462866666666667,76.55739999999999,0.7276633333333333,0.4424243478053641,-0.896805829858949,15.0
2022-03-14 18:30:00,0.0,2.5491466666666667,23.14333333333333,79.16966666666667,1.1926753333333333,-0.9810412107887656,0.19379923305862912,15.0
2022-03-14 18:45:00,0.0,1.3223999999999998,22.557066666666667,82.29666666666667,2.0063666666666666,-0.5229746873026538,0.8523482131386746,15.0
2022-03-14 19:00:00,0.0,1.256338,22.2876,82.24506666666666,1.8460433333333335,-0.45681848611198017,0.8895599309469591,15.0
2022-03-14 21:00:00,0.0,1.3007333333333333,20.918,89.29033333333334,1.4552,-0.6073938642629273,0.7944008394102745,120.0
2022-03-14 23:00:00,0.0,0.9038993333333333,20.496933333333335,89.7198,1.0637366666666666,0.997306392631911,0.07334820526450868,120.0
2022-03-15 01:00:00,0.0,0.6687553333333334,20.192999999999998,90.06553333333333,0.984726,-0.8000470967722711,-0.5999371991685964,120.0
2022-03-15 03:00:00,0.0,0.6761326666666666,19.845000000000002,90.44633333333333,1.3258666666666665,-0.21881315306267804,0.9757667774866948,120.0
2022-03-15 05:00:00,0.0,0.661462,20.155066666666666,88.65026666666667,0.6565353333333334,0.8678292856121588,-0.4968624870463559,120.0
2022-03-15 06:00:00,0.0,0.6614666666666668,19.670666666666666,91.60733333333333,0.7909646666666668,-0.9354728177929711,0.35339865190812303,60.0
2022-03-15 06:15:00,0.0,1.8227993333333332,19.948466666666665,90.35473333333333,0.78068,-0.6497665094509484,-0.7601338587353748,15.0
2022-03-15 06:30:00,22.0,7.555513333333334,20.149066666666666,88.613,0.6280633333333333,-0.6930160653001045,-0.7209221408973102,15.0
2022-03-15 06:45:00,344.33334,23.482866666666666,20.238333333333333,88.54306666666666,0.47529866666666665,0.28068792775139584,-0.9597990869002884,15.0
2022-03-15 07:00:00,834.0,46.53073333333334,20.559666666666665,88.0728,0.606304,-0.9462647286318908,-0.32339304777192424,15.0
2022-03-15 07:15:00,1561.0,84.36166666666666,21.371133333333333,86.15253333333334,0.642222,0.828077294903944,-0.560613943516005,15.0
2022-03-15 07:30:00,2358.6667,123.51266666666668,22.362666666666666,82.2094,1.1216226666666667,0.9747347174589216,-0.22336568801021428,15.0
2022-03-15 07:45:00,3526.0,170.73066666666668,23.610533333333333,74.91619999999999,0.8373626666666667,-0.3745398130281456,-0.9272108327973966,15.0
2022-03-15 08:00:00,4403.0,143.70293333333333,24.180666666666664,74.64613333333334,0.7224266666666667,0.9925026974953942,-0.12222272891883051,15.0
2022-03-15 08:15:00,5822.3335,247.67466666666667,24.110200000000003,75.48446666666668,0.9089853333333333,0.9687094879030437,-0.24819735705003565,15.0
2022-03-15 08:30:00,6512.3335,281.01733333333334,24.176,74.9994,1.4363333333333335,0.7845152462003597,-0.6201095294213668,15.0
2022-03-15 08:45:00,8393.0,335.23199999999997,24.178533333333334,75.04313333333333,1.46006,0.8487010353747035,-0.5288729077518589,15.0
2022-03-15 09:00:00,9884.0,382.55266666666665,24.619466666666668,72.90053333333334,1.7138906666666667,0.7217682815010236,-0.6921347757619604,15.0
2022-03-15 09:15:00,10980.333,416.37466666666666,24.73026666666667,72.67973333333333,1.80054,0.7534333461191529,-0.6575242907723612,15.0
2022-03-15 09:30:00,12214.0,458.06,24.363666666666667,75.17806666666667,2.17226,0.795021996642666,-0.6065806004599131,15.0
2022-03-15 09:45:00,13543.0,510.1153333333333,24.779,74.5638,2.2103800000000002,0.7871647126370656,-0.6167428274240456,15.0
2022-03-15 10:00:00,14584.667,513.6266666666667,25.1902,72.9524,2.283526666666667,0.7631272077422653,-0.6462482996523036,15.0
2022-03-15 10:15:00,14575.333,522.32,24.974133333333334,73.50106666666667,2.3177466666666664,0.8344954099511068,-0.5510148916050583,15.0
2022-03-15 10:30:00,15838.667,588.4966666666667,24.3768,75.94286666666667,2.4285066666666664,0.8719610608777663,-0.48957523253624713,15.0
2022-03-15 10:45:00,16466.334,619.25,24.872466666666664,74.9468,1.9512533333333333,0.9011587481253731,-0.43348922786744126,15.0
2022-03-15 11:00:00,16842.666,610.9353333333333,25.603599999999997,71.82393333333333,1.7690133333333333,0.9051042937185597,-0.4251896253346583,15.0
2022-03-15 11:15:00,17455.666,655.4060000000001,25.6794,71.8162,1.9207866666666666,0.8449321465059408,-0.5348735063553469,15.0
2022-03-15 11:30:00,17801.334,663.7833333333333,25.7014,72.70599999999999,2.5193533333333336,0.8488486914580946,-0.5286358850947224,15.0
2022-03-15 11:45:00,18279.334,676.2886666666667,25.103266666666666,74.82346666666668,2.483146666666667,0.8605465056849247,-0.5093718794294261,15.0
2022-03-15 12:00:00,18498.666,684.4706666666666,25.150933333333334,75.57486666666667,2.9632666666666667,0.8392973905152273,-0.5436725947427643,15.0
2022-03-15 12:15:00,18731.334,686.3086666666666,25.5546,73.6554,3.6007000000000002,0.729159760609825,-0.6843435127970621,15.0
2022-03-15 12:30:00,18683.0,654.1766666666666,25.485333333333333,74.27053333333333,3.1089399999999996,0.7564017182413825,-0.6541073617086756,15.0
2022-03-15 12:45:00,18407.0,662.806,25.270133333333334,75.0102,2.86166,0.7384945686988842,-0.6742594248523701,15.0
2022-03-15 13:00:00,17518.666,572.1393333333333,24.993666666666666,76.04186666666668,2.7626,0.7855833870483702,-0.6187558015837998,15.0
2022-03-15 13:15:00,18098.334,666.6586666666666,24.729266666666668,77.0482,2.321066666666667,0.8340976891785126,-0.5516167554625815,15.0
2022-03-15 13:30:00,17356.334,635.6853333333333,25.344533333333334,74.23646666666667,2.2689333333333335,0.7283071869980914,-0.6852507872063535,15.0
2022-03-15 13:45:00,17514.334,636.2233333333334,25.9486,71.71833333333333,2.7213333333333334,0.7050799072876671,-0.7091278617705093,15.0
2022-03-15 14:00:00,16917.0,603.7053333333333,25.462333333333333,73.25753333333334,2.69452,0.7148145143145216,-0.699314099761541,15.0
2022-03-15 14:15:00,15773.667,568.474,25.231266666666667,73.54826666666666,2.6607,0.721244607126631,-0.692680457852502,15.0
2022-03-15 14:30:00,15213.667,531.6306666666667,25.196199999999997,70.60366666666667,2.6460866666666667,0.7751944638815385,-0.6317226790035435,15.0
2022-03-15 14:45:00,14459.0,497.4146666666667,25.5478,67.63473333333333,3.1372266666666664,0.6927308085368676,-0.7211962471504255,15.0
2022-03-15 15:00:00,14217.667,496.44733333333335,25.743333333333332,65.46333333333332,3.1584999999999996,0.683358727294011,-0.7300827691646403,15.0
2022-03-15 15:15:00,13244.333,458.06733333333335,25.895333333333333,64.23293333333334,2.590613333333333,0.7444047859910425,-0.6677286234643759,15.0
2022-03-15 15:30:00,11582.667,400.59066666666666,25.587533333333333,64.25733333333334,1.7814466666666666,0.8485163722013318,-0.5291691280737103,15.0
2022-03-15 15:45:00,10640.333,360.8146666666667,25.462266666666668,63.48713333333333,2.1885600000000003,0.8319282975971616,-0.5548831477501264,15.0
2022-03-15 16:00:00,9392.667,317.13933333333335,25.531533333333336,64.27579999999999,2.561846666666667,0.7496646054988303,-0.6618179351319237,15.0
2022-03-15 16:15:00,6845.0,245.05,23.974666666666668,70.08313333333334,2.4735133333333335,0.33176600657176814,-0.9433617105243468,15.0
2022-03-15 16:30:00,5237.0,180.932,23.1484,74.77886666666667,2.6384666666666665,0.4669114791105302,-0.8843040600804776,15.0
2022-03-15 16:45:00,4841.3335,177.85266666666666,23.189200000000003,77.87673333333333,2.814293333333333,0.634820420539387,-0.7726597140178825,15.0
2022-03-15 17:00:00,4852.3335,179.84066666666666,22.973466666666663,79.8724,2.8070666666666666,0.6252335755732537,-0.7804376823141514,15.0
2022-03-15 17:15:00,2667.3333,102.69239999999999,22.736733333333333,81.61166666666666,3.1548933333333333,0.7800883643084244,-0.6256693566658087,15.0
2022-03-15 17:30:00,1423.0,61.14966666666667,22.035,86.7958,3.233013333333333,0.8088049267998633,-0.5880770275944027,15.0
2022-03-15 17:45:00,521.0,22.610866666666666,21.392,91.65186666666666,2.75304,0.7991813710494702,-0.6010899568013834,15.0
2022-03-15 18:00:00,85.666664,7.61838,20.9602,93.83393333333333,2.6409533333333335,0.8447329347950137,-0.5351880686941771,15.0
2022-03-15 18:15:00,0.0,2.33634,20.655466666666666,95.18493333333335,3.4414599999999997,0.8361840664534272,-0.548448910117807,15.0
2022-03-15 18:30:00,0.0,2.9463933333333334,20.557866666666666,95.82953333333333,2.8413466666666665,0.8768722261058385,-0.48072351625876514,15.0
2022-03-15 18:45:00,0.0,3.94584,20.580066666666667,96.21173333333333,2.7370533333333333,0.8596799499878752,-0.5108330290700126,15.0
2022-03-15 20:45:00,0.0,1.8665866666666666,20.541133333333335,91.99746666666667,1.5808213333333334,0.8294624029579167,0.5585625498359863,120.0
2022-03-15 22:45:00,0.0,2.3368333333333333,20.500066666666665,90.6058,1.3437093333333334,0.7376529713409342,0.6751800455225931,120.0
2022-03-16 00:45:00,0.0,1.9768066666666664,20.026933333333332,91.89326666666666,2.1927000000000003,0.9933917424747123,-0.11477301940375546,120.0
2022-03-16 02:45:00,0.0,1.9548733333333332,19.113733333333336,92.73060000000001,2.1873333333333336,0.9626961543095746,-0.27058476394201486,120.0
2022-03-16 04:45:00,0.0,0.705532,19.4252,84.58293333333334,2.095073333333333,0.9941487018210573,-0.10802017713143433,120.0
2022-03-16 06:15:00,0.0,0.8011079999999999,19.310266666666667,81.96793333333333,2.1680800000000002,0.9994807576630914,-0.032221344807637345,90.0
2022-03-16 06:30:00,0.0,2.2783806666666666,19.277533333333334,83.01966666666667,2.50224,0.9642182783038153,-0.2651096222033937,15.0
2022-03-16 06:45:00,64.333336,8.790206666666668,19.183133333333334,84.33606666666667,2.500313333333333,0.9201065696755494,-0.39166809984972417,15.0
2022-03-16 07:00:00,231.0,12.479753333333333,19.097533333333335,85.07546666666667,2.9571466666666666,0.8707622010829018,-0.4917043717166445,15.0
2022-03-16 07:15:00,702.3333,26.082693333333335,19.084200000000003,85.41453333333332,4.024586666666667,0.8332752152963416,-0.5528584046325383,15.0
2022-03-16 07:30:00,1126.0,41.105533333333334,19.1356,85.6516,3.32664,0.8847654122584288,-0.46603665657453663,15.0
2022-03-16 07:45:00,1200.3334,34.76213333333333,19.145933333333335,86.2732,2.6673999999999998,0.9443916753633981,-0.3288226931103056,15.0
2022-03-16 08:00:00,1822.6666,65.83653333333334,19.222666666666665,86.83120000000001,2.9522266666666668,0.9302046158397578,-0.36704137732741887,15.0
2022-03-16 08:15:00,2123.3333,64.96793333333333,19.251133333333332,86.85666666666665,3.6736,0.9005804247211139,-0.4346894277632458,15.0
2022-03-16 08:30:00,1691.0,55.14946666666666,19.1954,87.83246666666668,3.9031933333333333,0.8705447088485222,-0.49208933121521925,15.0
2022-03-16 08:45:00,1583.3334,56.339600000000004,19.034733333333335,88.83033333333333,3.530866666666667,0.9600078417076806,-0.2799731127443507,15.0
2022-03-16 09:00:00,3284.6667,115.43039999999999,19.137800000000002,87.18126666666667,2.3305466666666663,0.9994990764008195,0.03164800584410906,15.0
2022-03-16 09:15:00,5510.3335,182.868,19.755999999999997,85.51206666666667,3.0115933333333333,0.9524567933937008,-0.3046736889168298,15.0
2022-03-16 09:30:00,4759.3335,147.0168,19.55826666666667,86.3194,3.4933533333333333,0.9665875762011775,-0.2563366098190673,15.0
2022-03-16 09:45:00,4478.3335,162.31926666666666,19.410800000000002,86.76273333333333,3.9959333333333333,0.9299070687082476,-0.36779456707030694,15.0
2022-03-16 10:00:00,8397.0,266.6226666666667,19.799466666666667,85.40986666666666,3.7766666666666664,0.8797371038458419,-0.4754604380144897,15.0
2022-03-16 10:15:00,3859.0,125.964,19.597866666666665,86.5428,2.8151066666666664,0.9450322625115457,-0.32697709829942045,15.0
2022-03-16 10:30:00,1971.3334,66.8806,19.303866666666668,88.72893333333333,2.689626666666667,0.8932040283592918,-0.4496516026022073,15.0
2022-03-16 10:45:00,2324.0,82.45973333333333,18.897066666666667,92.60466666666666,2.7119733333333333,0.8526401643540923,-0.5224985647159488,15.0
2022-03-16 11:00:00,2119.0,82.7754,18.715,94.2506,1.6229633333333333,0.9147082833330082,-0.40411478122184674,15.0
2022-03-16 11:15:00,2886.3333,110.098,18.8918,94.02253333333333,0.9671473333333334,0.9990086886575441,0.044515615088797714,15.0
2022-03-16 11:30:00,10350.333,344.22333333333336,19.580666666666666,89.4988,1.2255353333333332,0.994013318962291,-0.10925896633947686,15.0
2022-03-16 11:45:00,14026.0,527.7446666666667,21.384466666666665,79.82466666666666,1.5381673333333334,0.9669519641604766,-0.2549586221452345,15.0
2022-03-16 12:00:00,12688.0,456.22,21.9004,76.60693333333333,1.6636133333333334,0.9825511731360674,-0.18599245191388175,15.0
2022-03-16 12:15:00,16714.0,629.1139999999999,22.582066666666666,73.61486666666666,1.2862913333333335,0.9774407959069265,0.21120958902671555,15.0
2022-03-16 12:30:00,13419.333,613.0113333333334,24.603266666666666,65.98093333333333,1.26228,0.594492377998848,0.8041012451807762,15.0
2022-03-16 12:45:00,13055.0,532.086,25.634999999999998,62.57806666666667,1.4804306666666667,0.9497017497235203,0.31315585029196563,15.0
2022-03-16 13:00:00,14220.333,413.9173333333334,24.075733333333332,67.22153333333333,1.6388633333333333,0.8657786252022459,-0.5004271896519104,15.0
2022-03-16 13:15:00,13102.667,481.1786666666667,23.061333333333334,71.46713333333334,2.0428686666666667,0.7341542551120028,-0.6789827167910389,15.0
2022-03-16 13:30:00,10029.667,307.99,22.6436,73.68193333333333,2.025186666666667,0.8609315022415,-0.5087208944482172,15.0
2022-03-16 13:45:00,7148.3335,190.61313333333334,22.10526666666667,75.5894,1.94696,0.8362542560254428,-0.5483418817483607,15.0
2022-03-16 14:00:00,6633.3335,193.91400000000002,21.9006,76.43946666666668,1.63558,0.8523056147039391,-0.523044108220464,15.0
2022-03-16 14:15:00,5011.0,143.536,21.560133333333333,77.7402,1.5618266666666665,0.8515317758164828,-0.5243029990137643,15.0
2022-03-16 14:30:00,5494.0,174.192,21.397066666666667,78.42673333333333,1.7698533333333333,0.8425157069052698,-0.5386717772613612,15.0
2022-03-16 14:45:00,7580.6665,295.456,22.098266666666667,74.39226666666667,1.8862333333333334,0.9257940688720862,-0.37802822915923484,15.0
2022-03-16 15:00:00,4674.6665,180.10533333333333,22.28853333333333,73.93953333333334,1.9357,0.9146814794140199,-0.4041754460837272,15.0
2022-03-16 15:15:00,2708.6667,103.20933333333333,21.693733333333334,75.66260000000001,2.2198533333333335,0.9010427067041681,-0.4337303778791918,15.0
2022-03-16 15:30:00,2969.3333,124.71679999999999,21.240333333333336,77.61506666666668,2.055406666666667,0.8875796634194614,-0.4606542533008848,15.0
2022-03-16 15:45:00,4567.6665,167.368,21.2268,77.73106666666666,1.8622400000000001,0.9272383290802341,-0.3744717360288965,15.0
2022-03-16 16:00:00,4942.0,169.154,21.122866666666667,78.66353333333333,1.9183533333333331,0.9260801493877838,-0.37732685686272044,15.0
2022-03-16 16:15:00,5503.0,222.56653333333333,21.196133333333332,79.17353333333334,2.2931266666666668,0.9129258512297501,-0.4081254588437681,15.0
2022-03-16 16:30:00,6201.6665,246.21266666666668,21.65233333333333,77.41246666666666,3.1313466666666665,0.8116555506962733,-0.5841363428378082,15.0
2022-03-16 16:45:00,5403.3335,194.11466666666666,21.285866666666667,79.127,3.407906666666667,0.8072145016863453,-0.590258204743708,15.0
2022-03-16 17:00:00,3091.0,119.17513333333333,20.688933333333335,81.79666666666667,2.6312599999999997,0.9070391152559234,-0.42104636727532957,15.0
2022-03-16 17:15:00,2562.0,96.04693333333333,20.333666666666666,83.62746666666666,2.8313800000000002,0.8449943761446721,-0.5347751904154457,15.0
2022-03-16 17:30:00,1536.3334,58.74106666666667,20.1058,84.1808,2.4443866666666665,0.9672813333860605,-0.2537061727331143,15.0
2022-03-16 17:45:00,851.3333,32.3084,20.131666666666668,84.06993333333334,2.230266,0.9964124690760937,0.08462973159406002,15.0
2022-03-16 18:00:00,350.0,17.3046,20.17866666666667,84.38419999999999,1.1739173333333333,0.9929010232672771,0.11894350757731159,15.0
2022-03-16 18:15:00,83.333336,9.993500000000001,20.370933333333333,82.35246666666667,1.6143933333333333,0.8198561858931975,0.572569501853407,15.0
2022-03-16 18:30:00,0.0,2.1529533333333335,20.411866666666665,82.33906666666667,1.4782053333333331,0.9824564740600945,0.18649202818728455,15.0
2022-03-16 18:45:00,0.0,1.3079066666666668,20.128666666666668,83.82553333333334,1.05322,0.9519567302137184,0.30623256489277195,15.0
2022-03-16 19:00:00,0.0,1.27852,20.1046,84.28893333333333,1.220758,0.9568724194885206,-0.2905084728922457,15.0
2022-03-16 21:00:00,0.0,1.2933773333333332,20.2568,88.64273333333334,1.2043826666666668,0.6793363734721731,-0.733827017544105,120.0
2022-03-16 23:00:00,0.0,3.784653333333333,19.6254,97.17513333333333,2.3314533333333336,0.729947583805441,-0.6835031272032328,120.0
2022-03-17 01:00:00,0.0,5.7320866666666666,20.268733333333333,98.66386666666668,2.0776866666666667,0.6517101814711654,-0.7584680872435047,120.0
2022-03-17 03:00:00,0.0,5.3058000000000005,20.9264,98.72026666666667,1.087838,0.99338912474473,-0.11479567430395371,120.0
2022-03-17 05:00:00,0.0,4.034400000000001,21.084666666666667,98.55053333333333,0.8790426666666666,0.1322238662333561,-0.9912198793397475,120.0
2022-03-17 06:30:00,0.0,5.753973333333334,21.014666666666663,98.50293333333335,1.3222386666666668,-0.9808592111571146,0.19471827825924024,90.0
2022-03-17 06:45:00,0.0,8.076186666666667,21.0356,98.49973333333334,1.5497866666666666,-0.8533783409413546,0.5212920555813039,15.0
2022-03-17 07:00:00,15.0,8.6935,21.092133333333333,98.4722,1.325506,-0.978089405804921,0.2081852882702729,15.0
2022-03-17 07:15:00,484.66666,30.328133333333334,21.161266666666666,98.43573333333333,1.106302,-0.9985459117550727,-0.05390790403299431,15.0
2022-03-17 07:30:00,609.0,32.57646666666667,21.297733333333333,98.37166666666667,1.3730520000000002,-0.8921724633485373,0.451694914342195,15.0
2022-03-17 07:45:00,1024.6666,55.217,21.438466666666667,98.2346,1.3369813333333334,-0.7843829718725364,-0.6202768361275536,15.0
2022-03-17 08:00:00,2020.3334,92.24733333333333,21.893733333333333,98.31426666666667,0.6512066666666667,0.7481942565428121,0.6634797317750925,15.0
2022-03-17 08:15:00,2456.6667,102.65573333333333,22.1474,97.88433333333334,0.8364253333333332,0.4403232984531642,0.8978392912093599,15.0
2022-03-17 08:30:00,1893.0,71.8472,22.318933333333334,97.00933333333334,0.9374433333333333,0.891210863476777,0.453589237990693,15.0
2022-03-17 08:45:00,5191.6665,180.63766666666666,22.400666666666666,96.75093333333334,1.249024,0.7455768121010451,-0.6664197005320617,15.0
2022-03-17 09:00:00,5974.3335,183.29066666666668,22.490066666666667,95.23826666666668,1.291486,0.8767116445670339,-0.48101631186537414,15.0
2022-03-17 09:15:00,4730.3335,156.859,22.8258,94.29113333333333,1.6159066666666666,0.7603455089363754,-0.6495188273177954,15.0
2022-03-17 09:30:00,4057.6667,114.30426666666668,22.507,93.02759999999999,1.4518266666666666,0.6086968093926052,-0.7934029204857155,15.0
2022-03-17 09:45:00,3950.3333,126.21973333333334,22.230466666666665,94.1744,1.5306553333333333,0.529336957637493,-0.8484116838416847,15.0
2022-03-17 10:00:00,5977.3335,210.40866666666668,22.19333333333333,94.08113333333334,1.1293646666666668,0.6832227970725403,-0.7302099763495253,15.0
2022-03-17 10:15:00,11849.333,487.7966666666667,23.196866666666665,91.46153333333334,1.194778,0.8845581822079231,-0.466429868564412,15.0
2022-03-17 10:30:00,17125.334,618.6906666666667,25.408933333333334,81.9384,1.0502033333333334,0.9973408294645251,-0.07287845966410887,15.0
2022-03-17 10:45:00,7813.0,412.54,25.67393333333333,78.34413333333333,1.4782946666666668,0.9127833329536595,-0.4084441052114826,15.0
2022-03-17 11:00:00,11591.667,337.3206666666666,24.6966,82.7354,1.7504666666666668,0.7354036301305569,-0.6776293240340172,15.0
2022-03-17 11:15:00,7538.3335,337.5953333333334,24.810533333333336,83.14920000000001,2.056286666666667,0.6677026384286112,-0.744428093663499,15.0
2022-03-17 11:30:00,12916.667,569.65,25.162133333333333,82.19273333333334,2.4605200000000003,0.7468858203374175,-0.6649523075972463,15.0
2022-03-17 11:45:00,14319.0,549.1486666666666,25.74093333333333,77.8104,1.8912333333333333,0.8145274771862612,-0.5801249769735697,15.0
2022-03-17 12:00:00,12487.667,515.1073333333334,25.486866666666668,78.63106666666665,2.1735200000000003,0.8324122076555108,-0.5541569421617658,15.0
2022-03-17 12:15:00,11684.333,671.5273333333333,25.901133333333334,77.46700000000001,2.23034,0.7959456557633077,-0.6053680806513655,15.0
2022-03-17 12:30:00,21720.334,616.3093333333333,27.045066666666667,73.018,2.9960999999999998,0.7541062075842924,-0.6567524858596548,15.0
2022-03-17 12:45:00,18581.666,645.8606666666667,26.233533333333334,74.77173333333333,2.808046666666667,0.7311155947298639,-0.6822536091093966,15.0
2022-03-17 13:00:00,11222.0,619.4966666666667,26.4844,74.54413333333333,3.09302,0.6438031637347491,-0.7651911436792299,15.0
2022-03-17 13:15:00,13894.333,527.7073333333333,26.455066666666667,74.15166666666667,2.5308,0.7225329090087141,-0.6913365283271274,15.0
2022-03-17 13:30:00,5660.3335,261.84133333333335,25.223266666666667,77.74093333333333,1.428748,0.9383474977959092,-0.34569346736690904,15.0
2022-03-17 13:45:00,6032.3335,318.72933333333333,24.6832,79.92093333333334,1.4795466666666668,0.9155994442341728,-0.4020916036403569,15.0
2022-03-17 14:00:00,5327.3335,241.63066666666666,24.0478,82.15259999999999,1.9015666666666666,0.7865256152280365,-0.6175576544664949,15.0
2022-03-17 14:15:00,10837.0,306.878,23.82473333333333,83.29786666666668,1.5178333333333331,0.6201898547651258,-0.7844517474302751,15.0
2022-03-17 14:30:00,11717.333,330.41066666666666,24.048066666666667,82.8372,2.0840533333333333,0.5159453831215066,-0.8566214809562049,15.0
2022-03-17 14:45:00,7659.0,275.2506666666667,24.254066666666667,82.08293333333333,1.8977666666666666,0.4297547977425007,-0.9029456317061966,15.0
2022-03-17 15:00:00,7851.0,271.93333333333334,24.174533333333333,82.32326666666667,1.7352413333333334,0.3784439941983923,-0.9256241911570631,15.0
2022-03-17 15:15:00,9230.0,329.794,24.8324,79.65306666666667,0.83582,0.9964628268288201,0.08403472346784205,15.0
2022-03-17 15:30:00,6455.0,156.90906666666666,25.762999999999998,75.2274,1.02399,0.9948052370459093,0.10179656352761761,15.0
2022-03-17 15:45:00,10115.0,365.54866666666663,25.0218,78.8806,1.2336153333333333,0.24184286547331932,-0.9703154272810743,15.0
2022-03-17 16:00:00,9607.333,328.4786666666667,25.151400000000002,77.46753333333332,0.8961633333333334,0.90499344332446,-0.42542551350352453,15.0
2022-03-17 16:15:00,6992.6665,242.10466666666667,24.660466666666665,78.8874,0.8654686666666667,0.17258355775907247,-0.9849948809974705,15.0
2022-03-17 16:30:00,6210.0,218.33599999999998,24.764400000000002,79.22553333333333,1.0160746666666667,0.13532361408860707,-0.990801453102486,15.0
2022-03-17 16:45:00,5232.0,187.87333333333333,23.6828,83.6308,0.9551313333333333,0.6724443192089085,-0.7401477133408355,15.0
2022-03-17 17:00:00,4792.3335,186.68866666666665,22.973066666666668,86.8378,1.1056300000000001,0.5327778134180536,-0.8462551633694636,15.0
2022-03-17 17:15:00,3532.3333,136.93800000000002,22.891066666666667,86.88173333333333,0.5803006666666667,-0.06196484453113789,-0.9980783326183531,15.0
2022-03-17 17:30:00,1422.0,61.69866666666667,22.7706,87.3026,1.019516,-0.629047268585465,-0.7773670522251158,15.0
2022-03-17 17:45:00,691.6667,29.741600000000002,22.959333333333333,86.78673333333333,0.8420813333333332,-0.5583755912620719,-0.82958827082037,15.0
2022-03-17 18:00:00,244.66667,15.294333333333332,22.51813333333333,88.54293333333334,0.840906,0.2902877281077413,-0.9569394102606738,15.0
2022-03-17 18:15:00,32.666668,7.273106666666666,22.198933333333333,89.91206666666668,1.0065913333333334,-0.6820570747028691,-0.7312989449245533,15.0
2022-03-17 18:30:00,0.0,2.5861266666666665,22.147199999999998,91.13553333333333,0.8144446666666667,-0.6260505050310234,-0.7797825114417484,15.0
2022-03-17 18:45:00,0.0,1.5208533333333334,22.38266666666667,90.2288,0.9254973333333333,-0.9605293414675983,-0.2781786910958889,15.0
2022-03-17 19:00:00,0.0,1.4180933333333334,22.26066666666667,89.75240000000001,1.2110126666666665,-0.6521724995814899,-0.7580705974971141,15.0
2022-03-17 21:00:00,0.0,1.6900533333333334,22.456266666666668,89.65393333333333,0.8894533333333333,-0.9948167802812187,-0.101683694223359,120.0
2022-03-17 23:00:00,0.0,4.798373333333333,21.369933333333332,95.03773333333334,0.5349546666666666,0.4603753891980882,-0.8877243384185819,120.0
2022-03-18 01:00:00,0.0,5.033686666666667,21.580266666666667,93.25926666666668,1.0582926666666668,-0.9490523386526023,0.3151184832694304,120.0
2022-03-18 03:00:00,0.0,4.05608,21.855866666666667,92.6544,1.4403593333333333,-0.8924178782353115,-0.45120985207105646,120.0
2022-03-18 05:00:00,0.0,4.2031133333333335,21.4728,93.8406,1.057094,-0.7769335654361573,0.6295825878299528,120.0
2022-03-18 06:00:00,0.0,3.2406133333333336,21.66326666666667,92.78999999999999,0.4547906666666667,0.8496565484683801,0.5273364672055207,60.0
2022-03-18 06:15:00,0.0,4.86462,21.570266666666665,93.72066666666666,0.5920293333333333,-0.6618118291893345,-0.7496699958949051,15.0
2022-03-18 06:30:00,17.5,9.221866666666667,21.60553333333333,93.61873333333332,0.73018,-0.6971067091062891,-0.7169673884626828,15.0
2022-03-18 06:45:00,348.33334,23.559066666666663,21.83986666666667,93.12446666666666,0.727796,-0.43429853024240583,-0.9007689973735142,15.0
2022-03-18 07:00:00,920.6667,45.001999999999995,22.019000000000002,92.57480000000001,0.9493820000000001,-0.9732377293971382,-0.22980061374570537,15.0
2022-03-18 07:15:00,1572.6666,74.07639999999999,22.376266666666666,91.2984,0.587264,-0.8951782398905956,-0.4457083338085292,15.0
2022-03-18 07:30:00,2548.6667,117.5646,22.773933333333332,90.57306666666666,0.814944,0.5020441659394403,-0.8648419829345542,15.0
2022-03-18 07:45:00,3463.6667,153.13066666666666,23.469733333333334,87.34893333333333,0.8259766666666667,-0.6887334428583699,-0.7250146513612373,15.0
2022-03-18 08:00:00,3880.0,161.59799999999998,24.324866666666665,84.96313333333333,0.631962,0.3117070157076597,-0.9501782655684273,15.0
2022-03-18 08:15:00,5404.3335,196.522,24.76813333333333,82.14013333333334,0.748934,0.30534077086805256,-0.9522431483847512,15.0
2022-03-18 08:30:00,6618.6665,243.60466666666667,25.015266666666665,81.74166666666666,0.6411813333333334,0.9526296377624051,-0.3041328217352887,15.0
2022-03-18 08:45:00,8430.667,313.40933333333334,26.041,77.3692,0.8935333333333334,0.9848791947546768,0.17324252289602432,15.0
2022-03-18 09:00:00,10018.667,358.67199999999997,27.57473333333333,71.46413333333334,1.5259533333333333,0.9663480397007879,0.2572381506822899,15.0
2022-03-18 09:15:00,11021.333,448.32866666666666,28.95133333333333,66.30466666666668,2.13706,0.28966798806658806,0.9571271894003717,15.0
2022-03-18 09:30:00,6360.3335,243.75333333333336,29.387733333333333,64.73506666666667,1.8700466666666666,0.5238989305080259,-0.8517804356831323,15.0
2022-03-18 09:45:00,10604.667,397.2966666666667,28.871666666666666,66.92553333333333,1.55142,0.6705933970051875,0.7418251113928693,15.0
2022-03-18 10:00:00,16160.0,622.0033333333333,29.868533333333335,63.37506666666666,0.9903333333333334,0.6463565328942689,0.7630355380877748,15.0
2022-03-18 10:15:00,9496.0,315.67333333333335,30.288400000000003,61.379400000000004,1.0527446666666667,0.9592133868603143,-0.28268299996279406,15.0
2022-03-18 10:30:00,10122.667,260.2646666666667,27.485133333333334,71.67313333333333,1.22149,0.8364398732878754,-0.5480586997522829,15.0
2022-03-18 10:45:00,9139.333,432.26933333333335,26.703266666666664,74.16986666666666,1.1397066666666666,0.836541252518293,-0.5479039448983055,15.0
2022-03-18 11:00:00,14410.667,563.8213333333333,27.416999999999998,71.9656,1.7720866666666666,0.8821597467005244,-0.47095029599870364,15.0
2022-03-18 11:15:00,5872.3335,236.87533333333334,26.8822,72.88793333333334,1.11785,0.8801240683373567,-0.4747437459654417,15.0
2022-03-18 11:30:00,8659.333,245.27133333333333,26.75133333333333,73.76706666666668,0.8468833333333333,0.976118384992091,-0.21723926551254938,15.0
2022-03-18 11:45:00,3288.3333,138.34933333333336,26.193733333333334,76.20646666666667,0.9797593333333333,0.4414014490513598,-0.8973097351390766,15.0
2022-03-18 12:00:00,2043.6666,103.88473333333333,25.632133333333332,78.00826666666667,0.6673706666666667,0.8283348674928502,-0.5602332972035866,15.0
2022-03-18 12:15:00,3220.3333,175.6402,24.938133333333333,82.75126666666667,1.3693199999999999,0.8426159759961855,-0.5385149180811946,15.0
2022-03-18 12:30:00,6870.3335,256.83733333333333,24.551066666666667,83.75466666666667,2.1713933333333335,0.6592058348205727,-0.751962543840125,15.0
2022-03-18 12:45:00,3021.6667,136.43686666666665,24.956000000000003,81.02493333333334,1.95572,0.5984737583844294,-0.8011424096408926,15.0
2022-03-18 13:00:00,1757.3334,89.8218,24.741466666666668,83.81173333333332,0.9095593333333334,0.2627393313594112,-0.9648668528645854,15.0
2022-03-18 13:15:00,2820.3333,98.64986666666667,24.811,85.62526666666666,0.91017,0.9906503914219214,-0.1364250782502764,15.0
2022-03-18 13:30:00,3222.3333,126.76093333333333,24.625466666666668,84.7924,1.745092,-0.7587182700706293,-0.65141890259727,15.0
2022-03-18 13:45:00,3996.6667,143.0966666666667,24.87333333333333,83.679,1.2573273333333332,-0.5529650516751506,-0.8332044476752978,15.0
2022-03-18 14:00:00,4259.6665,170.72866666666667,25.477266666666665,83.1966,1.0901214285714287,0.3543303484326264,-0.9351203153496418,15.0
2022-03-18 14:15:00,4324.3335,166.46866666666668,26.237399999999997,78.62373333333333,0.7268071428571429,0.14489119476773482,-0.9894475942053618,15.0
2022-03-18 14:30:00,11839.667,444.9686666666667,26.73346666666667,77.74093333333333,1.0897233333333332,0.8794586818500043,-0.47597523771584255,15.0
2022-03-18 14:45:00,8751.0,368.748,27.574599999999997,73.80766666666666,1.101318,0.8707055550283592,-0.4918046730590884,15.0
2022-03-18 15:00:00,10004.667,325.06800000000004,26.847466666666666,76.85866666666668,1.0804553333333333,0.7765818190304146,-0.6300164111762585,15.0
2022-03-18 15:15:00,9283.333,314.8693333333333,26.748800000000003,75.04273333333335,0.908662,0.9910706036361897,0.13333813636090214,15.0
2022-03-18 15:30:00,6983.3335,241.898,26.620133333333335,74.37073333333333,1.2289213333333333,0.5631703493912772,-0.8263408240953044,15.0
2022-03-18 15:45:00,5456.3335,191.79800000000003,26.299466666666667,76.3206,0.843472,0.9365368344125424,0.3505691911570869,15.0
2022-03-18 16:00:00,3253.3333,129.83606666666665,26.81246666666667,74.14386666666668,2.067973333333333,-0.44202728082501885,-0.8970016070255615,15.0
2022-03-18 16:15:00,1152.0,58.04306666666667,26.467533333333332,74.72666666666667,2.279702,-0.9943663589476951,0.10599784994566393,15.0
2022-03-18 16:30:00,1748.3334,64.09053333333333,25.562933333333334,77.1478,0.828932,0.36109621055605884,-0.9325285661694522,15.0
2022-03-18 16:45:00,2713.0,98.08766666666666,24.977733333333333,79.0442,0.7170633333333334,0.928568768081317,-0.37116040056011523,15.0
2022-03-18 17:00:00,2632.3333,95.385,25.373866666666668,76.83606666666667,0.8878166666666666,-0.8579837501150528,0.5136768288900235,15.0
2022-03-18 17:15:00,1567.6666,59.47873333333334,25.515666666666668,78.7636,0.8632299999999999,0.3977329949472317,-0.9175012069367022,15.0
2022-03-18 17:30:00,1277.3334,49.864466666666665,24.561266666666665,82.2946,1.1664326666666667,0.3564771063100141,-0.9343040579366221,15.0
2022-03-18 17:45:00,805.6667,33.67486666666667,23.917266666666666,84.1084,1.20146,0.49820528285603843,-0.8670591076358836,15.0
2022-03-18 18:00:00,530.3333,25.35233333333333,23.723733333333332,84.61840000000001,0.9298540000000001,0.609656456357758,-0.7926657588298495,15.0
2022-03-18 18:15:00,101.666664,10.336720000000001,23.389333333333333,86.4542,1.0286406666666668,-0.9736410189573902,0.2280858746253588,15.0
2022-03-18 18:30:00,0.0,2.5640266666666665,23.53373333333333,85.69833333333332,1.4373466666666666,-0.9768623866467693,0.21386883259319922,15.0
2022-03-18 18:45:00,0.0,1.4473200000000002,23.50273333333333,85.92593333333333,1.8323266666666667,-0.9836474612433089,-0.18010461401528038,15.0
2022-03-18 19:00:00,0.0,1.26365,23.322,86.9468,2.1526066666666663,-0.422628807082038,0.9063028695885352,15.0
2022-03-18 21:00:00,0.0,1.3006,22.2558,91.93260000000001,0.8715786666666666,-0.46841304902730396,-0.883509601250006,120.0
2022-03-18 23:00:00,0.0,5.327333333333333,21.603933333333334,96.756,0.6709966666666667,0.5100701123014965,-0.860132827263754,120.0
2022-03-19 01:00:00,0.0,6.56224,21.35346666666667,96.50526666666666,0.5068086666666667,-0.5044974853174388,-0.8634131614171634,120.0
2022-03-19 03:00:00,0.0,6.60624,21.20553333333333,98.0172,0.682484,0.999994654916743,-0.003269577640001876,120.0
2022-03-19 05:00:00,0.0,6.613393333333334,21.16193333333333,98.44426666666666,1.3302353333333334,0.882265702835521,-0.47075177068189994,120.0
2022-03-19 06:45:00,0.0,8.722293333333335,21.112866666666665,98.62906666666666,2.0136133333333333,0.98399117543194,-0.17821718960882818,105.0
2022-03-19 07:00:00,0.0,8.26658,20.949066666666667,98.66866666666667,3.03464,0.9792067627029047,-0.20286477239012485,15.0
2022-03-19 07:15:00,16.0,10.147553333333333,20.4574,98.75353333333332,3.3189533333333334,0.8819788497423071,-0.4712889862995282,15.0
2022-03-19 07:30:00,188.0,20.236133333333335,20.17053333333333,98.8288,1.7430146666666668,0.9523642239476228,-0.3049629238852525,15.0
2022-03-19 07:45:00,131.0,20.2366,20.10506666666667,98.92553333333333,0.8763493333333334,0.9974698170876375,0.07109123714745053,15.0
2022-03-19 08:00:00,251.33333,24.367,20.275666666666666,99.02220000000001,1.5022442857142857,0.9958109712037948,0.09143582246666244,15.0
2022-03-19 08:15:00,385.66666,27.372733333333333,20.316933333333335,99.0136,1.92364,0.9988997190057572,0.04689724267181713,15.0
2022-03-19 08:30:00,577.3333,35.184066666666666,20.3542,99.08833333333334,2.1195,0.979795255440277,-0.20000314351710177,15.0
2022-03-19 08:45:00,811.0,39.6672,20.248466666666666,99.06026666666666,2.3231800000000002,0.987060440090758,-0.16034864392266954,15.0
2022-03-19 09:00:00,892.6667,40.85053333333334,20.148733333333332,99.10533333333333,1.8755333333333333,0.9887791625485072,-0.149384630099193,15.0
2022-03-19 09:15:00,929.6667,48.05226666666667,20.108600000000003,99.0778,2.6399866666666667,0.9468429499471149,-0.3216961736412871,15.0
2022-03-19 09:30:00,1418.6666,66.74013333333333,20.051066666666667,98.9968,2.2707266666666666,0.9384849870514749,-0.34532003862937494,15.0
2022-03-19 09:45:00,2718.6667,96.57446666666667,20.03166666666667,98.91246666666666,1.7555666666666667,0.9869954313811895,-0.16074830771320645,15.0
2022-03-19 10:00:00,3111.0,116.29733333333334,20.148733333333332,98.72386666666667,1.541882,0.998775534801974,-0.04947151787676326,15.0
2022-03-19 10:15:00,3696.6667,119.33253333333333,20.348533333333332,97.99566666666666,1.5163733333333334,0.9881467138734955,-0.15351244855389504,15.0
2022-03-19 10:30:00,4122.3335,151.41446666666667,20.3406,96.8256,1.7541733333333334,0.9524791245825571,-0.3046038693688011,15.0
2022-03-19 10:45:00,4961.3335,169.326,20.721866666666664,95.7116,2.0343133333333334,0.7291916106134401,-0.6843095754196176,15.0
2022-03-19 11:00:00,4966.6665,162.42839999999998,20.971466666666668,92.25966666666666,1.78218,0.9614682887237643,-0.2749158594526625,15.0
2022-03-19 11:15:00,5815.3335,145.12953333333334,21.13906666666667,90.00953333333334,2.3387466666666668,0.9593218586268689,-0.28231466763292634,15.0
2022-03-19 11:30:00,5012.6665,181.42000000000002,21.2866,89.49186666666667,2.1656,0.7701496960835449,-0.6378631872293804,15.0
2022-03-19 11:45:00,5556.0,169.88666666666668,21.252266666666667,88.90973333333334,1.9700866666666668,0.8394997617050466,-0.5433600556695073,15.0
2022-03-19 12:00:00,7863.0,276.01733333333334,21.2576,89.00073333333333,1.2679573333333332,0.9137341897552936,-0.4063124788536983,15.0
2022-03-19 12:15:00,8503.0,339.68266666666665,22.125466666666668,85.212,1.1587226666666666,0.9893169901518617,0.14578029015220523,15.0
2022-03-19 12:30:00,8881.333,311.33133333333336,22.697733333333336,82.32186666666666,1.4333646666666666,0.9667683796480542,-0.25565386778352445,15.0
2022-03-19 12:45:00,6870.3335,203.83066666666667,22.526,84.17406666666668,2.262246666666667,0.7039651424479509,-0.7102345233922638,15.0
2022-03-19 13:00:00,5804.0,190.86866666666668,21.974733333333333,85.58200000000001,3.64364,0.5803050344889874,-0.8143992061309583,15.0
2022-03-19 13:15:00,6749.3335,225.30333333333334,21.742133333333335,86.98466666666667,2.895413333333333,0.637181894422759,-0.7707134574015326,15.0
2022-03-19 13:30:00,6698.3335,207.02866666666668,21.745933333333333,86.4532,2.9454866666666666,0.5885004362320966,-0.8084968995330978,15.0
2022-03-19 13:45:00,6998.6665,215.58826666666667,21.629866666666665,86.7638,2.6966733333333335,0.6517013562501205,-0.7584756701844519,15.0
2022-03-19 14:00:00,6317.0,229.12133333333335,21.612199999999998,86.54046666666666,2.3532733333333336,0.6476501501236618,-0.7619378472321731,15.0
2022-03-19 14:15:00,6988.0,231.77466666666666,21.555333333333333,86.84466666666667,1.8066933333333333,0.7632324697825288,-0.646123979642964,15.0
2022-03-19 14:30:00,6919.3335,237.994,21.529466666666668,86.94586666666667,1.7662133333333334,0.686377040001834,-0.7272458724243959,15.0
2022-03-19 14:45:00,6175.0,198.62266666666667,21.67,86.7716,2.206713333333333,0.7314171817406155,-0.6819302796141372,15.0
2022-03-19 15:00:00,5185.0,161.446,21.685799999999997,85.70353333333333,2.8613333333333335,0.6120700679707957,-0.7908035355853094,15.0
2022-03-19 15:15:00,3810.0,140.88333333333333,21.4162,86.5166,2.5957933333333334,0.6860215586772098,-0.727581212669824,15.0
2022-03-19 15:30:00,3125.0,124.93533333333333,21.24706666666667,87.49706666666665,2.402826666666667,0.6804310158935681,-0.7328121400536749,15.0
2022-03-19 15:45:00,3237.0,121.37933333333334,21.235866666666666,87.93226666666666,2.14384,0.8151884534415182,-0.5791958091834104,15.0
2022-03-19 16:00:00,2205.3333,66.44066666666667,20.95426666666667,89.44993333333333,2.34456,0.9408756450335132,-0.33875215214485427,15.0
2022-03-19 16:15:00,1601.3334,61.653733333333335,20.8692,90.72913333333332,1.8569866666666668,0.9746748800454924,-0.22362664914608213,15.0
2022-03-19 16:30:00,1326.3334,48.0186,20.776866666666667,91.65740000000001,2.2027,0.9256858264173209,-0.3782932074067437,15.0
2022-03-19 16:45:00,979.0,39.062133333333335,20.554266666666667,92.7574,2.4856866666666666,0.953154071186385,-0.3024852336574792,15.0
2022-03-19 17:00:00,657.3333,30.655133333333332,20.4522,93.04326666666667,1.9416266666666668,0.9819971962835569,-0.1888954909235088,15.0
2022-03-19 17:15:00,394.0,24.101,20.43273333333333,93.4024,1.764,0.983566639459222,-0.18054546724549186,15.0
2022-03-19 17:30:00,203.0,16.569466666666667,20.414733333333334,93.94706666666666,1.6807126666666667,0.9984779518727767,-0.05515233108351041,15.0
2022-03-19 17:45:00,66.0,11.580466666666666,20.418733333333332,94.05279999999999,1.5032353333333333,0.9990080151917452,-0.044530726275794644,15.0
2022-03-19 18:00:00,4.3333335,7.325913333333333,20.396933333333333,93.96573333333335,1.9958533333333333,0.9885797907774748,-0.1506983651748226,15.0
2022-03-19 18:15:00,0.0,4.313373333333333,20.274133333333335,93.77786666666665,2.1380333333333335,0.9633909500400725,-0.2681004986584073,15.0
2022-03-19 18:30:00,0.0,2.10894,20.245866666666664,93.10226666666668,1.9480293333333334,0.953553062199041,-0.30122509452373275,15.0
2022-03-19 18:45:00,0.0,1.2492206666666665,20.219733333333334,93.34346666666667,1.494168,0.9855456136880113,-0.1694102810939204,15.0
2022-03-19 20:45:00,0.0,1.1243453333333333,20.403599999999997,93.18793333333333,0.6436086666666667,0.34305318236370375,-0.9393159820157089,120.0
2022-03-19 22:45:00,0.0,1.0508359999999999,20.5018,93.9712,1.2782373333333332,0.8564965872895802,-0.516152686674498,120.0
2022-03-20 00:45:00,0.0,1.6901333333333333,20.566133333333333,95.04693333333333,1.0135866666666666,0.29987341006350304,-0.9539790028805069,120.0
2022-03-20 02:45:00,0.0,3.9756333333333336,19.96193333333333,97.60886666666667,2.2972466666666667,0.4262529995153205,-0.9046039909287336,120.0
2022-03-20 04:45:00,0.0,4.754653333333334,19.481733333333334,97.68853333333333,3.2683999999999997,0.9697866346637366,-0.24395467453521835,120.0
2022-03-20 06:45:00,0.0,7.547706666666667,18.807466666666667,99.22313333333334,3.71354,0.9880446832426659,-0.15416777846197263,120.0
2022-03-20 07:15:00,0.0,10.679026666666665,18.525866666666666,99.22186666666667,4.33608,0.9800488527055233,-0.19875675161007103,30.0
2022-03-20 07:30:00,0.0,11.414033333333332,18.452133333333332,99.1912,3.914753333333333,0.9849741904847064,-0.172701604158726,15.0
2022-03-20 07:45:00,35.0,13.280886666666667,18.40886666666667,99.22713333333333,3.1653666666666664,0.9990965688903548,-0.042497600303081424,15.0
2022-03-20 08:00:00,198.33333,19.535266666666665,18.312866666666665,99.1474,4.244126666666667,0.9877779138335016,-0.15586787014242437,15.0
2022-03-20 08:15:00,112.666664,14.229273333333333,18.213066666666666,98.8814,4.344453333333333,0.9951248952406154,-0.09862272999848522,15.0
2022-03-20 08:30:00,140.0,16.9486,18.171933333333335,98.80846666666666,3.3814866666666665,0.9995232652384329,-0.030874621408227065,15.0
2022-03-20 08:45:00,247.0,22.335866666666668,18.054266666666663,98.8978,3.8157733333333335,0.9887946269516743,-0.14928223508341237,15.0
2022-03-20 09:00:00,431.66666,27.083000000000002,18.051266666666667,99.08486666666666,3.2217,0.9947958175437595,-0.10188857343904312,15.0
2022-03-20 09:15:00,252.33333,21.225733333333334,18.05506666666667,99.15773333333333,3.4138066666666664,0.992552389603035,-0.12181852853037155,15.0
2022-03-20 09:30:00,197.66667,20.630733333333335,18.078133333333334,99.1376,3.3351266666666666,0.9975679446404327,-0.0697007591483941,15.0
2022-03-20 09:45:00,96.666664,16.4556,18.087933333333336,99.10486666666667,2.776946666666667,0.999538269426326,-0.030384995511360233,15.0
2022-03-20 10:00:00,297.66666,20.776866666666667,18.1422,99.01786666666666,2.7990133333333334,0.9968303682518828,0.07955637580241934,15.0
2022-03-20 10:15:00,249.0,20.2184,18.169866666666667,98.9336,2.0843599999999998,0.9986668500218328,-0.05161901459220426,15.0
2022-03-20 10:30:00,234.66667,20.666666666666668,18.197266666666668,98.96933333333332,2.167666666666667,0.9563404687681326,0.29225486787451194,15.0
2022-03-20 10:45:00,766.3333,33.84473333333333,18.193666666666665,98.99086666666668,1.722322,0.9988739229510263,0.047443503753697554,15.0
2022-03-20 11:00:00,331.66666,22.600666666666665,18.209999999999997,99.05353333333333,2.1596333333333333,0.9988755784331755,0.047408636447264875,15.0
2022-03-20 11:15:00,795.3333,36.05653333333333,17.962666666666667,99.029,2.94836,0.9986612584599822,-0.05172708044269017,15.0
2022-03-20 11:30:00,836.0,35.5048,17.950933333333335,99.22113333333333,2.2569466666666664,0.9997161171450334,0.023826143633786073,15.0
2022-03-20 11:45:00,1094.3334,42.6698,17.958199999999998,99.2324,2.311786666666667,0.9978565634895806,0.06543912209652927,15.0
2022-03-20 12:00:00,804.3333,38.8926,17.85533333333333,99.17353333333334,2.4460866666666665,0.9971141132029052,-0.07591735803875169,15.0
2022-03-20 12:15:00,623.3333,31.476666666666667,17.832266666666666,99.24426666666666,2.492586666666667,0.9859900210574016,0.16680431162060766,15.0
2022-03-20 12:30:00,1343.6666,51.71026666666667,17.967133333333333,99.31806666666667,2.227886666666667,0.9735363742735652,0.22853211583119049,15.0
2022-03-20 12:45:00,976.0,37.55533333333334,18.040133333333337,99.25393333333334,1.6870086666666666,0.9100268818628713,0.4145492422944948,15.0
2022-03-20 13:00:00,738.3333,35.43046666666667,18.184666666666665,99.26066666666667,2.6097466666666667,0.48257630230159815,0.8758539332884888,15.0
2022-03-20 13:15:00,1130.6666,46.27846666666667,18.2024,99.08840000000001,2.7628066666666666,0.5993971422937769,0.8004517885607189,15.0
2022-03-20 13:30:00,1551.3334,56.93513333333333,18.2396,99.03426666666665,2.3982466666666666,0.8689979256878679,0.4948157284789791,15.0
2022-03-20 13:45:00,1701.6666,65.38719999999999,18.3254,98.87706666666666,2.0389086666666665,0.941772965073106,0.3362494345830342,15.0
2022-03-20 14:00:00,1871.0,57.36106666666667,18.284466666666667,98.59826666666666,2.32774,0.9995530685505277,-0.029894199290565134,15.0
2022-03-20 14:15:00,1302.6666,33.62957333333333,18.2442,98.68553333333332,2.102393333333333,0.9962808106681076,-0.08616580699151066,15.0
2022-03-20 14:30:00,1390.3334,39.88436,18.2264,98.51926666666667,2.5752933333333337,0.9900307061565989,-0.1408516981334132,15.0
2022-03-20 14:45:00,1306.6666,38.68775333333333,18.245,98.4402,2.387513333333333,0.9906672893900453,-0.13630231741456295,15.0
2022-03-20 15:00:00,1448.0,42.642073333333336,18.384333333333334,98.286,2.011486666666667,0.9953597707174633,-0.09622331753415594,15.0
2022-03-20 15:15:00,1857.3334,57.481199999999994,18.552733333333332,98.02426666666666,2.1776657142857143,0.9989475959227472,0.0458661160353019,15.0
2022-03-20 15:30:00,1204.3334,43.2292,18.746399999999998,97.5496,1.6308133333333332,0.9929652325653023,0.11840627904184366,15.0
2022-03-20 15:45:00,1277.0,44.22213333333333,18.728599999999997,96.932,1.80324,0.999225926813872,0.039338876228974834,15.0
2022-03-20 16:00:00,1112.6666,42.84733333333334,18.663733333333333,96.92726666666667,1.8182599999999998,0.9985870094252743,0.053141176192168245,15.0
2022-03-20 16:15:00,1170.6666,40.39373333333333,18.592,97.07473333333333,1.9898266666666666,0.9987828343632084,-0.049323927067863683,15.0
2022-03-20 16:30:00,1034.6666,33.794066666666666,18.532333333333334,97.51793333333333,2.510753333333333,0.9842102339798258,-0.1770034331005377,15.0
2022-03-20 16:45:00,417.33334,19.491606666666666,18.365599999999997,98.25973333333333,3.0884133333333335,0.9839772789790902,-0.17829389909053472,15.0
2022-03-20 17:00:00,220.0,16.712933333333332,18.246399999999998,98.73620000000001,3.2441133333333334,0.9672689338085034,-0.2537534427135148,15.0
2022-03-20 17:15:00,181.33333,14.243,18.220266666666664,99.04753333333333,1.9957866666666666,0.9978442871385841,-0.06562605141931781,15.0
2022-03-20 17:30:00,14.666667,7.863733333333333,18.2754,99.06493333333333,1.70056,0.9968649863770334,-0.07912141894276856,15.0
2022-03-20 17:45:00,0.0,4.1450466666666665,18.2568,98.98626666666668,2.452926666666667,0.9937010756416556,-0.11206325119599571,15.0
2022-03-20 18:00:00,0.0,3.439533333333333,18.209133333333334,99.05786666666667,2.9877933333333333,0.9384685122610625,-0.3453648092879586,15.0
2022-03-20 18:15:00,0.0,2.3078,18.201133333333335,98.9272,2.772766666666667,0.9741597231381036,-0.22586020857046335,15.0
2022-03-20 20:15:00,0.0,1.2494113333333334,18.701999999999998,94.58953333333334,2.385406666666667,0.9860330751723951,0.16654961622912762,120.0
2022-03-20 22:15:00,0.0,1.1832373333333335,19.003533333333333,94.50680000000001,2.78828,0.9753654265419087,-0.22059529620261709,120.0
2022-03-21 00:15:00,0.0,1.367048,19.258866666666666,94.75586666666666,2.6280466666666666,0.9666242524282441,-0.25619827208148416,120.0
2022-03-21 02:15:00,0.0,2.8735733333333333,19.5468,97.30013333333333,1.3434073333333332,0.9995087508146587,-0.031340980280144363,120.0
2022-03-21 04:15:00,0.0,1.3962866666666665,19.889799999999997,96.46666666666667,0.945816,0.9869334482239839,-0.16112842324281904,120.0
2022-03-21 06:15:00,0.0,2.14586,20.169466666666665,98.43126666666667,0.8832193333333332,0.954967828406765,0.2967093640383928,120.0
2022-03-21 06:30:00,0.0,3.5347733333333333,20.243933333333334,98.4276,0.878166,0.8635385786502463,0.5042827809698764,15.0
2022-03-21 06:45:00,18.333334,7.356093333333334,20.30666666666667,98.42086666666667,1.2878079999999998,0.9799958584638114,-0.19901788209549715,15.0
2022-03-21 07:00:00,189.33333,11.625533333333333,20.345266666666664,98.48780000000001,1.3018133333333333,0.9260801493877838,-0.37732685686272044,15.0
2022-03-21 07:15:00,354.66666,15.623393333333333,20.4228,98.502,0.9830559999999999,0.6817174901322652,-0.7316155162705099,15.0
2022-03-21 07:30:00,837.3333,31.790333333333333,20.492933333333333,98.39626666666666,1.2177806666666666,0.9727505252035278,-0.2318542984640586,15.0
2022-03-21 07:45:00,847.0,30.055933333333332,20.648533333333333,98.2286,1.0793306666666667,0.8466330984113235,-0.5321770350874249,15.0
2022-03-21 08:00:00,838.6667,33.9582,20.660466666666665,97.8404,1.66572,0.8722605316874978,-0.4890414756032903,15.0
2022-03-21 08:15:00,854.3333,38.63153333333333,20.651799999999998,97.76746666666666,1.7510533333333334,0.9081772701034885,-0.41858576906934547,15.0
2022-03-21 08:30:00,1180.3334,48.412333333333336,20.707933333333333,97.75626666666668,1.7972333333333335,0.9144094510357765,-0.40479050860469756,15.0
2022-03-21 08:45:00,1603.6666,64.2856,20.848599999999998,97.59053333333333,2.184073333333333,0.9239062466033771,-0.3826189324736295,15.0
2022-03-21 09:00:00,1453.6666,47.714000000000006,20.958000000000002,97.59346666666667,2.45916,0.8480234316754457,-0.5299587336098922,15.0
2022-03-21 09:15:00,1889.0,80.27946666666666,21.02286666666667,97.51153333333333,2.6112933333333332,0.8406233264377855,-0.5416201833837734,15.0
2022-03-21 09:30:00,2044.6666,75.15686666666667,21.0028,97.52793333333334,3.214493333333333,0.9093958823662361,-0.4159316399786565,15.0
2022-03-21 09:45:00,1970.3334,79.00433333333334,21.026533333333337,97.57926666666667,3.2522,0.850113349146933,-0.526599747058603,15.0
2022-03-21 10:00:00,3061.6667,86.71593333333334,20.984733333333335,97.50859999999999,2.306573333333333,0.9207283836720588,-0.3902041049254072,15.0
2022-03-21 10:15:00,2625.6667,83.7466,21.054066666666664,97.2798,1.9524926666666667,0.9137162237527514,-0.4063528792207727,15.0
2022-03-21 10:30:00,3155.6667,99.00746666666667,20.977333333333334,97.1918,1.64688,0.957372617349327,-0.28885579715439164,15.0
2022-03-21 10:45:00,3995.6667,109.66533333333334,21.276933333333332,95.30913333333334,1.6115693333333332,0.9836470002053711,0.1801071319714316,15.0
2022-03-21 11:00:00,4914.3335,160.282,21.553933333333337,92.59033333333333,2.0255266666666665,0.9968253676097064,-0.07961900834457572,15.0
2022-03-21 11:15:00,5580.3335,182.96533333333335,21.5152,91.83993333333333,2.2366873333333337,0.9269120611335591,-0.375278604406296,15.0
2022-03-21 11:30:00,6050.6665,190.36533333333333,21.460533333333334,91.73686666666666,2.4427066666666666,0.8925123598321396,-0.45102293461293663,15.0
2022-03-21 11:45:00,5507.3335,171.47533333333334,21.618333333333332,90.92726666666667,1.9454873333333333,0.9248242391464615,-0.38039469855292213,15.0
2022-03-21 12:00:00,3770.0,106.01186666666666,21.3988,90.75433333333334,2.609353333333333,0.871013821522581,-0.49125850905264673,15.0
2022-03-21 12:15:00,3758.6667,112.714,21.126199999999997,91.44366666666666,2.454232666666667,0.9298381526977205,-0.3679687619726579,15.0
2022-03-21 12:30:00,2615.0,74.42513333333333,21.158666666666665,91.75986666666667,1.7669466666666667,0.727070148690224,-0.6865631790910255,15.0
2022-03-21 12:45:00,3593.6667,95.24166666666666,21.128066666666665,91.7672,2.1213133333333336,0.7961146753854713,-0.6051457870925696,15.0
2022-03-21 13:00:00,3268.3333,106.08666666666666,21.1976,91.58506666666668,2.317286666666667,0.6607967611553561,-0.7505648809041037,15.0
2022-03-21 13:15:00,3773.3333,121.02446666666667,21.192733333333333,91.66186666666665,2.735406666666667,0.6938125312061132,-0.7201556578555542,15.0
2022-03-21 13:30:00,3865.0,129.36666666666667,21.208333333333332,91.43253333333334,2.8115666666666663,0.6430282379217666,-0.7658424676362809,15.0
2022-03-21 13:45:00,3457.3333,84.78653333333334,21.207533333333334,91.08313333333334,2.511306666666667,0.6697011032535026,-0.7426307509799479,15.0
2022-03-21 14:00:00,3388.3333,110.606,21.022066666666667,91.8058,2.7527066666666666,0.7499571550619147,-0.6614864061879422,15.0
2022-03-21 14:15:00,2872.3333,93.19913333333334,20.82633333333333,92.6418,2.71472,0.7513639579941244,-0.6598880227943251,15.0
2022-03-21 14:30:00,2356.3333,75.13886666666667,20.477466666666665,94.46486666666667,2.8065066666666665,0.8480789241743427,-0.5298699258981296,15.0
2022-03-21 14:45:00,2442.6667,81.9356,20.151933333333332,96.23606666666666,2.0885466666666668,0.8537447292198203,-0.5206917872689907,15.0
2022-03-21 15:00:00,2633.3333,105.18033333333332,20.135466666666666,97.41900000000001,1.6854866666666666,0.8606531694072054,-0.5091916358202796,15.0
2022-03-21 15:15:00,2414.3333,82.93766666666667,20.145,97.94053333333333,1.4953446666666668,0.8243831307577892,-0.5660322020185652,15.0
2022-03-21 15:30:00,1359.3334,53.842,20.082666666666668,99.4942,1.7543333333333335,0.8041059488739897,-0.5944860158031143,15.0
2022-03-21 15:45:00,1696.0,62.80753333333334,20.0184,99.79426666666667,1.6684860000000001,0.9008296281071537,-0.4341727549309457,15.0
2022-03-21 16:00:00,1702.6666,62.962666666666664,20.031266666666667,99.83453333333334,1.7038019999999998,0.8520316326295955,-0.5234903026786131,15.0
2022-03-21 16:15:00,1410.3334,56.52073333333333,20.0258,99.8302,2.10704,0.7807576766329692,-0.6248339382417442,15.0
2022-03-21 16:30:00,1283.0,49.909933333333335,19.979866666666666,99.84353333333334,2.0584599999999997,0.8185576311958068,-0.5744244113990191,15.0
2022-03-21 16:45:00,1003.0,42.3788,19.915599999999998,99.83093333333333,2.0113866666666667,0.7827819652162756,-0.6222960669425329,15.0
2022-03-21 17:00:00,660.0,29.636666666666667,19.875666666666667,99.84526666666666,2.1127333333333334,0.8156531988670432,-0.5785411473507823,15.0
2022-03-21 17:15:00,232.33333,16.578533333333333,19.7422,99.83306666666667,2.4246600000000003,0.8308226142842592,-0.5565373155448511,15.0
2022-03-21 17:30:00,259.33334,18.129133333333336,19.638733333333334,99.843,2.4923266666666666,0.8601372784324405,-0.510062606207154,15.0
2022-03-21 17:45:00,64.0,13.2346,19.580066666666667,99.83793333333332,1.5166893333333333,0.9516047744819501,-0.3073245079442198,15.0
2022-03-21 18:00:00,0.0,8.64936,19.473466666666663,99.8364,1.48049,0.8850152660266822,-0.46556200328175507,15.0
2022-03-21 18:15:00,0.0,6.8048866666666665,19.47253333333333,99.84586666666668,1.1608693333333333,0.981873464423147,-0.18953759485043312,15.0
2022-03-21 18:30:00,0.0,5.930413333333333,19.471933333333332,99.83286666666666,1.2665013333333335,0.9770938843469427,-0.21280869618463277,15.0
2022-03-21 20:30:00,0.0,5.849593333333333,19.769466666666666,99.83346666666667,1.5730333333333335,0.9162369109856655,-0.4006368966376483,120.0
2022-03-21 22:30:00,0.0,5.680533333333333,19.880466666666667,99.84826666666666,1.86928,0.3778612554136584,0.9258622314670871,120.0
2022-03-22 00:30:00,0.0,4.96774,19.886466666666664,99.83353333333334,1.0437153333333333,0.9909884995395614,0.13394698122887594,120.0
2022-03-22 02:30:00,0.0,4.10058,19.945333333333334,99.83380000000001,2.0115866666666666,0.6352174384104461,0.7723333515647703,120.0
2022-03-22 04:30:00,0.0,3.2922533333333335,19.963199999999997,99.82973333333332,0.9756186666666667,0.8475939756923664,-0.5306453169208301,120.0
2022-03-22 06:30:00,0.0,5.283753333333333,19.9274,99.8446,1.2973299999999999,0.6958375907666361,-0.7181991696431314,120.0
2022-03-22 06:45:00,0.0,9.479873333333334,19.862399999999997,99.82826666666666,1.0598193333333332,0.843710137305201,-0.5367990352156372,15.0
2022-03-22 07:00:00,170.66667,16.15272,19.940066666666667,99.835,0.7169220000000001,0.9991834783520588,-0.040402680459108845,15.0
2022-03-22 07:15:00,279.0,21.355666666666664,20.063,99.83273333333334,1.1304553333333334,0.7675158265335155,-0.6410299961940741,15.0
2022-03-22 07:30:00,767.0,37.537866666666666,20.0794,99.82826666666666,0.4667213333333333,0.2392521635792316,-0.9709574667423164,15.0
2022-03-22 07:45:00,863.0,36.303133333333335,20.296066666666665,99.8446,0.9993384615384616,0.6633165857905405,-0.7483388985046685,15.0
2022-03-22 08:00:00,639.0,21.752113333333334,20.342333333333332,99.83566666666667,0.5556846666666666,0.9936955980115081,0.11211181245770335,15.0
2022-03-22 08:15:00,955.0,47.20826666666667,20.389266666666668,99.84166666666667,0.9335986666666667,0.7932317757215618,0.6089198222965138,15.0
2022-03-22 08:30:00,2199.0,76.2948,20.769266666666667,99.8342,1.5132666666666668,-0.9923127983623435,-0.12375504113487605,15.0
2022-03-22 08:45:00,1261.0,52.93246666666666,20.904133333333334,99.83486666666666,0.8014173333333333,-0.24052372916847728,-0.9706432587242797,15.0
2022-03-22 09:00:00,2281.6667,87.2192,20.95586666666667,99.84840000000001,0.632276,0.9146530158317241,-0.40423985532098616,15.0
2022-03-22 09:15:00,2654.0,114.938,21.040599999999998,99.83619999999999,0.5766826666666667,0.3795076170947495,-0.9251886124283334,15.0
2022-03-22 09:30:00,4045.6667,167.58733333333333,21.58246666666667,99.84819999999999,0.82612,0.7675930933240769,0.6409374720525981,15.0
2022-03-22 09:45:00,5145.0,202.232,22.0458,99.83606666666667,0.9277513333333334,0.4452717516451048,0.8953954808836708,15.0
2022-03-22 10:00:00,4675.6665,170.91466666666668,21.936933333333336,99.8442,0.6648946666666667,0.8096334438100389,-0.5869358454416433,15.0
2022-03-22 10:15:00,3550.3333,137.31393333333332,22.290266666666664,99.85539999999999,0.9597913333333333,0.99901027299019,0.044480045639208175,15.0
2022-03-22 10:30:00,3832.6667,136.01166666666666,22.112933333333334,99.8472,0.7121273333333333,0.9926902304599238,0.12069012531861681,15.0
2022-03-22 10:45:00,3213.3333,102.4166,22.174599999999998,99.85726666666666,1.8698492857142859,0.7142170642116196,-0.6999242710386141,15.0
2022-03-22 11:00:00,2914.6667,99.37526666666666,22.123866666666668,99.84613333333333,0.6289586666666668,0.9742237546511284,0.22558385552485352,15.0
2022-03-22 11:15:00,2569.0,98.1258,22.37813333333333,99.8524,0.9375806666666667,0.7935359818661561,0.6085233319139994,15.0
2022-03-22 11:30:00,3466.3333,133.826,22.5996,99.86893333333335,1.1498793333333335,-0.9801899211442594,0.19805988611329312,15.0
2022-03-22 11:45:00,2276.6667,106.63773333333333,22.483333333333334,99.85726666666666,0.7007846666666667,0.7711440316358281,-0.6366607279175,15.0
2022-03-22 12:00:00,4984.3335,195.53533333333334,22.491,99.873,0.47176333333333337,0.8004008732654604,-0.5994651299916355,15.0
2022-03-22 12:15:00,2860.0,101.13566666666667,22.547466666666665,99.83786666666667,0.749348,0.9808666870792014,-0.1946806158256951,15.0
2022-03-22 12:30:00,2477.6667,100.88593333333333,22.4896,99.86953333333334,0.6772373333333334,0.8968200477327853,0.442395526632633,15.0
2022-03-22 12:45:00,2542.3333,87.96173333333333,22.647466666666666,99.86646666666667,0.709544,0.982944337534676,-0.1839033151101875,15.0
2022-03-22 13:00:00,1501.0,63.9596,22.64786666666667,99.85666666666665,0.612682,0.9414369654132301,0.3371890273326353,15.0
2022-03-22 13:15:00,1818.3334,73.12133333333333,22.556466666666665,99.85326666666667,0.8244126666666668,0.8609721054604991,-0.5086521735124261,15.0
2022-03-22 13:30:00,1401.0,59.986599999999996,22.435333333333332,99.8596,0.798968,0.9999530144443923,0.009693755906404427,15.0
2022-03-22 13:45:00,1427.3334,63.92373333333333,22.395133333333334,99.86366666666666,0.784994,0.5703026525581442,-0.8214346501610122,15.0
2022-03-22 14:00:00,1711.0,73.75513333333333,22.1878,99.8616,1.053212,0.8379600937511604,-0.5457315102507335,15.0
2022-03-22 14:15:00,1431.6666,59.6742,21.7604,99.85753333333334,0.6234646666666667,0.9852119749464402,-0.17133990901752838,15.0
2022-03-22 14:30:00,2609.0,88.52113333333334,21.8588,99.8696,0.7097413333333333,0.9302733581150293,-0.3668671137910652,15.0
2022-03-22 14:45:00,1481.0,65.36333333333333,21.8356,99.854,0.591282,0.5609755923102047,-0.8278323410161111,15.0
2022-03-22 15:00:00,1388.6666,59.62733333333333,22.039133333333332,99.86653333333334,0.5364446666666667,0.41312880113337386,-0.9106726050969697,15.0
2022-03-22 15:15:00,1517.3334,59.66546666666667,21.791733333333333,99.85313333333333,0.6036493333333334,0.5211784573933046,-0.8534477227980255,15.0
2022-03-22 15:30:00,1789.3334,77.98299999999999,21.8424,99.83906666666667,0.4661106666666666,0.39764652072935863,-0.9175386883133788,15.0
2022-03-22 15:45:00,2239.6667,74.4926,22.087533333333333,99.85766666666667,0.7109373333333334,0.329053441710117,-0.9443113006306377,15.0
2022-03-22 16:00:00,2777.6667,61.443599999999996,21.998866666666668,99.8472,0.9755793333333334,0.18731273754224123,-0.9823003300184885,15.0
2022-03-22 16:15:00,1861.6666,47.32086666666667,21.993733333333335,99.85986666666666,1.6486666666666667,0.4744979504527925,-0.8802566074822155,15.0
2022-03-22 16:30:00,2159.6667,50.59813333333333,21.851533333333336,99.8494,1.8170466666666667,0.06078141935989135,-0.9981511003152764,15.0
2022-03-22 16:45:00,1091.0,40.1934,21.878333333333334,99.84646666666667,0.9322246666666667,0.8883871121755039,-0.4590951305780412,15.0
2022-03-22 17:00:00,732.0,37.173199999999994,21.817133333333334,99.85986666666666,0.8063046666666668,0.8401131192934501,-0.5424112340199356,15.0
2022-03-22 17:15:00,320.0,18.935333333333332,21.710533333333334,99.85166666666666,0.7036326666666667,0.9194078504375522,-0.3933054850288761,15.0
2022-03-22 17:30:00,142.0,16.26086666666667,21.579400000000003,99.85626666666667,0.6982700000000001,0.8285811908401111,-0.5598689223255595,15.0
2022-03-22 17:45:00,18.333334,9.045466666666666,21.6614,99.84646666666667,0.65342,-0.22177655375523736,-0.9750975131772465,15.0
2022-03-22 18:00:00,0.0,6.620586666666667,21.630733333333335,99.8494,0.8654606666666667,0.4781707681027316,-0.8782668822926455,15.0
2022-03-22 18:15:00,0.0,5.26114,21.644866666666665,99.85686666666668,0.6419513333333333,-0.621106745333403,-0.7837259794732769,15.0
2022-03-22 18:30:00,0.0,4.2837466666666675,21.774533333333334,99.84486666666666,0.7484866666666666,0.49718295263776113,-0.8676457293195177,15.0
2022-03-22 20:30:00,0.0,4.3939,21.509933333333333,99.84946666666666,0.9167246666666666,0.4993639270409285,-0.8663923293579313,120.0
2022-03-22 22:30:00,0.0,3.968126666666667,20.090866666666667,99.84653333333334,2.3564933333333333,0.7155139287785057,-0.6985984667346097,120.0
2022-03-23 00:30:00,0.0,3.343706666666667,18.889866666666666,99.84166666666667,3.59234,0.8027411573098165,-0.5963276233421495,120.0
2022-03-23 02:30:00,0.0,2.1460133333333333,18.061733333333333,99.83066666666667,2.273946666666667,0.9502022001470093,-0.3116340463360556,120.0
2022-03-23 04:30:00,0.0,1.9550466666666668,17.787533333333332,99.8366,1.1313780000000002,0.9994104823252499,-0.034332023220476744,120.0
2022-03-23 06:30:00,0.0,2.50658,15.2456,99.8284,5.52098,-0.8170778889402559,0.5765272963225028,120.0
2022-03-23 06:45:00,0.0,3.9546666666666668,14.936333333333332,99.8018,5.215586666666667,-0.5722854777880209,0.8200544688695603,15.0
2022-03-23 07:00:00,72.0,10.496813333333334,14.700266666666666,99.8128,4.489333333333334,-0.5432115732185046,0.8395958472512101,15.0
2022-03-23 07:15:00,235.66667,15.429533333333334,14.503066666666665,99.80566666666667,5.71906,-0.5268302000721287,0.8499705526028304,15.0
2022-03-23 07:30:00,197.0,14.100066666666667,14.288266666666667,99.80373333333334,6.828966666666667,-0.5456562567134681,0.8380090987032575,15.0
2022-03-23 07:45:00,701.0,28.458733333333335,14.146066666666666,99.81986666666667,6.103913333333334,-0.9796298512318675,-0.20081173913750439,15.0
2022-03-23 08:00:00,1254.0,50.18446666666667,14.161399999999999,99.81213333333334,6.71524,-0.4949714337843281,0.8689092471239367,15.0
2022-03-23 08:15:00,1247.3334,45.458200000000005,14.305933333333334,99.82019999999999,7.7148,-0.10336069290790012,0.994643939890853,15.0
2022-03-23 08:30:00,1280.3334,46.7822,14.336466666666666,99.62373333333333,7.730320000000001,-0.48889643660236004,0.8723418333872992,15.0
2022-03-23 08:45:00,1259.0,46.437133333333335,14.3828,99.19133333333333,7.055242857142857,-0.11132026362648169,0.9937845837535068,15.0
2022-03-23 09:00:00,536.3333,23.78506666666667,14.399799999999999,99.50446666666667,6.955920000000001,-0.48502555424255306,0.8744999781198992,15.0
2022-03-23 09:15:00,499.0,22.41006666666667,14.3432,99.31666666666666,5.862966666666667,-0.13917310096006588,0.9902680687415703,15.0
2022-03-23 09:30:00,562.6667,23.7994,14.369266666666668,99.81660000000001,4.858986666666667,-0.19596896412877182,0.98061009840726,15.0
2022-03-23 09:45:00,831.3333,28.696,14.637599999999999,99.8078,4.431173333333334,-0.8209854857072295,0.570949062752593,15.0
2022-03-23 10:00:00,898.0,29.865333333333336,14.677266666666666,99.81366666666666,2.3774733333333335,-0.848827408456123,-0.5286700584047314,15.0
2022-03-23 10:15:00,652.0,25.2324,14.734,99.81006666666667,2.45468,-0.5454887291538087,-0.8381181577594907,15.0
2022-03-23 10:30:00,1402.3334,46.126933333333334,14.908199999999999,99.81233333333333,2.6694933333333335,-0.9756484495333014,0.21934015346777036,15.0
2022-03-23 10:45:00,4409.3335,114.24486666666667,15.086933333333333,99.8252,2.5585866666666663,0.5814999912376452,-0.8135464093649597,15.0
2022-03-23 11:00:00,2564.6667,90.0778,14.790333333333333,99.8096,3.1776600000000004,0.8649194315820615,-0.5019107259979244,15.0
2022-03-23 11:15:00,3659.6667,120.04973333333334,14.523200000000001,99.81733333333334,4.62026,-0.19625420374862487,0.9805530518595071,15.0
2022-03-23 11:30:00,2933.0,100.0154,14.614133333333333,99.8096,3.5663199999999997,-0.18442024551966354,0.9828474820858356,15.0
2022-03-23 11:45:00,1668.6666,61.565666666666665,15.025133333333335,99.80726666666666,1.9673726666666667,-0.6028430228225099,-0.7978598184106146,15.0
2022-03-23 12:00:00,2019.0,69.50553333333333,15.2064,99.81746666666666,2.273413333333333,0.13766651602804048,-0.9904786370057161,15.0
2022-03-23 12:15:00,2978.3333,90.01526666666668,15.120133333333333,99.81179999999999,1.83392,-0.37018596477180826,-0.9289576693724885,15.0
2022-03-23 12:30:00,2676.3333,81.50113333333334,15.208400000000001,99.80686666666666,2.01602,-0.5189928785543629,-0.8547785631436111,15.0
2022-03-23 12:45:00,3165.6667,90.2482,15.388399999999999,99.8016,1.57618,0.6124616052110998,-0.7905003365857872,15.0
2022-03-23 13:00:00,2589.3333,74.73446666666668,15.497133333333332,99.79313333333333,2.1248133333333334,-0.5643939399895693,-0.8255055908369431,15.0
2022-03-23 13:15:00,3249.6667,105.78653333333334,15.486333333333334,99.81293333333333,2.4386666666666668,0.9800048191449289,-0.19897375317542587,15.0
2022-03-23 13:30:00,2951.3333,90.11766666666666,15.457333333333333,99.8074,2.41046,0.15130613658389666,-0.9884869513716684,15.0
2022-03-23 13:45:00,5549.0,145.564,15.436333333333332,99.8056,3.0024666666666664,-0.9863234653569138,-0.1648211809396133,15.0
2022-03-23 14:00:00,2838.0,100.0182,15.513733333333333,99.80253333333333,2.2018,-0.9856194980336457,-0.16897989553761839,15.0
2022-03-23 14:15:00,2796.3333,84.1538,15.551666666666668,99.80986666666666,2.5404199999999997,-0.5195169246202207,-0.8544601600034656,15.0
2022-03-23 14:30:00,2892.3333,83.45366666666668,15.5206,99.81666666666666,2.6179333333333332,-0.5770689810356066,0.816695409027458,15.0
2022-03-23 14:45:00,3107.0,84.92286666666668,15.515999999999998,99.80546666666667,2.6472933333333333,-0.22599149823776066,-0.9741292741337015,15.0
2022-03-23 15:00:00,1513.3334,50.80786666666667,15.436200000000001,99.81660000000001,2.77026,-0.9882491635500742,-0.15285153169850366,15.0
2022-03-23 15:15:00,1045.3334,38.422000000000004,15.3058,99.8018,1.9828533333333334,0.9934693437840526,0.11409935565674262,15.0
2022-03-23 15:30:00,1436.6666,66.0904,15.1576,99.8136,2.570533333333333,0.9841985749143952,0.17706824993903808,15.0
2022-03-23 15:45:00,1556.3334,51.522733333333335,14.9832,99.807,2.9012533333333335,-0.7981123508281234,0.6025086517682602,15.0
2022-03-23 16:00:00,848.6667,32.029,14.968733333333335,99.80313333333334,1.8846933333333333,0.5309728010813245,-0.8473888626314675,15.0
2022-03-23 16:15:00,650.0,27.398666666666667,14.836533333333334,99.81813333333334,3.0964466666666666,-0.2010531762939196,-0.979580328662293,15.0
2022-03-23 16:30:00,939.0,32.13326666666667,14.833933333333333,99.80126666666666,2.7141533333333334,0.49536891574678443,-0.8686827023210806,15.0
2022-03-23 16:45:00,1263.0,45.54313333333334,14.788333333333332,99.81626666666666,3.408713333333333,-0.9659620270675828,0.258683904144588,15.0
2022-03-23 17:00:00,1202.0,45.32353333333333,14.842133333333333,99.8038,2.9722,-0.9588481733425327,0.28391932036705136,15.0
2022-03-23 17:15:00,798.3333,33.267,15.078866666666666,99.80006666666667,2.5454533333333336,-0.565220049493318,-0.824940177013322,15.0
2022-03-23 17:30:00,118.333336,11.608293333333334,15.2098,99.81313333333333,2.237686666666667,0.983956271547415,0.1784097970474422,15.0
2022-03-23 17:45:00,15.333333,7.1533066666666665,15.168933333333333,99.80539999999999,2.4521466666666667,0.8531717130596522,0.5216301640385249,15.0
2022-03-23 18:00:00,0.0,5.352093333333333,14.923399999999999,99.81293333333333,2.344526666666667,0.7908509641232818,-0.6120087846961639,15.0
2022-03-23 18:15:00,0.0,3.5509399999999998,14.747333333333334,99.7996,2.83716,0.5387322905031111,-0.8424770140302176,15.0
2022-03-23 18:30:00,0.0,1.9188666666666667,14.5014,99.80286666666666,3.366133333333333,-0.7902540585545897,0.6127793427800899,15.0
2022-03-23 20:30:00,0.0,1.6395266666666666,14.226866666666666,99.81899999999999,3.8518933333333334,-0.9734426126744655,0.22893116832251217,120.0
2022-03-23 22:30:00,0.0,1.6321666666666668,14.090666666666667,99.8108,4.09086,-0.8488132600346281,-0.528692774292771,120.0
2022-03-24 00:30:00,0.0,1.6174466666666665,14.104133333333333,99.80933333333333,3.65394,-0.11059009961295156,0.9938661025850501,120.0
2022-03-24 02:30:00,0.0,1.6909266666666667,14.732666666666667,99.81466666666667,2.947506666666667,0.8637660361281287,0.5038930787691971,120.0
2022-03-24 04:30:00,0.0,1.6247599999999998,15.157333333333334,99.82006666666666,2.1993066666666667,0.8895243155700867,0.45688783307237335,120.0
2022-03-24 06:30:00,0.0,3.0143,14.922066666666668,99.8036,3.229633333333333,0.47624638869518904,0.8793118771259666,120.0
2022-03-24 06:45:00,0.0,5.7933666666666666,14.917333333333334,99.80426666666668,2.1606333333333336,0.8164682613253774,0.577390317071836,15.0
2022-03-24 07:00:00,87.333336,11.814699999999998,14.9738,99.81506666666665,2.3560466666666664,0.8669315478323578,0.49842721772892,15.0
2022-03-24 07:15:00,123.333336,15.424466666666666,15.032,99.81266666666667,2.872153333333334,0.9620794221051521,0.2727694732953391,15.0
2022-03-24 07:30:00,202.0,15.8806,15.152933333333333,99.81559999999999,2.3787533333333335,0.9955343278079748,0.09440022328323089,15.0
2022-03-24 07:45:00,404.33334,20.504666666666665,15.193866666666667,99.80133333333333,2.632213333333333,0.9985053575461762,0.054653919819010195,15.0
2022-03-24 08:00:00,250.0,14.586,15.294666666666666,99.80393333333333,2.7660199999999997,0.9997006078588155,0.02446823750732142,15.0
2022-03-24 08:15:00,239.66667,17.8428,15.359666666666667,99.81053333333332,4.128646666666667,0.9772651632952472,-0.21202075513853322,15.0
2022-03-24 08:30:00,755.6667,32.46606666666666,15.5016,99.80226666666667,2.8735266666666663,0.9765434272041734,-0.2153205396248282,15.0
2022-03-24 08:45:00,975.0,41.86906666666667,15.543333333333333,99.81146666666667,3.48936,0.9677604772229822,-0.2518723063878712,15.0
2022-03-24 09:00:00,779.6667,30.1794,15.729000000000001,99.80153333333332,2.40176,0.9995281026814788,-0.030717616280614056,15.0
2022-03-24 09:15:00,809.6667,30.046666666666667,15.764533333333333,99.8006,2.3144066666666663,0.9998289999407061,0.018492454611750003,15.0
2022-03-24 09:30:00,1626.6666,56.54973333333333,15.801133333333333,99.82,3.6729866666666666,0.9833656227646598,-0.18163714368122214,15.0
2022-03-24 09:45:00,1606.3334,47.99660000000001,15.874,99.799,2.6310866666666666,0.9998460866953702,-0.01754431303739717,15.0
2022-03-24 10:00:00,1256.0,45.516733333333335,15.907533333333333,99.81353333333333,2.7437400000000003,0.9999527354352551,0.009722494307059992,15.0
2022-03-24 10:15:00,1050.6666,36.812866666666665,15.9186,99.80633333333334,2.8256933333333336,0.9993230964027251,-0.036787891976434284,15.0
2022-03-24 10:30:00,1092.6666,39.2678,15.932066666666666,99.81073333333333,2.5481866666666666,0.9991238043190367,0.04185240307384044,15.0
2022-03-24 10:45:00,1235.0,47.08153333333333,15.989333333333333,99.81066666666668,2.8096,0.9953886117828855,-0.09592450955277271,15.0
2022-03-24 11:00:00,1643.0,49.1398,16.060133333333333,99.8062,4.04964,0.9722037111877365,-0.23413659251127808,15.0
2022-03-24 11:15:00,2149.6667,58.65866666666667,16.107066666666665,99.8232,3.832678571428571,0.9791932217196351,-0.20293012230401283,15.0
2022-03-24 11:30:00,1835.0,57.2624,16.1114,99.80986666666666,3.1158799999999998,0.9991984525000054,-0.04003064478114971,15.0
2022-03-24 11:45:00,1903.6666,62.3928,16.072066666666668,99.821,3.0945733333333334,0.9941249229045616,-0.10823879923576193,15.0
2022-03-24 12:00:00,2242.0,75.06506666666665,16.089199999999998,99.81806666666667,3.375653333333333,0.9986421111881326,-0.052095429374460156,15.0
2022-03-24 12:15:00,1590.0,54.97573333333333,16.156133333333333,99.81133333333334,3.088,0.9976567361505913,-0.06841810296514762,15.0
2022-03-24 12:30:00,1350.6666,46.65513333333333,16.071466666666666,99.8232,2.9064666666666668,0.9991688874795299,-0.040761922095485986,15.0
2022-03-24 12:45:00,1244.6666,45.03746666666667,16.0504,99.815,2.787693333333333,0.999632777568366,-0.0270981551208525,15.0
2022-03-24 13:00:00,1418.0,49.69813333333333,16.002066666666668,99.83273333333334,2.47768,0.9988853210037266,0.0472029181648975,15.0
2022-03-24 13:15:00,1124.0,42.80286666666667,15.999733333333332,99.8032,2.8081,0.9993971049140722,0.0347192553112953,15.0
2022-03-24 13:30:00,948.6667,36.8264,15.974333333333334,99.80913333333334,2.5223999999999998,0.9999999672367044,-0.0002559816208301721,15.0
2022-03-24 13:45:00,1067.3334,39.51713333333334,15.936399999999999,99.82106666666667,2.8820333333333332,0.9994668312737529,0.03265046988335105,15.0
2022-03-24 14:00:00,1048.6666,41.25973333333333,16.000466666666668,99.8106,2.6089933333333333,0.999516161902244,0.031103731226447526,15.0
2022-03-24 14:15:00,1094.3334,41.56846666666667,16.046733333333332,99.82173333333334,2.4127066666666663,0.9996317679111203,0.02713537511972314,15.0
2022-03-24 14:30:00,1276.0,47.544866666666664,16.0258,99.80833333333334,2.530886666666667,0.9986195908030029,0.052525354491359685,15.0
2022-03-24 14:45:00,1438.6666,37.459399999999995,16.073600000000003,99.81060000000001,2.616286666666667,0.9998045813738229,0.019768638393038957,15.0
2022-03-24 15:00:00,1178.6666,39.95133333333333,16.05346666666667,99.81953333333334,2.8230133333333334,0.9999684684550421,-0.007941164629791506,15.0
2022-03-24 15:15:00,964.6667,26.57286,16.0662,99.80393333333333,2.3969066666666667,0.9997677290196353,0.021551983920771758,15.0
2022-03-24 15:30:00,1107.3334,11.95246,16.1666,99.81733333333334,2.7626399999999998,0.9997928165226128,-0.020354950989409523,15.0
2022-03-24 15:45:00,761.3333,23.801753333333334,16.086066666666667,99.8136,2.9839866666666666,0.9975308223916405,-0.07023003900509611,15.0
2022-03-24 16:00:00,592.0,26.058466666666668,16.078733333333336,99.8122,2.738493333333333,0.995451790709766,-0.09526663829862146,15.0
2022-03-24 16:15:00,419.33334,23.434199999999997,16.0952,99.81433333333332,2.820326666666667,0.9980468415480503,-0.062470009412203965,15.0
2022-03-24 16:30:00,240.0,18.8326,16.043666666666667,99.81580000000001,2.506893333333333,0.9993301833347851,-0.03659487226463521,15.0
2022-03-24 16:45:00,240.0,16.74513333333333,16.1324,99.821,2.41256,0.9988382599929123,0.048188487985526746,15.0
2022-03-24 17:00:00,198.33333,14.826266666666667,16.156933333333335,99.80773333333333,2.3621666666666665,0.9999625902654039,-0.008649743909728466,15.0
2022-03-24 17:15:00,122.666664,12.077133333333334,16.214266666666667,99.80160000000001,2.5544333333333333,0.9999999745231529,-0.0002257292480075711,15.0
2022-03-24 17:30:00,21.333334,9.019333333333332,16.192,99.81293333333333,2.7186733333333337,0.9998649645286344,0.016433280504896293,15.0
2022-03-24 17:45:00,0.0,6.498006666666667,16.2278,99.81060000000001,2.3450333333333333,0.9967115299533588,0.0810316361554838,15.0
2022-03-24 18:00:00,0.0,5.086693333333333,16.285666666666668,99.81586666666666,2.2965933333333335,0.9979210210163085,0.06444870684325932,15.0
2022-03-24 18:15:00,0.0,4.16048,16.3946,99.81213333333334,2.8796466666666665,0.9995812707217829,-0.028935846665092007,15.0
2022-03-24 20:15:00,0.0,3.190166666666667,16.605333333333334,99.81426666666667,2.525673333333333,0.9998223085157909,0.01885076640762185,120.0
2022-03-24 22:15:00,0.0,3.2049,16.5668,99.82173333333334,2.8932266666666666,0.9989666602024064,-0.045449002233822,120.0
2022-03-25 00:15:00,0.0,2.6903333333333332,16.741066666666665,99.81580000000001,2.31254,0.9984761545086407,-0.05518486094606965,120.0
2022-03-25 02:15:00,0.0,2.6607800000000004,16.860599999999998,99.81353333333333,2.70422,0.9870904612041743,-0.16016373309751022,120.0
2022-03-25 04:15:00,0.0,2.63138,17.04,99.81573333333334,1.4919179999999999,0.9981698646633258,-0.06047248364337146,120.0
2022-03-25 06:15:00,0.0,3.329493333333333,17.4162,99.83300000000001,2.04634,0.8531382990281587,-0.521684811674003,120.0
2022-03-25 07:00:00,0.0,7.45226,17.590733333333333,99.82633333333334,1.4966713333333332,0.822071171748547,-0.5693847456509269,45.0
2022-03-25 07:15:00,0.0,7.143586666666667,17.665066666666668,99.821,1.4424273333333335,0.8706466079811986,-0.49190902005435205,15.0
2022-03-25 07:30:00,207.0,13.691973333333333,17.724666666666668,99.83653333333334,1.0264453333333334,0.8255659633106424,-0.5643056266093499,15.0
2022-03-25 07:45:00,148.33333,12.258766666666666,17.893266666666666,99.8096,1.9138333333333333,0.5952172372615665,-0.8035648327712631,15.0
2022-03-25 08:00:00,298.33334,15.99234,18.015666666666668,99.83846666666666,1.1362813333333333,0.9950284911553161,0.09959067119552459,15.0
2022-03-25 08:15:00,347.66666,19.5784,18.201866666666668,99.82953333333333,1.4443613333333334,0.9812182196289289,0.19290102505750234,15.0
2022-03-25 08:30:00,342.0,20.21033333333333,18.390666666666668,99.8288,1.2650486666666665,0.6846845011157748,0.7288395803822968,15.0
2022-03-25 08:45:00,372.66666,21.6066,18.516333333333332,99.84013333333333,0.9693606666666666,0.9584082939682891,0.2854006693278654,15.0
2022-03-25 09:00:00,480.0,19.695800000000002,18.517533333333333,99.8326,0.6820173333333333,0.6309033290079664,-0.7758614499036962,15.0
2022-03-25 09:15:00,664.6667,24.782733333333333,18.725933333333334,99.84593333333333,0.6211986666666667,0.01542100164548314,-0.9998810892842458,15.0
2022-03-25 09:30:00,625.3333,28.692733333333333,18.98486666666667,99.83546666666666,0.693918,0.8828813233373195,-0.4695961764134622,15.0
2022-03-25 09:45:00,646.3333,31.014799999999997,19.14946666666667,99.83286666666666,0.7444393333333333,-0.4782423002110204,-0.8782279329928377,15.0
2022-03-25 10:00:00,454.66666,19.798733333333335,19.6596,99.84766666666665,0.8419073333333333,0.08137607008836682,-0.9966834679159543,15.0
2022-03-25 10:15:00,578.0,29.103533333333335,19.56593333333333,99.84140000000001,0.578558,0.918206889436958,-0.39610113379098777,15.0
2022-03-25 10:30:00,794.3333,29.676533333333335,19.8952,99.85086666666666,0.6704846666666667,-0.39573571571654265,-0.91836443926489,15.0
2022-03-25 10:45:00,972.6667,50.09853333333333,20.29126666666667,99.83013333333334,0.8717813333333333,-0.8510616923513945,-0.5250657061854072,15.0
2022-03-25 11:00:00,2044.0,116.1788,20.778333333333332,99.83406666666666,2.3427450000000003,-0.02230096559789929,-0.9997513025414877,15.0
2022-03-25 11:15:00,3198.0,141.06773333333334,21.5772,99.83826666666667,3.3541000000000003,0.016451894833467214,-0.9998646584195225,15.0
2022-03-25 11:30:00,3386.0,164.37733333333333,22.249266666666664,99.83153333333333,3.3286733333333336,0.09576467847762261,-0.995404001577288,15.0
2022-03-25 11:45:00,3169.6667,116.68593333333334,22.3992,99.8462,3.1681533333333336,-0.0016755152979534488,-0.999998596323258,15.0
2022-03-25 12:00:00,1705.6666,75.31546666666667,22.512266666666665,99.83840000000001,2.57896,-0.07850549428243418,-0.9969136810012543,15.0
2022-03-25 12:15:00,939.0,40.8306,22.548733333333335,99.85100000000001,2.935988,-0.2589201951991942,-0.9658987175258135,15.0
2022-03-25 12:30:00,1339.0,42.784933333333335,22.652266666666666,99.8532,3.6807466666666664,-0.09729339571910191,-0.9952557435902826,15.0
2022-03-25 12:45:00,2530.6667,70.2872,22.849,99.84413333333333,2.8990333333333336,-0.1938919214479871,-0.981022896163595,15.0
2022-03-25 13:00:00,3242.0,94.38799999999999,22.992066666666666,99.8606,2.9953066666666666,-0.23436169709918545,-0.9721494714974594,15.0
2022-03-25 13:15:00,1534.0,67.22573333333334,23.174266666666668,99.84246666666667,2.7119333333333335,-0.20249104793738548,-0.9792841137817051,15.0
2022-03-25 13:30:00,3413.0,96.28553333333333,23.361800000000002,99.8624,3.1879133333333334,-0.23138568707658083,-0.9728620990747345,15.0
2022-03-25 13:45:00,2478.0,86.42873333333334,23.5056,99.8616,4.133873333333333,-0.19103742522630435,-0.9815827535989536,15.0
2022-03-25 14:00:00,2605.6667,118.4042,23.714133333333333,99.86093333333334,5.05948,-0.12825326230310274,-0.9917414485180155,15.0
2022-03-25 14:15:00,2919.6667,81.69726666666666,24.0024,99.8696,4.873233333333333,-0.1427786474753453,-0.9897546452657401,15.0
2022-03-25 14:30:00,2070.6667,78.79313333333333,24.107066666666665,99.2148,4.128292857142857,-0.21507623701711354,-0.9765972620638246,15.0
2022-03-25 14:45:00,2234.3333,52.87433333333333,24.342333333333332,95.04253333333332,3.0649666666666664,-0.25660427280669296,-0.9665165529763824,15.0
2022-03-25 15:00:00,2055.0,73.27479999999998,24.53193333333333,93.67286666666668,2.8713399999999996,-0.45735662845174246,-0.8892833712665804,15.0
2022-03-25 15:15:00,2656.6667,75.51573333333334,24.601266666666668,93.94833333333332,2.4772066666666666,-0.5458290076405479,-0.8378965893343491,15.0
2022-03-25 15:30:00,2041.0,76.58086666666667,24.5798,98.136,2.4540466666666663,-0.4411926236441928,-0.8974124296230545,15.0
2022-03-25 15:45:00,1623.3334,58.647933333333334,24.416066666666666,99.85773333333333,2.28206,-0.7529358389191435,-0.6580939313434865,15.0
2022-03-25 16:00:00,1816.6666,49.855133333333335,24.3768,99.86733333333333,1.6171613333333332,-0.9674358386708679,-0.2531163725545909,15.0
2022-03-25 16:15:00,2074.0,69.31673333333333,24.4086,99.85906666666666,1.1581166666666667,-0.5686039661602196,-0.8226114086656395,15.0
2022-03-25 16:30:00,1414.6666,24.905866666666668,24.576666666666664,97.82753333333334,2.0308266666666666,-0.928744864252151,-0.3707195397133171,15.0
2022-03-25 16:45:00,1007.0,44.11846666666666,24.728266666666666,92.72800000000001,1.6716986666666667,-0.867406709212059,-0.49759984004610225,15.0
2022-03-25 17:00:00,558.6667,32.21,24.780199999999997,92.04466666666667,1.5095993333333333,-0.1884212875869043,-0.9820882945968215,15.0
2022-03-25 17:15:00,516.0,26.6264,24.824866666666665,91.74073333333332,1.7283706666666667,-0.7324803233716508,-0.6807882019199231,15.0
2022-03-25 17:30:00,390.0,22.255266666666667,24.838666666666665,91.56633333333333,1.7109573333333334,-0.5410723270385273,-0.8409760620333453,15.0
2022-03-25 17:45:00,276.66666,18.140533333333334,24.7716,92.14720000000001,1.7780126666666667,-0.5165731807869188,-0.8562430431201676,15.0
2022-03-25 18:00:00,41.333332,11.733746666666667,24.804933333333334,91.51786666666666,1.7523426666666668,-0.7634805073109666,-0.6458308717893478,15.0
2022-03-25 18:15:00,0.0,6.480493333333333,24.833333333333332,91.32613333333333,2.0591933333333334,-0.6388125782862368,-0.7693623917396084,15.0
2022-03-25 18:30:00,0.0,4.4525533333333325,24.694333333333336,91.79966666666665,1.9177946666666665,-0.6227968839764089,-0.7823835640587522,15.0
2022-03-25 18:45:00,0.0,3.644366666666667,24.663,91.60913333333333,1.9101946666666665,-0.4986975306280471,-0.8667760800492178,15.0
2022-03-25 20:45:00,0.0,3.9017333333333335,24.752666666666666,91.4638,1.728854,-0.9540487607601522,-0.2996514009512018,120.0
2022-03-25 22:45:00,0.0,3.967833333333333,24.686333333333334,91.346,1.2949273333333333,-0.7333107251080185,-0.6798936537735532,120.0
2022-03-26 00:45:00,0.0,3.967786666666667,24.580466666666666,91.113,1.8756333333333333,-0.719170041805869,-0.6948341175913462,120.0
2022-03-26 02:45:00,0.0,5.180113333333334,24.3306,93.56906666666667,1.3437813333333333,-0.9361904744819,-0.3514930945116207,120.0
2022-03-26 04:45:00,0.0,6.165033333333333,24.082133333333335,94.66533333333334,1.2914940000000001,-0.7952407393784674,-0.6062937954760782,120.0
2022-03-26 06:30:00,0.0,7.333333333333333,24.017133333333334,96.44519999999999,1.2491806666666667,-0.7842236613324973,-0.6204782421699028,105.0
2022-03-26 06:45:00,0.0,9.559693333333334,24.084266666666668,96.30066666666667,1.3597253333333335,-0.5266792725587024,-0.8500640822061805,15.0
2022-03-26 07:00:00,118.333336,18.7662,24.120066666666666,96.15693333333334,1.7225806666666665,-0.8550687727742453,-0.5185146032913115,15.0
2022-03-26 07:15:00,757.6667,42.117333333333335,24.21173333333333,96.29106666666667,1.1943346666666665,-0.740006860699731,-0.6725993206340078,15.0
2022-03-26 07:30:00,606.3333,34.9026,24.237733333333335,96.54226666666666,1.300568,-0.5908131540430024,-0.80680841406728,15.0
2022-03-26 07:45:00,985.6667,51.81073333333334,24.292933333333334,96.64653333333334,1.2907406666666668,-0.5319602951387715,-0.8467692982128432,15.0
2022-03-26 08:00:00,1710.6666,63.361666666666665,24.400266666666667,96.57726666666667,0.9459333333333333,-0.6151937519597732,-0.7883759557150745,15.0
2022-03-26 08:15:00,1639.6666,57.24113333333333,24.5358,95.96093333333333,1.2771853333333332,-0.37591160287269176,-0.9266555275967892,15.0
2022-03-26 08:30:00,1984.3334,83.19553333333333,24.607333333333333,95.88053333333333,1.2605013333333335,-0.6871805000583368,-0.7264867241316761,15.0
2022-03-26 08:45:00,3286.6667,121.57473333333334,24.836666666666666,93.019,1.5549286666666666,-0.885815138311957,-0.4640382966279491,15.0
2022-03-26 09:00:00,3472.0,113.24733333333333,25.083199999999998,91.28906666666667,1.431690666666667,0.044154105971342415,-0.9990247318889915,15.0
2022-03-26 09:15:00,5086.3335,150.0908,25.41753333333333,90.06046666666666,1.5498633333333334,-0.5652098749186251,-0.8249471481825198,15.0
2022-03-26 09:30:00,6994.3335,183.47573333333332,25.713466666666665,88.38413333333332,1.8083533333333333,-0.6827893614808906,-0.7306152803278327,15.0
2022-03-26 09:45:00,8014.0,252.68866666666665,26.223799999999997,85.69933333333333,1.6785393333333334,-0.43975421277917365,-0.8981181616819522,15.0
2022-03-26 10:00:00,6471.6665,217.96733333333336,26.374000000000002,84.71153333333334,1.615548,-0.49771388365416586,-0.8673412765560552,15.0
2022-03-26 10:15:00,5212.0,160.1258,26.407733333333333,84.54493333333333,1.6160940000000001,-0.7289128695327349,-0.6846064772039147,15.0
2022-03-26 10:30:00,4962.0,251.50266666666667,26.284066666666664,84.4662,2.44946,-0.9534646973985633,-0.30150467793164676,15.0
2022-03-26 10:45:00,8377.0,264.61066666666665,26.531266666666667,83.44160000000001,1.8949159999999998,-0.873891031101194,-0.4861218630764224,15.0
2022-03-26 11:00:00,8597.667,274.28333333333336,26.796333333333333,81.72,2.3596,-0.6000572781316846,-0.7999570381971736,15.0
2022-03-26 11:15:00,8389.667,249.79799999999997,26.8116,81.8784,2.2298706666666663,-0.5488234386464527,-0.8359382950865951,15.0
2022-03-26 11:30:00,8592.333,253.496,26.567933333333333,82.60433333333334,2.3576466666666667,-0.9633781590309173,-0.2681464575604173,15.0
2022-03-26 11:45:00,5362.6665,183.51000000000002,26.596,82.93900000000001,1.9416606666666667,-0.07525719052052132,-0.9971641566336799,15.0
2022-03-26 12:00:00,6090.0,216.6,26.543066666666668,83.23813333333334,2.0003933333333332,-0.4172813551406476,-0.9087773493281975,15.0
2022-03-26 12:15:00,5445.0,156.47466666666665,26.688466666666667,83.2596,1.4721053333333332,-0.15571270842824592,-0.9878023853149678,15.0
2022-03-26 12:30:00,4248.0,201.756,26.564,84.40306666666667,1.5507646666666666,-0.2670340810673929,-0.9636870859093698,15.0
2022-03-26 12:45:00,4522.3335,183.3558,26.699333333333335,83.87706666666666,1.9924880000000003,-0.5382413502403173,-0.8427907503594709,15.0
2022-03-26 13:00:00,3695.3333,138.397,26.540066666666668,84.33446666666667,1.736848,-0.44452053266796854,-0.8957686621201846,15.0
2022-03-26 13:15:00,6816.0,252.964,26.449133333333336,85.17246666666666,1.456012,-0.43428490499255834,-0.900775566551183,15.0
2022-03-26 13:30:00,7621.3335,241.07333333333332,26.7164,83.7634,1.8191946666666667,-0.07317785473308686,-0.9973189066575763,15.0
2022-03-26 13:45:00,10689.667,346.424,26.75793333333333,83.278,1.917642,-0.2950799791710086,-0.9554725563261548,15.0
2022-03-26 14:00:00,8627.0,364.614,27.246666666666666,80.68013333333333,2.022406666666667,-0.5050549479770607,-0.8630871911480835,15.0
2022-03-26 14:15:00,6803.6665,508.05533333333335,27.607733333333332,79.92013333333333,1.9836533333333333,0.1122262772292927,-0.993682677065095,15.0
2022-03-26 14:30:00,6555.6665,442.376,28.305666666666664,76.64899999999999,2.1896199999999997,-0.018692551105214294,-0.9998252790028761,15.0
2022-03-26 14:45:00,5148.3335,235.86599999999999,27.451466666666665,79.94773333333333,2.1028233333333333,-0.673416894784697,-0.7392629341570808,15.0
2022-03-26 15:00:00,4874.3335,245.43400000000003,27.184,81.14793333333334,1.9290586666666667,-0.5263029694431829,-0.8502971153398605,15.0
2022-03-26 15:15:00,4429.0,273.2426666666667,27.044066666666666,81.89486666666667,1.8245333333333336,-0.7609497790199724,-0.6488107842888057,15.0
2022-03-26 15:30:00,4635.3335,172.11933333333334,27.0236,81.92386666666667,1.770792,-0.45214518013821065,-0.891944357052493,15.0
2022-03-26 15:45:00,4935.3335,124.26,26.51973333333333,84.1874,1.6598173333333335,-0.8032848084498478,-0.5955950944338706,15.0
2022-03-26 16:00:00,3396.6667,150.56466666666665,26.467733333333335,84.8706,1.437522,-0.1382362764752086,-0.9903992790113842,15.0
2022-03-26 16:15:00,3694.3333,162.80266666666665,26.563066666666664,83.83833333333334,1.5067966666666666,-0.04106768024526371,-0.9991563669612844,15.0
2022-03-26 16:30:00,3170.3333,115.84193333333333,26.461533333333332,83.90233333333335,1.2875146666666666,-0.9204548359185477,-0.3908489414520135,15.0
2022-03-26 16:45:00,2363.3333,87.71226666666666,26.257866666666665,84.97653333333332,1.5385746666666666,-0.7721350109748932,-0.6354585154255166,15.0
2022-03-26 17:00:00,995.3333,43.8692,25.971400000000003,85.92826666666666,1.7300266666666668,-0.6274195884497745,-0.7786813597547558,15.0
2022-03-26 17:15:00,425.33334,27.084400000000002,25.775533333333335,86.72113333333333,1.7461326666666668,-0.8695638883244518,-0.4938204573750062,15.0
2022-03-26 17:30:00,350.0,16.234840000000002,25.60846666666667,87.2658,1.7643253333333333,-0.7324082351589304,-0.6808657555431767,15.0
2022-03-26 17:45:00,303.0,20.555133333333334,25.49973333333333,87.99293333333334,1.59988,-0.47844972538226443,-0.8781149470779072,15.0
2022-03-26 18:00:00,155.33333,15.758173333333334,25.43706666666667,88.33373333333333,1.7582613333333335,-0.6270788585400686,-0.778955778701259,15.0
2022-03-26 18:15:00,9.666667,7.73618,25.3836,88.56273333333334,1.4678900000000001,-0.4659378244222117,-0.8848174635328443,15.0
2022-03-26 18:30:00,0.0,5.02526,25.3922,88.65646666666666,1.7962960000000001,-0.9686178753457841,-0.24855464501919697,15.0
2022-03-26 18:45:00,0.0,4.371393333333333,25.3758,88.86893333333335,1.6132553333333335,-0.7671502243968326,-0.6414674841392115,15.0
2022-03-26 19:00:00,0.0,4.422706666666667,25.2844,89.57046666666666,1.703006,-0.6893161428443677,-0.7244606650565393,15.0
2022-03-26 21:00:00,0.0,5.15086,24.632533333333335,94.28173333333332,0.8864706666666666,-0.20619963120678278,-0.9785099448090381,120.0
2022-03-26 23:00:00,0.0,5.011233333333333,24.862199999999998,91.83026666666666,1.1699,-0.7868251625542231,-0.6171759583550873,120.0
2022-03-27 01:00:00,0.0,5.657853333333334,24.303133333333335,95.31953333333334,1.6731013333333336,-0.9573665337454462,0.28887595965090174,120.0
2022-03-27 03:00:00,0.0,4.114633333333333,21.816333333333333,89.08786666666667,2.68386,-0.20841667253737853,-0.9780401272997172,120.0
2022-03-27 05:00:00,0.0,4.049166666666666,20.93326666666667,84.00826666666667,3.9942,-0.6347383624551687,0.7727271259815659,120.0
2022-03-27 06:15:00,0.0,6.01922,20.539133333333332,86.889,3.8695733333333333,-0.3026249700914952,0.9531097142916557,75.0
2022-03-27 06:30:00,0.0,8.724213333333333,20.409533333333332,85.38413333333332,3.3680533333333336,-0.293817894138208,0.9558614152083914,15.0
2022-03-27 06:45:00,257.33334,18.829866666666664,20.489533333333334,85.87746666666666,3.0832400000000004,-0.9832854318544328,-0.18207075411180543,15.0
2022-03-27 07:00:00,656.6667,24.261026666666666,20.5784,85.36986666666667,3.072953333333333,-0.9768476998421616,0.21393590468427254,15.0
2022-03-27 07:15:00,1013.6667,38.54926666666667,20.791333333333334,83.14686666666667,2.9428466666666666,-0.49463078251288783,0.8691032096308747,15.0
2022-03-27 07:30:00,1353.6666,55.34093333333333,20.963666666666665,82.18553333333332,2.3345933333333333,-0.8175874863759538,0.5758043957121634,15.0
2022-03-27 07:45:00,1804.0,67.6566,21.310799999999997,80.51780000000001,2.704693333333333,-0.49529951550661816,0.8687222743425596,15.0
2022-03-27 08:00:00,1783.6666,79.4136,21.674,79.9102,2.5144,-0.8224068546733176,0.5688997850116843,15.0
2022-03-27 08:15:00,2848.6667,108.92533333333334,22.034933333333335,79.2996,2.1566133333333335,-0.9905272384950081,-0.13731638576460312,15.0
2022-03-27 08:30:00,2572.0,98.39353333333334,22.2172,76.56633333333333,2.9179133333333334,-0.11116828872543083,0.9938015956828904,15.0
2022-03-27 08:45:00,2549.0,93.76206666666667,22.1218,75.34899999999999,1.84166,-0.7950317364225404,-0.6065678346903669,15.0
2022-03-27 09:00:00,2306.6667,75.58473333333333,21.9498,74.35073333333334,1.8540333333333332,-0.14296380434034253,-0.9897279174846673,15.0
2022-03-27 09:15:00,1851.0,68.61493333333333,21.658466666666666,76.12233333333333,1.1916466666666667,0.49213288636412117,-0.8705200871656661,15.0
2022-03-27 09:30:00,1670.0,67.14726666666667,21.101666666666667,79.10546666666666,1.8504466666666668,0.8873812628143247,0.46103632655795607,15.0
2022-03-27 09:45:00,1903.0,76.27166666666668,20.903533333333332,81.06866666666666,1.1406966666666667,0.9455709838661487,0.3254159099835219,15.0
2022-03-27 10:00:00,2512.0,83.17066666666666,20.8336,80.15599999999999,1.86786,0.5212468755899432,0.8534059378090372,15.0
2022-03-27 10:15:00,2797.3333,109.21113333333332,20.700933333333335,82.02686666666666,1.1991033333333334,0.9996895030798267,-0.024917813547923866,15.0
2022-03-27 10:30:00,3187.0,105.52246666666666,20.852533333333334,82.50713333333333,1.0417473333333334,0.8638179196489499,0.5038041302861264,15.0
2022-03-27 10:45:00,2912.3333,111.30766666666666,20.854666666666667,82.829,1.3655866666666665,0.9980806391063669,-0.06192768234825377,15.0
2022-03-27 11:00:00,2869.6667,97.84613333333333,20.927133333333334,83.0926,1.2904913333333332,0.6409240749281843,0.767604279676352,15.0
2022-03-27 11:15:00,3155.3333,105.916,20.84306666666667,82.20093333333332,1.6748093333333334,0.7186896352073101,0.6953310062449276,15.0
2022-03-27 11:30:00,3218.0,113.36566666666667,20.691,82.3366,1.832174,0.8297556610859871,0.55812681614106,15.0
2022-03-27 11:45:00,3470.6667,118.79926666666667,20.497333333333334,84.50686666666667,2.2647666666666666,0.9999989641865508,-0.0014393143595242,15.0
2022-03-27 12:00:00,2808.0,88.229,19.7388,91.92506666666667,1.8645133333333335,0.9901322223910355,-0.1401362985917251,15.0
2022-03-27 12:15:00,2235.6667,75.398,19.35506666666667,94.94486666666667,1.8028066666666667,0.9852840569681447,-0.17092491651129682,15.0
2022-03-27 12:30:00,1894.0,64.46353333333333,19.300733333333334,95.07093333333334,1.3374253333333332,0.9732679355072623,-0.2296726490321204,15.0
2022-03-27 12:45:00,1733.0,64.44879999999999,19.295666666666666,94.60393333333333,0.876076,0.943304950715608,-0.3319273564432801,15.0
2022-03-27 13:00:00,1849.0,67.94046666666667,19.4532,92.55206666666666,0.7716653333333333,0.8875977257875503,-0.4606194494121679,15.0
2022-03-27 13:15:00,2756.3333,96.92540000000001,19.977066666666666,89.1974,1.228192,0.29403153950607486,-0.9557957175964368,15.0
2022-03-27 13:30:00,4842.3335,161.42533333333333,20.18133333333333,88.63453333333334,1.2869306666666667,0.9335704186121454,-0.35839401988920466,15.0
2022-03-27 13:45:00,5110.6665,174.668,20.064666666666668,88.68526666666666,2.0231333333333335,0.8351231795320805,-0.5500629736750406,15.0
2022-03-27 14:00:00,5527.3335,198.5773333333333,20.1142,89.54119999999999,2.1468933333333333,0.792431609128003,-0.6099607732098875,15.0
2022-03-27 14:15:00,3288.3333,128.08866666666665,20.094066666666667,88.90573333333333,1.8976199999999999,0.7947113454921396,-0.6069875429908533,15.0
2022-03-27 14:30:00,2880.0,106.4028,19.746066666666664,90.18533333333333,1.5012133333333333,0.8409760620333453,-0.5410723270385274,15.0
2022-03-27 14:45:00,3364.6667,131.00533333333334,19.7562,90.7532,1.9174153333333332,0.8810724149692819,-0.4729813945391484,15.0
2022-03-27 15:00:00,2110.3333,81.4158,19.82906666666667,90.4984,2.0567333333333333,0.7048323320166598,-0.7093739378804079,15.0
2022-03-27 15:15:00,3042.3333,102.47826666666667,19.769533333333335,90.45566666666667,2.35328,0.7718391715340787,-0.6358178145393436,15.0
2022-03-27 15:30:00,2529.0,54.373799999999996,19.586933333333334,90.73446666666668,2.661153333333333,0.8337123848015747,-0.5521989310280045,15.0
2022-03-27 15:45:00,1182.0,46.510466666666666,19.3294,91.60646666666666,1.8344266666666666,0.8131820328207002,-0.5820094341998191,15.0
2022-03-27 16:00:00,955.0,38.360800000000005,19.2568,92.72293333333333,1.6222640000000002,0.9178516398220642,-0.3969236290219414,15.0
2022-03-27 16:15:00,826.6667,32.842400000000005,19.097266666666666,93.16073333333334,1.9131399999999998,0.9200222389516642,-0.3918661504064454,15.0
2022-03-27 16:30:00,326.33334,22.04733333333333,19.022466666666666,93.53933333333333,1.9406266666666667,0.946043138550719,-0.32404070732101714,15.0
2022-03-27 16:45:00,179.66667,16.492133333333335,18.98753333333333,93.7388,1.409332,0.9676375672547612,-0.25234408738325426,15.0
2022-03-27 17:00:00,207.33333,15.323866666666667,18.946866666666665,94.37259999999999,1.2619486666666666,0.9396169857067918,-0.3422278775484,15.0
2022-03-27 17:15:00,184.33333,13.832493333333334,18.863466666666667,95.01673333333333,1.5197693333333333,0.9736678378411127,-0.2279713612579721,15.0
2022-03-27 17:30:00,19.666666,10.878026666666667,18.801733333333335,95.99080000000001,1.38416,0.9985871949168892,-0.053137690465608144,15.0
2022-03-27 17:45:00,22.0,8.900646666666667,18.8242,96.7686,1.2446620000000002,0.9998268284861643,0.018609487883821493,15.0
2022-03-27 18:00:00,0.0,9.378506666666668,18.534133333333333,96.5608,2.7552000000000003,-0.83160999149977,-0.5553600832232656,15.0
2022-03-27 18:15:00,0.0,6.975013333333333,18.279333333333334,96.74193333333332,2.170513333333333,0.9980830450274157,0.061888894228299886,15.0
2022-03-27 18:30:00,0.0,5.571,18.0,96.4608,2.2505466666666667,0.6667149687282397,0.7453127870053635,15.0
2022-03-27 20:30:00,0.0,4.932253333333334,18.124399999999998,91.50006666666667,1.698326,0.6928600265054741,0.7210721071230212,120.0
2022-03-27 22:30:00,0.0,4.212,17.0684,91.97866666666667,4.005059999999999,-0.5637989054253076,0.8259120983744124,120.0
2022-03-28 00:30:00,0.0,3.32308,15.526266666666666,91.37606666666667,4.521473333333334,-0.9857313529651972,0.1683261708154792,120.0
2022-03-28 02:30:00,0.0,4.22744,16.1156,91.45826666666667,1.6735579999999999,0.8032899366671384,-0.5955881778958552,120.0
2022-03-28 04:30:00,0.0,5.0216666666666665,15.160266666666667,96.975,3.5012933333333334,-0.9169883768805958,0.3989139213738854,120.0
2022-03-28 06:30:00,0.0,5.110053333333334,14.302266666666666,98.24353333333333,4.705466666666666,-0.15397463562948432,0.9880748006010311,120.0
2022-03-28 06:45:00,0.0,6.440833333333333,14.260533333333335,98.2972,3.107313333333333,-0.8795589595493478,0.475789908128019,15.0
2022-03-28 07:00:00,0.0,7.58806,14.4282,98.47319999999999,1.9769333333333334,-0.8587118884954456,-0.5124586739987778,15.0
2022-03-28 07:15:00,2.3333333,9.102806666666668,14.600933333333334,98.57719999999999,1.7935693333333333,0.9946556364541451,0.10324807441303449,15.0
2022-03-28 07:30:00,77.333336,11.742493333333334,14.543666666666667,98.56486666666666,2.64938,-0.9873518434596765,-0.15854443294161547,15.0
2022-03-28 07:45:00,745.3333,24.815513333333335,14.5816,98.74226666666667,3.0295,-0.8462019704338233,0.5328622948135051,15.0
2022-03-28 08:00:00,776.6667,37.73479999999999,14.601066666666666,98.8332,3.471473333333334,-0.17147059097503456,0.9851892388930527,15.0
2022-03-28 08:15:00,1612.3334,63.63213333333333,14.5488,98.81593333333333,4.15674,-0.1279647709876158,0.9917787139206442,15.0
2022-03-28 08:30:00,1763.6666,62.243,14.516866666666665,98.70553333333334,4.4380266666666675,-0.1810684470065118,0.9834704965064535,15.0
2022-03-28 08:45:00,1325.3334,52.34673333333333,14.495266666666668,98.3896,4.372433333333333,-0.7958921762993344,0.6054383896859442,15.0
2022-03-28 09:00:00,1547.0,60.440733333333334,14.569133333333333,98.2756,2.5416000000000003,-0.21690533780592997,0.9761926420698404,15.0
2022-03-28 09:15:00,2532.6667,92.10633333333334,14.648933333333334,97.55113333333334,2.9285799999999997,-0.6214686148117055,0.7834390600448896,15.0
2022-03-28 09:30:00,3515.3333,118.01133333333334,14.878466666666666,96.72606666666667,2.95944,-0.5589535943073998,0.8291989383801928,15.0
2022-03-28 09:45:00,2408.0,82.87073333333333,15.104999999999999,95.2196,3.3659266666666667,-0.5502376750840519,0.8350080843429586,15.0
2022-03-28 10:00:00,2339.0,80.0578,15.002,93.96386666666668,2.765646666666667,-0.9858233752029866,-0.16778639069779053,15.0
2022-03-28 10:15:00,2743.6667,93.453,14.9632,93.91966666666667,3.5051599999999996,-0.5331279138216203,0.8460346491156299,15.0
2022-03-28 10:30:00,2601.6667,92.0934,15.111733333333332,95.20046666666667,2.1401660000000002,-0.9977907573804721,-0.06643496433433219,15.0
2022-03-28 10:45:00,2972.0,104.04126666666666,15.377733333333333,95.44326666666666,1.9061133333333333,0.8518629323258081,0.5237647797716793,15.0
2022-03-28 11:00:00,3175.0,112.01266666666668,15.356733333333333,95.2346,2.0961933333333334,-0.7968432829793286,-0.6041860494671535,15.0
2022-03-28 11:15:00,3464.6667,119.734,15.5804,95.93900000000001,1.3800526666666668,0.8774777492202617,0.47961734708342596,15.0
2022-03-28 11:30:00,5311.0,160.25853333333333,15.6414,96.1596,1.51198,0.8891246280447489,0.4576651568606538,15.0
2022-03-28 11:45:00,5285.0,200.998,15.831666666666667,95.64593333333333,2.47348,0.3273633586849633,0.9448985296795102,15.0
2022-03-28 12:00:00,4342.6665,115.218,15.845933333333333,93.6076,1.9960133333333334,0.4477889469456044,0.8941392838888954,15.0
2022-03-28 12:15:00,4222.0,127.5404,15.776399999999999,93.91553333333333,2.24778,0.36426256373384786,0.9312962926276709,15.0
2022-03-28 12:30:00,2688.0,77.93166666666666,15.842066666666666,94.34233333333333,2.5074666666666667,-0.17596721014906744,-0.9843960285130949,15.0
2022-03-28 12:45:00,3033.6667,105.3198,15.7446,94.98493333333333,3.1161133333333333,-0.7824439243184487,0.6227210493448457,15.0
2022-03-28 13:00:00,2411.0,99.22073333333333,15.848133333333333,95.45,2.6443066666666666,-0.8034550126470196,-0.5953654698186465,15.0
2022-03-28 13:15:00,2451.3333,82.72,15.9606,94.91033333333333,1.6977333333333333,-0.8408075493442777,0.5413341527796579,15.0
2022-03-28 13:30:00,2374.3333,70.57486666666667,16.052266666666664,94.82166666666667,1.6060486666666667,0.7811156820143355,-0.6243863317780745,15.0
2022-03-28 13:45:00,959.6667,29.585800000000003,16.0868,94.41239999999999,1.70304,-0.5738298357510917,-0.8189745536961909,15.0
2022-03-28 14:00:00,915.6667,37.63606666666667,15.977733333333333,94.30386666666666,2.223813333333333,0.36787842026526246,0.9298738989256204,15.0
2022-03-28 14:15:00,1494.6666,56.99413333333334,15.812533333333333,95.07113333333334,1.9006933333333333,0.7853061255333402,0.6191076555816554,15.0
2022-03-28 14:30:00,1120.6666,44.127066666666664,15.8766,95.50273333333332,2.0724693333333333,0.9115696394665533,0.4111457070222405,15.0
2022-03-28 14:45:00,583.3333,22.813293333333334,15.804666666666666,95.52566666666667,2.6243133333333333,0.7585002382077822,-0.6516727619279002,15.0
2022-03-28 15:00:00,403.33334,21.38726666666667,15.715466666666666,95.83593333333333,2.5330933333333334,0.7948570244615735,-0.6067967622392967,15.0
2022-03-28 15:15:00,194.66667,16.968466666666664,15.579733333333333,95.96726666666667,2.75074,-0.8750559107209546,-0.48402185189547065,15.0
2022-03-28 15:30:00,222.0,13.741286666666667,15.513866666666667,96.1066,2.2431693333333333,0.9972191357645735,0.07452513176745812,15.0
2022-03-28 15:45:00,133.0,15.403086666666667,15.5476,96.71626666666666,1.3886966666666667,0.7375332331373098,0.6753108395531844,15.0
2022-03-28 16:00:00,109.0,17.90986666666667,15.506666666666666,97.0382,1.646904,0.9382336150962413,0.34600243279988385,15.0
2022-03-28 16:15:00,354.33334,22.255466666666667,15.4678,96.9512,1.9238600000000001,0.760395386159496,0.6494604350592506,15.0
2022-03-28 16:30:00,223.66667,17.954333333333334,15.485199999999999,97.2538,2.0446133333333334,0.7355526308183428,0.677467583944955,15.0
2022-03-28 16:45:00,314.66666,19.278066666666668,15.440266666666666,97.85613333333335,2.5670866666666665,0.9225743663623251,-0.3858193081367938,15.0
2022-03-28 17:00:00,261.0,18.1676,15.394866666666667,98.19879999999999,2.0862,0.5102005119804048,-0.860055485172284,15.0
2022-03-28 17:15:00,10.666667,9.447913333333334,15.385066666666665,98.36653333333334,1.6389933333333333,0.15608577965541928,-0.9877435038456897,15.0
2022-03-28 17:30:00,0.0,8.514173333333334,15.341933333333333,98.48299999999999,1.8585673333333332,0.8547240888537317,0.5190825868136574,15.0
2022-03-28 17:45:00,0.0,10.6609,15.373266666666666,98.83013333333334,2.0933466666666667,0.9996901550840717,-0.024891641729397836,15.0
2022-03-28 18:00:00,0.0,7.85944,15.280933333333333,99.18946666666668,2.88624,0.9976556215051373,-0.06843435452459659,15.0
2022-03-28 20:00:00,0.0,5.28624,15.4596,99.81486666666666,1.857373333333333,0.9347045586584879,0.35542564345168076,120.0
2022-03-28 22:00:00,0.0,4.823046666666667,15.602133333333335,99.8136,4.728706666666667,0.9556666801991797,-0.29445066880052906,120.0
2022-03-29 00:00:00,0.0,4.6246133333333335,15.587266666666666,98.49759999999999,2.501653333333333,0.9999690204160561,-0.007871353641733374,120.0
2022-03-29 02:00:00,0.0,4.521753333333334,15.560333333333334,91.58926666666666,2.9194933333333335,0.9916844946486344,-0.12869290218765972,120.0
2022-03-29 04:00:00,0.0,4.609906666666666,15.7816,90.6568,3.18586,0.9953916248490255,-0.09589323844993869,120.0
2022-03-29 06:00:00,0.0,4.595226666666666,15.8034,90.53446666666667,2.813353333333333,0.999434637453009,0.03362150292852131,120.0
2022-03-29 06:15:00,0.0,4.9995666666666665,15.8064,89.75919999999999,2.7977,0.9943966461011116,0.10571333985292848,15.0
2022-03-29 06:30:00,18.333334,9.329886666666665,15.860066666666667,89.45826666666667,2.594673333333333,0.9961957121274256,0.08714415149011043,15.0
2022-03-29 06:45:00,30.0,11.47678,15.892866666666666,88.46766666666666,3.0856866666666667,0.9861602995131443,0.16579464305020664,15.0
2022-03-29 07:00:00,16.666666,11.447466666666665,15.998666666666669,88.13906666666666,2.30966,0.9993251067272347,0.03673324195603798,15.0
2022-03-29 07:15:00,198.33333,17.123406666666664,16.011,88.7844,2.4919066666666665,0.9862740766371434,0.16511646118285783,15.0
2022-03-29 07:30:00,388.33334,22.262333333333334,16.042733333333334,88.31246666666667,2.14238,0.9962457383195881,0.08657036952710057,15.0
2022-03-29 07:45:00,1033.3334,40.714866666666666,16.208266666666667,87.70453333333333,2.4109866666666666,0.9997689561614361,-0.021494983039593865,15.0
2022-03-29 08:00:00,1951.3334,80.60013333333333,16.406266666666667,86.9644,1.9781933333333332,0.9988589132737082,0.0477584691302656,15.0
2022-03-29 08:15:00,2199.0,84.54140000000001,16.7008,86.4656,2.20156,0.9924255638439722,-0.12284746732828476,15.0
2022-03-29 08:30:00,2943.0,98.84566666666666,16.824466666666666,85.78733333333334,2.6787199999999998,0.9611182047020206,-0.27613727852349984,15.0
2022-03-29 08:45:00,2786.0,112.21520000000001,17.03986666666667,84.82813333333334,2.188593333333333,0.9792426260580903,-0.2026915866799979,15.0
2022-03-29 09:00:00,4993.6665,192.68066666666667,17.2976,84.84393333333334,2.1605399999999997,0.9944760694221377,-0.10496355246796643,15.0
2022-03-29 09:15:00,7733.3335,276.4746666666667,18.189266666666665,82.6658,1.736798,0.9995432409657399,-0.030221009905443966,15.0
2022-03-29 09:30:00,8863.667,323.348,19.018733333333333,79.23786666666666,1.7461799999999998,0.9998877907719328,-0.014980182416233126,15.0
2022-03-29 09:45:00,7668.6665,276.9926666666667,19.516266666666663,76.7376,1.7368,0.9999749271153534,-0.007081323368096778,15.0
2022-03-29 10:00:00,4957.0,185.41199999999998,19.110466666666664,77.89913333333334,1.6737133333333332,0.9961800810235968,0.08732265554722919,15.0
2022-03-29 10:15:00,6026.3335,202.88666666666668,19.148333333333333,77.63766666666668,2.125313333333333,0.9962240503685553,0.0868195914944907,15.0
2022-03-29 10:30:00,4145.3335,148.55986666666666,19.058933333333336,77.46446666666665,2.14696,0.9920562611265376,0.1257949711222002,15.0
2022-03-29 10:45:00,3013.0,93.85266666666666,18.721600000000002,78.72733333333333,1.84382,0.999000643988655,-0.04469578626954388,15.0
2022-03-29 11:00:00,3485.6667,126.63506666666666,18.2392,81.16186666666667,1.9904266666666668,0.9958485716291584,-0.09102539417198298,15.0
2022-03-29 11:15:00,2639.0,99.01986666666667,17.934,83.04433333333333,2.0175666666666667,0.9974159320373079,-0.0718432913927826,15.0
2022-03-29 11:30:00,3418.6667,119.29333333333334,17.8688,84.98413333333333,1.827396,0.9998087680481017,0.019555749388277557,15.0
2022-03-29 11:45:00,3093.3333,112.63866666666667,17.740533333333335,85.43900000000001,2.6247133333333332,0.9833833709984092,0.1815410301937416,15.0
2022-03-29 12:00:00,4802.6665,165.192,17.8726,84.68513333333334,2.2777933333333333,0.9933039823542875,0.11553007677273208,15.0
2022-03-29 12:15:00,6917.0,234.51466666666664,18.39153333333333,82.34566666666666,2.1110333333333333,0.9981568950082309,0.06068618415691954,15.0
2022-03-29 12:30:00,4818.3335,187.46733333333333,18.835933333333333,80.65793333333333,2.0970133333333334,0.9344677973311548,0.3560476593815212,15.0
2022-03-29 12:45:00,5815.3335,141.1954,19.39333333333333,77.97886666666666,1.8627333333333336,0.4145613133117064,0.910021382993429,15.0
2022-03-29 13:00:00,6126.0,213.70733333333334,19.776333333333334,77.17726666666667,1.5198906666666667,0.8437813336030318,0.5366871165428598,15.0
2022-03-29 13:15:00,10017.667,298.0646666666667,20.3912,74.22593333333333,1.7973066666666668,0.34138316979491995,0.9399242157646397,15.0
2022-03-29 13:30:00,10713.0,316.85,20.982599999999998,73.71646666666668,1.8906533333333333,0.9045843992418272,0.4262945749693546,15.0
2022-03-29 13:45:00,7085.6665,233.11066666666665,21.263266666666667,72.2772,1.5635106666666665,0.5424036093727861,0.840118042027056,15.0
2022-03-29 14:00:00,3872.0,137.84973333333335,21.124399999999998,72.88826666666667,1.6285953333333334,0.720898997940176,0.6930401393634067,15.0
2022-03-29 14:15:00,4486.6665,159.64533333333333,20.7266,73.78366666666668,1.7060333333333333,0.6442891595977371,0.764781981237033,15.0
2022-03-29 14:30:00,3585.3333,94.84233333333333,20.380733333333335,75.47546666666668,1.90524,0.8501942190346613,0.5264691728107567,15.0
2022-03-29 14:45:00,5792.3335,97.23106666666666,19.695066666666666,78.54293333333334,1.6798133333333334,0.9987635903478889,0.04971207695715786,15.0
2022-03-29 15:00:00,7684.6665,331.0726666666667,19.963933333333333,78.92353333333334,1.5017393333333333,0.9985749263711684,-0.05336774702772846,15.0
2022-03-29 15:15:00,3265.0,153.07466666666667,20.14946666666667,77.28466666666667,1.7276533333333333,0.9999565143338686,0.009325740788788377,15.0
2022-03-29 15:30:00,3139.6667,135.89346666666668,19.822400000000002,79.28573333333334,1.6754933333333333,0.9977671745984573,-0.0667882122369781,15.0
2022-03-29 15:45:00,2636.3333,104.257,19.12366666666667,83.3456,1.797818,0.9834363484368441,-0.18125382360989267,15.0
2022-03-29 16:00:00,2477.6667,92.66206666666668,18.764466666666667,85.13086666666666,1.54884,0.9651438999916065,-0.26171979731956047,15.0
2022-03-29 16:15:00,1705.0,65.17033333333333,18.651400000000002,85.70859999999999,1.4978793333333333,0.9594643001098352,-0.28183019145354893,15.0
2022-03-29 16:30:00,1454.3334,52.3808,18.4668,86.9466,1.3287846666666667,0.9762798867216915,-0.2165123155450541,15.0
2022-03-29 16:45:00,1607.0,60.561400000000006,18.297933333333333,87.98786666666666,1.8471413333333333,0.8906946515170172,-0.4546020652823515,15.0
2022-03-29 17:00:00,1495.6666,55.47,18.217733333333335,89.23393333333334,2.584686666666667,0.7990064872594101,-0.6013224038046296,15.0
2022-03-29 17:15:00,869.6667,37.46633333333333,17.989066666666666,89.85,3.0413133333333335,0.8869893414612088,-0.4617898960936794,15.0
2022-03-29 17:30:00,468.0,19.66814,17.751266666666666,90.78706666666668,1.9554333333333331,0.9879742625858761,-0.15461842214915555,15.0
2022-03-29 17:45:00,395.0,23.512600000000003,17.808866666666667,90.73013333333333,1.5232186666666665,0.9989829362705724,-0.045089833002855184,15.0
2022-03-29 18:00:00,237.0,17.96333333333333,17.868,90.10346666666666,1.4914733333333332,0.9999591532320081,0.009038355355115704,15.0
2022-03-29 18:15:00,50.0,10.268133333333333,17.9192,89.98866666666666,1.5340846666666665,0.994040366821885,0.10901260995229997,15.0
2022-03-29 18:30:00,0.0,4.976,17.8708,90.45153333333333,1.4091866666666666,0.9955004332680103,0.09475699110463426,15.0
2022-03-29 18:45:00,0.0,4.343706666666667,17.837466666666668,90.94713333333334,1.610418,0.9555854455517663,0.2947141941773968,15.0
2022-03-29 19:00:00,0.0,4.299633333333333,17.8256,91.1386,1.610836,0.9965559570652677,0.08292300306747417,15.0
2022-03-29 21:00:00,0.0,4.83648,17.953133333333334,94.07033333333334,1.5396046666666665,0.9994601239802358,-0.032855145311072365,120.0
2022-03-29 23:00:00,0.0,5.064220000000001,18.142266666666668,94.7492,2.467986666666667,0.9921496622718553,-0.12505617799150717,120.0
2022-03-30 01:00:00,0.0,5.159433333333333,18.268866666666668,93.26846666666667,1.7126493333333335,0.4987106415879395,0.8667685365580281,120.0
2022-03-30 03:00:00,0.0,5.005666666666667,17.8836,95.25966666666666,2.7622133333333334,0.563393087209193,-0.8261889791596682,120.0
2022-03-30 05:00:00,0.0,6.004733333333333,19.133466666666667,83.94520000000001,2.759666666666667,-0.9889551661414888,-0.1482149768480239,120.0
2022-03-30 06:00:00,0.0,6.313266666666666,19.33066666666667,82.70513333333334,2.594373333333333,0.4528846820272787,0.8915691026415454,60.0
2022-03-30 06:15:00,0.0,8.885860000000001,19.4224,82.0232,2.4080866666666667,0.9425789029829249,-0.3339835499714108,15.0
2022-03-30 06:30:00,155.66667,18.271333333333335,19.5236,81.66853333333333,2.4097133333333334,0.5629420698959361,0.82649635567332,15.0
2022-03-30 06:45:00,351.66666,18.513733333333334,19.596799999999998,81.23926666666667,1.9780866666666665,0.6269283917139127,0.7790768843079654,15.0
2022-03-30 07:00:00,591.6667,29.919933333333333,19.726533333333336,80.76386666666666,2.39988,0.44691377454483433,0.8945770386736343,15.0
2022-03-30 07:15:00,693.3333,38.62246666666667,19.849600000000002,80.14293333333333,2.551753333333333,0.9349093205529296,0.3548866894422212,15.0
2022-03-30 07:30:00,817.0,37.35946666666667,20.0208,79.1668,2.934953333333333,0.9954429407668727,0.09535906709590003,15.0
2022-03-30 07:45:00,1559.0,69.69126666666666,20.152066666666666,79.05353333333333,3.1064933333333333,0.3487912437871423,0.9372004418785868,15.0
2022-03-30 08:00:00,2306.3333,92.90053333333334,20.455133333333333,77.51726666666667,2.7606733333333335,0.8685411751845502,0.49561701646436684,15.0
2022-03-30 08:15:00,3117.3333,129.64466666666667,20.890333333333334,75.54746666666666,2.2893666666666665,0.5252667133512179,0.8509376474485127,15.0
2022-03-30 08:30:00,4821.6665,153.6652,21.7034,73.07246666666667,1.97468,0.6605348990522321,0.7507953430423351,15.0
2022-03-30 08:45:00,3366.3333,100.40293333333332,22.128266666666665,71.98973333333333,1.5473093333333334,0.8651485028838642,0.5015157703979093,15.0
2022-03-30 09:00:00,3145.3333,119.64673333333333,22.056466666666665,72.19333333333334,1.8257533333333333,0.7558755616776942,0.6547153085566506,15.0
2022-03-30 09:15:00,6178.3335,222.19866666666667,22.209533333333336,71.43366666666667,1.399548,0.8697442503482982,0.49350272439579995,15.0
2022-03-30 09:30:00,7871.0,292.80646666666667,23.066133333333333,70.26933333333334,1.6456933333333335,0.9911279157981457,-0.1329114537036736,15.0
2022-03-30 09:45:00,7564.6665,243.66933333333333,22.743266666666667,72.748,1.3837333333333333,0.9846515771054367,-0.1745315779558992,15.0
2022-03-30 10:00:00,5508.3335,191.77753333333334,22.4586,72.51393333333334,1.6023266666666667,0.9550237398386543,-0.29652935157348326,15.0
2022-03-30 10:15:00,5227.6665,202.28466666666665,22.03826666666667,74.31099999999999,2.00766,0.9446217704163632,-0.32816110503143986,15.0
2022-03-30 10:30:00,8150.6665,300.96,22.392266666666668,71.61993333333334,2.16738,0.9684562939950087,-0.24918347983253902,15.0
2022-03-30 10:45:00,8840.0,321.32800000000003,22.777533333333334,70.51866666666666,2.132973333333333,0.9943108338455459,-0.1065174431601472,15.0
2022-03-30 11:00:00,10971.333,293.6093333333334,23.4576,67.84986666666667,2.2493,0.9907249290961729,0.13588272468339416,15.0
2022-03-30 11:15:00,11458.333,208.38753333333335,24.057533333333332,66.73573333333333,1.8994933333333333,0.999974770320605,0.007103430315924185,15.0
2022-03-30 11:30:00,10592.0,17.485666666666667,23.373066666666666,71.40586666666667,2.01678,0.9183911438195848,-0.3956737380137262,15.0
2022-03-30 11:45:00,12133.0,286.6665333333333,22.566533333333332,76.5976,2.438506666666667,0.8854314835971698,-0.46476993002443123,15.0
2022-03-30 12:00:00,13048.0,501.79266666666666,23.017266666666668,73.25053333333334,1.6585333333333334,0.9731820847825108,-0.23003614902524752,15.0
2022-03-30 12:15:00,13800.333,373.4706666666667,23.14493333333333,71.8502,1.8515733333333333,0.936979885323137,-0.3493833059833298,15.0
2022-03-30 12:30:00,11107.333,395.6806666666667,22.499266666666667,73.345,2.3155,0.8828547122417411,-0.46964620415005237,15.0
2022-03-30 12:45:00,11444.667,438.76933333333335,22.626933333333334,72.00993333333332,1.865552,0.9899220831244382,-0.1416130973553397,15.0
2022-03-30 13:00:00,15312.333,666.8406666666667,24.35846666666667,65.0406,2.225346666666667,0.9906075628834131,-0.13673571719995012,15.0
2022-03-30 13:15:00,9774.333,380.216,24.437866666666665,65.331,2.193766666666667,0.9362109219368796,-0.3514386285627947,15.0
2022-03-30 13:30:00,10682.0,402.22266666666667,23.176933333333334,71.68900000000001,1.5133606666666668,0.9593021470071683,-0.2823816402449656,15.0
2022-03-30 13:45:00,9731.667,387.902,23.909066666666668,69.07719999999999,1.4090866666666666,0.9996660708949314,-0.025840795295230302,15.0
2022-03-30 14:00:00,11382.0,445.4846666666666,23.937666666666665,68.37346666666667,1.3450113333333333,0.9944883977494555,-0.10484668207301917,15.0
2022-03-30 14:15:00,8891.667,272.26666666666665,24.212333333333333,66.8142,1.2066093333333332,0.9967115299533588,-0.08103163615548391,15.0
2022-03-30 14:30:00,7106.0,252.69133333333332,23.820066666666666,67.96113333333334,0.940984,0.9726189617058482,0.23240558368988892,15.0
2022-03-30 14:45:00,6075.0,220.8273333333333,23.076999999999998,71.49759999999999,1.0375133333333333,0.9993978722259194,0.034697161127459714,15.0
2022-03-30 15:00:00,4986.6665,163.7086666666667,22.6442,73.34746666666666,0.8991273333333333,0.9701034453585937,-0.2426917907622463,15.0
2022-03-30 15:15:00,4798.6665,171.31466666666668,23.120266666666666,71.63633333333334,1.639912,0.6924956419119428,0.7214220581136719,15.0
2022-03-30 15:30:00,3871.6667,140.50433333333334,23.5842,68.11566666666667,1.6324214285714285,0.9947642773365336,-0.10219604950840365,15.0
2022-03-30 15:45:00,2859.6667,96.89206666666665,22.210066666666666,75.02933333333334,1.2643493333333333,0.8770528333229219,-0.4803939295622238,15.0
2022-03-30 16:00:00,3073.0,57.407066666666665,21.5078,77.75533333333333,1.39442,0.9923402770029801,-0.1235345078820034,15.0
2022-03-30 16:15:00,4066.3333,143.14133333333334,22.2146,74.443,2.02194,0.5991838377584471,0.8006114716696601,15.0
2022-03-30 16:30:00,5071.3335,166.814,22.954066666666666,71.66566666666667,1.7434,0.9826417330107549,0.18551340799419416,15.0
2022-03-30 16:45:00,3073.0,97.80966666666667,22.499666666666666,73.9544,1.4057713333333335,0.9971874885591979,-0.07494739929443466,15.0
2022-03-30 17:00:00,2380.0,69.98766666666667,21.74973333333333,77.39913333333334,2.0877933333333334,0.9508632482257245,-0.30961118063407245,15.0
2022-03-30 17:15:00,1249.6666,46.64073333333333,21.3714,77.9222,2.4236733333333333,0.9831463809917786,-0.1828201125225789,15.0
2022-03-30 17:30:00,1006.3333,39.98673333333333,21.360333333333333,78.36640000000001,2.69102,0.997032006038509,-0.07698817399332537,15.0
2022-03-30 17:45:00,627.3333,31.0896,21.212,79.97126666666666,2.4233933333333337,0.9989038077586975,-0.046810072048386706,15.0
2022-03-30 18:00:00,871.6667,38.82726666666667,21.279,80.4206,2.4865666666666666,0.9822132628030861,0.18776875771468413,15.0
2022-03-30 18:15:00,230.66667,17.246013333333334,21.315,80.29119999999999,2.7493133333333333,0.998121919277079,0.06125874842534856,15.0
2022-03-30 18:30:00,0.0,6.098793333333333,20.98033333333333,82.31993333333334,2.66216,0.9871660127998534,-0.1596974112903518,15.0
2022-03-30 18:45:00,0.0,4.76146,20.729066666666665,84.26426666666666,2.8941866666666667,0.9572286482747442,-0.28933253346643556,15.0
2022-03-30 19:00:00,0.0,4.269426666666666,20.5372,86.119,1.847966,0.9887654268353514,-0.149475518714957,15.0
2022-03-30 21:00:00,0.0,6.0186866666666665,21.625,76.44033333333333,2.0643666666666665,0.6006528187578445,0.7995099694927237,120.0
2022-03-30 23:00:00,0.0,5.97452,21.023799999999998,79.69846666666668,1.5693486666666667,0.7845440344099067,0.6200731070380548,120.0
2022-03-31 01:00:00,0.0,6.540393333333332,21.41013333333333,75.277,1.4234293333333334,0.9590444817711306,0.28325550653843196,120.0
2022-03-31 03:00:00,0.0,6.834146666666667,21.836333333333336,72.27866666666667,2.41646,0.5303316625247572,0.8477902616353452,120.0
2022-03-31 05:00:00,0.0,4.902453333333333,20.233999999999998,83.451,2.47036,-0.841323409112009,0.540532072388075,120.0
2022-03-31 05:45:00,0.0,5.9095933333333335,21.038866666666667,77.8098,3.031826666666667,-0.8487440408874986,-0.5288038890344512,45.0
2022-03-31 06:00:00,0.0,6.644613333333334,21.143866666666668,76.6606,2.78694,-0.25452428545641037,-0.9670663824748039,15.0
2022-03-31 06:15:00,4.6666665,12.054486666666666,21.266933333333334,75.23133333333334,2.877546666666667,-0.6137282865202176,0.7895173147721066,15.0
2022-03-31 06:30:00,271.66666,27.886599999999998,21.436666666666667,74.13513333333334,2.2748333333333335,-0.881628307621438,0.47194441113393776,15.0
2022-03-31 06:45:00,913.6667,61.57666666666667,21.851066666666668,73.00240000000001,2.3764857142857143,-0.7163880590660927,-0.6977020487482579,15.0
2022-03-31 07:00:00,1313.6666,110.0484,22.96513333333333,69.54746666666666,2.2648333333333333,-0.837293119787332,-0.5467542698112164,15.0
2022-03-31 07:15:00,1983.3334,156.27533333333335,24.412533333333332,64.63693333333333,1.687194,0.9642255886537382,-0.2650830326244063,15.0
2022-03-31 07:30:00,3937.6667,144.60446666666667,25.813466666666667,60.49786666666667,1.720592,0.3725637900340512,0.9280065852974662,15.0
2022-03-31 07:45:00,3824.3333,180.8272,25.6598,62.376933333333334,1.0717186666666667,0.9281141840335234,0.3722956639497525,15.0
2022-03-31 08:00:00,6599.0,259.822,25.384866666666667,61.85466666666667,1.651958,0.8579256491472682,0.5137738612806595,15.0
2022-03-31 08:15:00,7218.0,197.076,26.0158,60.534533333333336,1.3342626666666668,0.9889391978827669,0.1483214849271332,15.0
2022-03-31 08:30:00,7666.3335,291.96133333333336,25.468866666666667,62.26246666666667,1.3524673333333332,0.9996217551335045,0.027501757467696696,15.0
2022-03-31 08:45:00,7866.0,330.68933333333337,26.064466666666664,60.525600000000004,1.8354666666666666,0.9998878256296928,-0.01497785557164602,15.0
2022-03-31 09:00:00,8407.333,323.8,26.821133333333332,58.635066666666674,2.0357399999999997,0.9628681766097485,0.2699719883103022,15.0
2022-03-31 09:15:00,7358.6665,260.82733333333334,26.445333333333334,58.976,1.77543,0.999870059098348,-0.01612032625805107,15.0
2022-03-31 09:30:00,6230.0,227.12066666666666,25.6048,60.79986666666667,2.07118,0.9999355049804716,-0.011357195052006462,15.0
2022-03-31 09:45:00,6297.0,219.63666666666668,25.2458,61.9018,2.2887333333333335,0.9766560349074712,-0.21480919318971517,15.0
2022-03-31 10:00:00,5232.3335,154.89586666666668,24.693133333333332,63.707,2.165386666666667,0.9871819880658254,-0.15959862918710976,15.0
2022-03-31 10:15:00,4093.0,144.57666666666668,24.204600000000003,63.7554,2.58402,0.9975019745664495,-0.07063859239844898,15.0
2022-03-31 10:30:00,3964.6667,160.9226666666667,24.413133333333334,63.120066666666666,2.1920406666666663,0.9981601417112442,-0.06063275928892661,15.0
2022-03-31 10:45:00,4769.3335,185.78866666666667,24.589,62.55306666666667,2.44732,0.9944538193473148,-0.10517414694466565,15.0
2022-03-31 11:00:00,4811.0,206.546,24.505333333333333,62.870066666666666,2.26512,0.9912146169035997,-0.1322633102438093,15.0
2022-03-31 11:15:00,7215.3335,285.2286666666667,24.9354,60.69193333333333,2.3738866666666665,0.9853801587251029,-0.1703700172885214,15.0
2022-03-31 11:30:00,6405.0,295.26666666666665,25.070133333333334,60.5848,2.93246,0.9817656840859864,-0.1900950855524022,15.0
2022-03-31 11:45:00,7955.6665,342.7574,25.168999999999997,60.99353333333333,2.8330800000000003,0.9785559858304206,-0.20598102484319694,15.0
2022-03-31 12:00:00,10816.333,445.342,25.564799999999998,59.89426666666667,3.41274,0.973967527539239,-0.22668757199966158,15.0
2022-03-31 12:15:00,9530.333,358.62466666666666,25.428,61.8724,4.154533333333333,0.9222864412746162,-0.386507076572996,15.0
2022-03-31 12:30:00,14136.0,513.3246666666666,25.0598,61.595800000000004,5.0366599999999995,0.9276886243597752,-0.3733548127900161,15.0
2022-03-31 12:45:00,14057.0,703.3946666666667,25.449333333333335,59.68653333333334,5.562586666666666,0.9099660959899254,-0.4146826547480059,15.0
2022-03-31 13:00:00,14765.333,796.9793333333333,26.290066666666668,57.051399999999994,5.440626666666666,0.9246586156945069,-0.3807971171397156,15.0
2022-03-31 13:15:00,15176.333,733.6366666666667,26.4322,57.7824,3.74186,0.9817858064790105,-0.1899911318887252,15.0
2022-03-31 13:30:00,16411.666,732.4853333333334,26.678533333333334,55.86853333333333,3.577026666666667,0.9902636960009777,-0.13920421108027958,15.0
2022-03-31 13:45:00,14549.0,531.7173333333334,26.142133333333334,56.5282,4.2693933333333325,0.9813660676356775,-0.19214744675193327,15.0
2022-03-31 14:00:00,9878.667,343.2873333333334,25.173266666666667,60.7884,3.65474,0.9714365764557026,-0.23729934244330295,15.0
2022-03-31 14:15:00,8793.0,289.64000000000004,24.571133333333332,66.60446666666667,2.9638333333333335,0.8245806630414355,-0.5657444035411632,15.0
2022-03-31 14:30:00,10405.0,246.8853333333333,24.216533333333334,69.42126666666667,2.75748,0.7671875421640246,-0.6414228520627582,15.0
2022-03-31 14:45:00,8762.667,265.84133333333335,23.965933333333332,70.69246666666666,2.5750733333333335,0.8502603703890484,-0.5263623300976981,15.0
2022-03-31 15:00:00,6047.0,198.06873333333334,23.825666666666667,71.74026666666667,2.9755066666666665,0.8906740214126125,-0.45464248325545326,15.0
2022-03-31 15:15:00,6861.6665,342.5513333333334,24.0172,71.86580000000001,2.5065533333333336,0.9758895955083249,-0.21826474149206535,15.0
2022-03-31 15:30:00,6922.6665,318.6333333333333,24.4838,70.50733333333332,2.3268866666666668,0.9999601358116936,-0.008928985802387107,15.0
2022-03-31 15:45:00,7377.0,263.324,24.337133333333334,71.71499999999999,2.30126,0.9885892574836291,-0.15063625057723276,15.0
2022-03-31 16:00:00,11669.667,362.8066666666667,24.24046666666667,71.84166666666667,2.4846733333333333,0.9996304722624763,0.027183063188291313,15.0
2022-03-31 16:15:00,6674.0,291.7353333333333,23.942400000000003,72.45026666666666,3.1519666666666666,0.9839920048817472,-0.178212609904012,15.0
2022-03-31 16:30:00,5574.6665,251.20466666666667,23.6296,74.73513333333334,3.1045933333333333,0.9827245231098813,-0.18507434095102526,15.0
2022-03-31 16:45:00,4197.3335,175.26466666666667,23.159666666666666,77.47566666666667,2.5716733333333335,0.9948775335606265,-0.10108755223233243,15.0
2022-03-31 17:00:00,3150.3333,119.02553333333334,22.827266666666667,78.9358,3.0359266666666667,0.980365356822654,-0.19718967301050597,15.0
2022-03-31 17:15:00,2634.0,91.1814,22.3574,80.32606666666668,2.19684,0.9735321195577991,-0.22855023996771295,15.0
2022-03-31 17:30:00,1666.0,62.88006666666667,22.405066666666666,77.21273333333333,1.7192133333333333,0.9997048631455495,-0.024293756464121543,15.0
2022-03-31 17:45:00,812.3333,27.433866666666667,22.226133333333333,76.45533333333333,1.9138733333333333,0.9997648084724768,-0.021687040830680945,15.0
2022-03-31 18:00:00,401.0,21.952466666666666,22.31066666666667,75.173,1.7507,0.9472535429358744,0.3204851406780564,15.0
2022-03-31 18:15:00,92.0,12.299093333333333,22.0288,76.20786666666666,1.5689246666666667,0.9912739205331177,-0.1318181113159428,15.0
2022-03-31 18:30:00,0.0,5.268366666666666,21.456200000000003,79.01813333333332,1.6528406666666666,0.995774209176976,-0.09183531095372816,15.0
2022-03-31 18:45:00,0.0,3.9164533333333336,21.282,79.89586666666668,1.7379313333333333,0.9929242550024631,0.11874941611563279,15.0
2022-03-31 19:00:00,0.0,3.7181466666666667,21.249266666666667,79.46606666666666,1.9711466666666666,0.8410874774220467,0.5408991175106668,15.0
2022-03-31 21:00:00,0.0,4.1668,20.297266666666665,86.6942,2.6980266666666664,0.34346300360952625,0.9391662074156643,120.0
2022-03-31 23:00:00,0.0,4.696773333333334,19.3716,91.10733333333334,2.6018266666666667,0.9280240542326731,0.3725202743013495,120.0
2022-04-01 01:00:00,0.0,5.335953333333333,18.978333333333335,93.6142,3.4366133333333333,0.9980884851974128,-0.06180109801883783,120.0
2022-04-01 03:00:00,0.0,5.137473333333333,18.2034,94.1708,4.739253333333333,0.9831061529765314,-0.1830363132815038,120.0
2022-04-01 05:00:00,0.0,7.541740000000001,17.598,97.16080000000001,4.277073333333333,0.9966071920789915,-0.08230494940420181,120.0
2022-04-01 07:00:00,0.0,12.783266666666666,16.9252,99.26373333333332,4.106273333333333,0.9954385902831575,-0.09540447041454696,120.0
2022-04-01 07:15:00,0.0,14.334399999999999,16.878800000000002,99.3214,3.6648666666666667,0.9977430972209429,-0.06714694295319888,15.0
2022-04-01 07:30:00,13.333333,15.900066666666667,16.84113333333333,99.42613333333334,4.4641,0.9958992544804738,-0.09046919323856392,15.0
2022-04-01 07:45:00,53.333332,16.584133333333334,16.834733333333332,99.55226666666665,4.393313333333333,0.9916510690249765,-0.12895021249157118,15.0
2022-04-01 08:00:00,157.33333,21.369333333333334,16.849733333333333,99.5934,3.4976933333333333,0.9990988420766207,-0.04244412516657197,15.0
2022-04-01 08:15:00,191.33333,20.0532,16.806333333333335,99.60313333333333,3.6707533333333333,0.9915481273518054,-0.12973939704318016,15.0
2022-04-01 08:30:00,296.66666,17.362866666666665,16.699133333333332,99.6494,3.84154,0.9960531578666548,-0.08875869931372825,15.0
2022-04-01 08:45:00,424.66666,27.81586666666667,16.7208,99.73506666666667,3.2751733333333335,0.9985354115847141,-0.054102049973595516,15.0
2022-04-01 09:00:00,661.0,35.285399999999996,16.651533333333333,99.80279999999999,3.42094,0.9991947686348452,-0.04012249160705457,15.0
2022-04-01 09:15:00,652.3333,34.59406666666667,16.638066666666667,99.81326666666668,2.9460866666666665,0.9978918234052647,-0.06489922018727212,15.0
2022-04-01 09:30:00,805.0,42.245466666666665,16.6746,99.8044,2.79376,0.9995657086659566,0.02946852658556154,15.0
2022-04-01 09:45:00,969.0,42.89973333333333,16.755666666666666,99.80513333333333,1.92898,0.9996729207808549,0.025574429758540324,15.0
2022-04-01 10:00:00,1169.6666,44.64253333333333,16.709600000000002,99.81246666666667,2.5262066666666665,0.9999884872598807,-0.00479847347553891,15.0
2022-04-01 10:15:00,1469.6666,53.647866666666665,16.784733333333335,99.8042,2.3381133333333333,0.9985065019961993,0.05463300715971965,15.0
2022-04-01 10:30:00,1840.3334,61.56513333333333,16.972333333333335,99.812,2.15596,0.9981460756193111,0.060863878661883086,15.0
2022-04-01 10:45:00,2226.0,68.51833333333335,17.024866666666664,99.80286666666667,2.0368333333333335,0.9974032940293628,0.07201853274940091,15.0
2022-04-01 11:00:00,2265.6667,74.17193333333333,17.15873333333333,99.8102,1.5166446666666666,0.9971488997624232,0.0754590730302794,15.0
2022-04-01 11:15:00,1859.3334,70.1196,17.313533333333332,99.81813333333334,1.6615399999999998,0.8147461887285862,0.5798177713318582,15.0
2022-04-01 11:30:00,1466.3334,56.32993333333333,17.324,99.80986666666666,2.183322,0.9867926498530651,0.16198847550355566,15.0
2022-04-01 11:45:00,1717.3334,65.08493333333334,17.3268,99.82393333333333,1.71012,0.9967298897927145,0.08080548739908225,15.0
2022-04-01 12:00:00,2107.3333,78.7072,17.3538,99.81573333333333,1.52262,0.9998547791171013,-0.01704173338286221,15.0
2022-04-01 12:15:00,2242.6667,79.68433333333334,17.379866666666665,99.81733333333334,1.185932,0.9999902457490887,0.004416832199361077,15.0
2022-04-01 12:30:00,1631.0,62.1808,17.4692,99.8152,1.4412373333333333,0.9974071472796263,0.07196514820048541,15.0
2022-04-01 12:45:00,2520.3333,92.54053333333333,17.606333333333335,99.8106,1.1509033333333332,0.9776816588732063,0.21009182255132028,15.0
2022-04-01 13:00:00,3947.3333,121.92586666666666,18.034133333333333,99.82246666666667,0.703626,0.8608249371049562,0.5089011963615807,15.0
2022-04-01 13:15:00,4339.3335,143.61933333333334,18.186933333333332,99.80839999999999,0.9100446666666667,0.958032216661923,0.286660551589929,15.0
2022-04-01 13:30:00,4910.3335,157.13666666666668,18.41486666666667,99.80766666666666,0.9905393333333333,0.8760251365537978,0.48226544571003627,15.0
2022-04-01 13:45:00,3821.0,127.17786666666667,18.721333333333334,99.83279999999999,0.9844273333333333,0.9883599173811928,0.1521337362791102,15.0
2022-04-01 14:00:00,2955.0,95.46039999999999,18.56993333333333,99.6706,1.4218586666666666,0.8534665212216457,-0.5211476730772404,15.0
2022-04-01 14:15:00,2536.6667,81.59746666666666,18.222666666666665,99.44926666666667,1.773906,0.8874107652040644,-0.46097953728982044,15.0
2022-04-01 14:30:00,3042.3333,98.28313333333334,18.121466666666667,99.42246666666666,1.4768599999999998,0.9873826873905168,-0.15835222967006443,15.0
2022-04-01 14:45:00,3708.0,121.05466666666666,18.243533333333335,96.92980000000001,1.485812,0.9915601997475234,-0.12964709899049615,15.0
2022-04-01 15:00:00,2838.0,96.60046666666668,18.662266666666667,86.93046666666667,2.0527466666666667,0.6017518319547777,0.7986831241106006,15.0
2022-04-01 15:15:00,1770.3334,44.60606666666667,19.0216,81.9816,1.7652539999999999,0.6707641971468048,0.7416706761265422,15.0
2022-04-01 15:30:00,1680.3334,63.29833333333333,19.031133333333333,78.2002,2.573666666666667,0.8798797239463515,0.4751964555718952,15.0
2022-04-01 15:45:00,1804.6666,46.026666666666664,18.768933333333333,77.75846666666666,3.3648,0.9450005036394954,0.32706887366592996,15.0
2022-04-01 16:00:00,1648.0,56.45413333333333,18.379133333333336,77.27773333333333,3.7199466666666665,0.9690844103854804,-0.24672941767820405,15.0
2022-04-01 16:15:00,1016.3333,36.308773333333335,17.846999999999998,78.22113333333333,3.2008333333333336,0.892176037202717,0.4516878553174262,15.0
2022-04-01 16:30:00,603.0,28.730933333333333,17.424466666666667,78.30166666666668,3.47372,0.48866134119136023,-0.8724735489543858,15.0
2022-04-01 16:45:00,326.33334,21.233533333333334,17.122133333333334,77.97373333333333,3.915633333333333,0.9520510379723282,-0.30593924412505913,15.0
2022-04-01 17:00:00,265.66666,19.418733333333332,16.907466666666668,78.28966666666666,4.254106666666667,0.1939047059176065,-0.9810203693211506,15.0
2022-04-01 17:15:00,239.33333,18.92733333333333,16.779266666666665,79.10053333333333,4.445933333333333,-0.9842021390039682,-0.17704843851334434,15.0
2022-04-01 17:30:00,200.33333,16.980166666666666,16.481933333333334,79.84346666666667,4.59482,-0.974731608987097,-0.22337925248649443,15.0
2022-04-01 17:45:00,69.333336,13.158066666666667,16.291066666666666,79.0334,5.139873333333333,-0.9804381625058576,0.1968273596381804,15.0
2022-04-01 18:00:00,8.666667,9.813573333333332,16.117066666666666,78.6198,3.767866666666667,0.7434026322802794,-0.6688441719255328,15.0
2022-04-01 18:15:00,0.0,6.8952599999999995,15.868733333333333,78.54306666666666,4.571113333333333,0.6093691172246606,0.792886674735323,15.0
2022-04-01 18:30:00,0.0,5.417826666666667,15.764733333333334,77.91573333333334,4.7139999999999995,0.7797810545539576,-0.6260523196656314,15.0
2022-04-01 18:45:00,0.0,5.021193333333333,15.750866666666667,77.3278,4.292286666666667,-0.9689094488823262,0.24741560150189995,15.0
2022-04-01 20:45:00,0.0,7.3158,13.687266666666666,91.05413333333333,6.640793333333333,-0.18570091492959914,0.9826063149574756,120.0
2022-04-01 22:45:00,0.0,3.926693333333333,13.018733333333333,91.2698,8.496406666666667,-0.09487282219804093,0.9954894010526576,120.0
2022-04-02 00:45:00,0.0,4.6325666666666665,13.211466666666666,86.39206666666665,8.966726666666666,-0.14275561480022464,0.9897579676077429,120.0
2022-04-02 02:45:00,0.0,4.750146666666667,13.0138,87.62020000000001,6.818873333333333,-0.13962245601048515,0.9902048120351669,120.0
2022-04-02 04:45:00,0.0,5.051786666666667,13.224866666666665,83.37913333333333,7.707486666666667,-0.11912026549000103,0.9928798327842054,120.0
2022-04-02 06:15:00,0.0,6.176793333333333,12.783199999999999,85.03886666666668,7.939866666666666,-0.5363072098804897,0.8440228531445131,90.0
2022-04-02 06:30:00,0.0,8.956106666666667,12.828866666666666,83.6116,7.775,-0.5140357759839275,0.8577687456468681,15.0
2022-04-02 06:45:00,51.333332,12.081673333333333,12.801266666666667,83.43646666666667,7.1545733333333335,-0.5146893554473061,0.8573767359738872,15.0
2022-04-02 07:00:00,252.0,19.552866666666667,12.6206,85.50773333333333,7.03716,-0.549146223027314,0.8357262863730179,15.0
2022-04-02 07:15:00,482.66666,25.398733333333332,12.4308,86.24753333333334,7.307346666666667,-0.5400529971825047,0.8416310119251748,15.0
2022-04-02 07:30:00,563.3333,27.126666666666665,12.463666666666667,85.903,7.376053333333333,-0.5401438812096713,0.8415726870518985,15.0
2022-04-02 07:45:00,669.0,29.832800000000002,12.517866666666666,84.43926666666667,7.422553333333334,-0.505619729007633,0.8627564486216535,15.0
2022-04-02 08:00:00,654.0,29.4058,12.640333333333333,83.0686,7.244393333333333,-0.1690054695747779,0.9856151131419448,15.0
2022-04-02 08:15:00,971.3333,38.523466666666664,12.7524,81.26806666666667,6.958026666666667,-0.5155066571061652,0.8568855737373728,15.0
2022-04-02 08:30:00,1256.0,48.00906666666666,12.825533333333334,81.30686666666666,6.801326666666667,-0.1467391066432653,0.9891752294621698,15.0
2022-04-02 08:45:00,1955.3334,69.08333333333333,12.884933333333333,81.40706666666667,6.6575,-0.545385724964432,0.8381851889678205,15.0
2022-04-02 09:00:00,2125.0,71.143,12.969666666666665,80.61453333333334,6.873679999999999,-0.14508152243967357,0.9894197045978953,15.0
2022-04-02 09:15:00,2398.0,80.74600000000001,12.899333333333335,80.38166666666666,5.644653333333334,-0.8175617315716815,0.5758409633479662,15.0
2022-04-02 09:30:00,2499.6667,86.29046666666666,12.894933333333334,79.2132,5.473366666666666,-0.8428931994899798,-0.5380808993576572,15.0
2022-04-02 09:45:00,2611.6667,91.18033333333332,12.886266666666668,79.52546666666667,5.60466,-0.5436965204098709,-0.8392818916753767,15.0
2022-04-02 10:00:00,2555.0,85.04366666666667,12.873933333333333,81.54593333333334,6.668,-0.18668407214559385,0.982420000410791,15.0
2022-04-02 10:15:00,3193.0,93.61666666666666,12.401866666666667,86.70553333333334,7.4277,-0.5058333354912328,0.862631228686867,15.0
2022-04-02 10:30:00,3670.3333,109.2966,11.934,91.53226666666666,6.955806666666667,-0.8032720569487196,0.5956122921207829,15.0
2022-04-02 10:45:00,4849.6665,147.08133333333336,11.923,92.73673333333333,6.580793333333333,-0.4753671835067992,0.8797874975497283,15.0
2022-04-02 11:00:00,4429.0,136.234,12.218066666666665,91.43286666666667,6.708373333333332,-0.5008212144579648,0.8655507559634208,15.0
2022-04-02 11:15:00,4605.3335,141.964,12.275933333333334,89.36633333333333,6.700193333333333,-0.9736971618700637,0.227846081744196,15.0
2022-04-02 11:30:00,4939.3335,170.5,12.544266666666665,87.24566666666666,6.04226,-0.8122946368180818,0.5832473086063754,15.0
2022-04-02 11:45:00,6135.0,207.98066666666668,12.829133333333335,83.02886666666667,6.695093333333333,-0.11004656771429994,0.993926432355183,15.0
2022-04-02 12:00:00,7238.6665,245.48466666666667,13.308,80.68206666666667,6.376966666666666,-0.966865103071718,0.2552878227846288,15.0
2022-04-02 12:15:00,5159.6665,174.48066666666668,13.5658,78.6496,6.119073333333334,-0.5319025576183619,0.8468055675295512,15.0
2022-04-02 12:30:00,5619.0,189.51266666666666,13.491333333333333,79.13753333333332,5.337053333333333,-0.9910403712848697,-0.13356265377547608,15.0
2022-04-02 12:45:00,4377.0,146.81133333333335,13.629866666666667,78.49433333333333,5.360453333333334,-0.9875299792845209,-0.15743106432440127,15.0
2022-04-02 13:00:00,3817.0,130.57399999999998,13.569466666666667,77.88546666666666,6.153206666666667,-0.9612175848249525,0.27579114311972636,15.0
2022-04-02 13:15:00,6607.6665,219.09133333333332,13.688066666666666,77.34073333333332,4.86614,0.530407321032777,-0.847742929073922,15.0
2022-04-02 13:30:00,5716.0,190.60533333333333,13.967666666666666,75.9922,6.327913333333333,-0.8082881912872839,0.5887870581335252,15.0
2022-04-02 13:45:00,4437.3335,147.15733333333336,14.0436,75.89753333333333,6.377553333333334,-0.8306717215752195,0.5567625085934407,15.0
2022-04-02 14:00:00,3850.3333,130.75866666666667,13.8922,77.10646666666666,6.824,-0.10173925511520465,0.9948110996408329,15.0
2022-04-02 14:15:00,3934.0,134.698,13.687199999999999,77.4882,7.388213333333334,-0.5133404589865,0.8581850459938868,15.0
2022-04-02 14:30:00,3739.6667,123.45466666666667,13.654599999999999,77.5278,6.6902800000000004,-0.7964418053545689,0.6047151814561587,15.0
2022-04-02 14:45:00,2790.6667,98.16346666666666,13.736733333333332,78.27366666666667,6.128013333333333,-0.8003212385369646,0.5995714429045625,15.0
2022-04-02 15:00:00,2580.0,90.30286666666667,13.591933333333333,78.57933333333334,7.170571428571429,-0.15075554951646958,0.9885710719467707,15.0
2022-04-02 15:15:00,2150.0,72.02553333333334,13.237066666666665,82.46406666666667,6.9396933333333335,-0.1539861323914125,0.9880730089579082,15.0
2022-04-02 15:30:00,2137.0,74.90046666666667,12.657333333333334,89.56933333333333,5.89336,-0.5136007556929452,0.8580292907305878,15.0
2022-04-02 15:45:00,2714.3333,99.09413333333333,12.459733333333334,92.52613333333333,5.7183600000000006,-0.5289590355191978,0.8486473582958943,15.0
2022-04-02 16:00:00,2944.0,103.2472,12.478466666666666,93.10306666666666,5.997873333333334,-0.8112299958874336,0.5847271960260395,15.0
2022-04-02 16:15:00,2868.0,104.96319999999999,12.338466666666667,91.52199999999999,7.381813333333333,-0.11372343123358493,0.9935124464184936,15.0
2022-04-02 16:30:00,2139.6667,76.87913333333333,12.268333333333334,91.96260000000001,5.91664,-0.1536642151827706,0.9881231243991121,15.0
2022-04-02 16:45:00,1926.0,66.4138,12.213799999999999,92.03193333333334,5.1294,-0.15705501700744384,0.9875898549665197,15.0
2022-04-02 17:00:00,1055.6666,42.18626666666667,12.215133333333334,90.68586666666667,6.279146666666667,-0.13873524026737735,0.9903295073398314,15.0
2022-04-02 17:15:00,688.0,29.796,12.082066666666666,89.7314,6.679846666666666,-0.8237315776265616,0.566979971445955,15.0
2022-04-02 17:30:00,461.0,24.539066666666667,11.977,90.0936,6.759873333333333,-0.11430141406700037,0.9934461166778419,15.0
2022-04-02 17:45:00,261.0,19.876266666666666,11.800266666666666,92.72086666666668,6.090339999999999,-0.8066930046112716,0.5909707237344662,15.0
2022-04-02 18:00:00,116.666664,15.398133333333332,11.655399999999998,93.16446666666667,7.036333333333333,-0.5079723029075579,0.8613734030481741,15.0
2022-04-02 18:15:00,14.333333,10.346366666666666,11.6618,92.6068,6.490253333333333,-0.09060940489094055,0.9958865074622256,15.0
2022-04-02 18:30:00,0.0,6.24346,11.727066666666667,91.89513333333333,6.817826666666666,-0.7917505924384352,0.6108444968839344,15.0
2022-04-02 18:45:00,0.0,4.736093333333333,11.8274,90.77926666666667,6.682026666666667,-0.7980034786570476,0.6026528420668495,15.0
2022-04-02 19:00:00,0.0,4.1624799999999995,11.9848,88.86640000000001,6.6838066666666665,-0.09371445372290693,0.9955991166947755,15.0
2022-04-02 21:00:00,0.0,5.420086666666666,12.2882,86.27466666666666,6.0230266666666665,-0.8031210900126471,0.5958158396492137,120.0
2022-04-02 23:00:00,0.0,5.338453333333334,13.246333333333332,80.62986666666667,4.231713333333333,-0.8385338552680741,-0.5448494962549388,120.0
2022-04-03 01:00:00,0.0,5.4119,13.369200000000001,75.49893333333333,5.967020000000001,-0.16727351857139194,0.9859105283872093,120.0
2022-04-03 03:00:00,0.0,5.514773333333333,13.265600000000001,69.67853333333332,6.050633333333334,-0.14916718259403014,0.9888119900349911,120.0
2022-04-03 05:00:00,0.0,5.7282,13.374666666666666,65.16306666666667,6.305313333333333,-0.14060171983780403,0.9900662383793579,120.0
2022-04-03 06:00:00,0.0,6.323646666666666,13.409333333333334,62.7812,5.811833333333333,-0.5166036667504956,0.8562246501356655,60.0
2022-04-03 06:15:00,0.0,9.242906666666666,13.3878,63.25013333333333,5.6787133333333335,-0.8083260337047872,0.5887351044698178,15.0
2022-04-03 06:30:00,148.0,17.485133333333334,13.449666666666667,61.97253333333333,4.86542,-0.9673811247874955,0.25332540221004296,15.0
2022-04-03 06:45:00,231.33333,20.168866666666666,13.538133333333333,61.534933333333335,5.81332,-0.49246933368106993,0.8703297969067375,15.0
2022-04-03 07:00:00,539.0,29.426266666666667,13.5254,61.3032,5.9624,-0.804284257794454,0.5942447582133344,15.0
2022-04-03 07:15:00,1413.6666,57.77906666666667,13.642533333333335,60.89626666666666,5.546193333333333,-0.4871226016117426,0.8733335966278908,15.0
2022-04-03 07:30:00,1998.6666,72.85560000000001,13.854266666666666,59.98693333333333,5.755633333333334,-0.49050318758126116,0.8714393971887099,15.0
2022-04-03 07:45:00,3072.6667,111.08553333333333,14.056999999999999,59.8886,5.04652,-0.5229815303758375,0.8523440144013138,15.0
2022-04-03 08:00:00,4294.3335,189.29533333333336,14.3746,57.80166666666666,5.88504,-0.8305335543177359,0.5569685944039829,15.0
2022-04-03 08:15:00,4094.0,158.81,14.972333333333333,54.153,5.577806666666667,-0.11494870890205856,0.9933714281786797,15.0
2022-04-03 08:30:00,9033.333,304.906,15.117600000000001,54.40133333333333,4.353053333333333,-0.8404312820710667,-0.5419181304554989,15.0
2022-04-03 08:45:00,12156.667,457.498,16.6564,49.19273333333333,4.6306,-0.9879539606002534,-0.15474809121366562,15.0
2022-04-03 09:00:00,13190.667,471.57466666666664,17.607733333333332,47.352133333333335,4.4491,-0.7839025011004122,0.6208839414645206,15.0
2022-04-03 09:15:00,14446.333,532.846,18.299333333333333,44.81726666666667,3.97446,0.9808544529992068,0.19474224511293586,15.0
2022-04-03 09:30:00,15387.667,565.6093333333333,18.95293333333333,44.16146666666667,3.7199,0.1761295448425432,-0.9843669963146665,15.0
2022-04-03 09:45:00,16469.666,604.4573333333334,19.644000000000002,42.78693333333333,3.764553333333333,0.9907102193699158,0.13598993064199072,15.0
2022-04-03 10:00:00,17421.666,639.1066666666667,20.274800000000003,41.9174,3.8424400000000003,-0.3110728947260069,-0.9503860553305602,15.0
2022-04-03 10:15:00,18296.666,672.2106666666666,20.736066666666666,40.7182,3.2644733333333336,0.63181413534964,0.7751199251550607,15.0
2022-04-03 10:30:00,19158.0,701.4566666666667,21.357733333333332,38.6756,3.239533333333333,0.8895382699999189,0.45686066388511865,15.0
2022-04-03 10:45:00,19773.0,726.8433333333334,22.1458,37.17746666666667,2.9604133333333333,0.3598741389062081,0.933000859670834,15.0
2022-04-03 11:00:00,20383.666,749.5086666666667,22.807133333333336,36.209666666666664,2.9626066666666664,0.4163590785918641,0.9092002626892131,15.0
2022-04-03 11:15:00,20965.666,767.3313333333333,23.320333333333334,33.63646666666667,3.4333866666666664,0.3654455091798627,0.9308327346093233,15.0
2022-04-03 11:30:00,21412.0,780.312,23.4376,32.216,3.41126,0.35640753014503246,0.9343306012626996,15.0
2022-04-03 11:45:00,21673.0,789.0086666666666,23.662266666666664,29.896466666666665,3.4298333333333333,0.3221628154290986,0.9466842770188996,15.0
2022-04-03 12:00:00,21799.0,793.5966666666667,23.9436,30.32293333333333,3.1306333333333334,0.35440267240120915,0.935092907573831,15.0
2022-04-03 12:15:00,21835.666,795.5740000000001,24.342066666666664,29.7734,2.6656666666666666,0.39307151149642067,0.9195079047239992,15.0
2022-04-03 12:30:00,21666.334,794.348,24.861666666666668,29.9338,2.269206666666667,0.8778682673776018,0.478902187436482,15.0
2022-04-03 12:45:00,21660.666,789.7080000000001,25.044866666666667,28.444599999999998,2.650786666666667,0.5876316159843603,0.8091285954010087,15.0
2022-04-03 13:00:00,21289.666,778.7106666666666,23.044733333333333,40.32046666666667,4.112946666666667,0.7926941326712347,-0.6096195633578363,15.0
2022-04-03 13:15:00,21098.666,764.1846666666667,21.937133333333335,43.03726666666667,4.379933333333333,0.7597330142602234,-0.6502351474990222,15.0
2022-04-03 13:30:00,20836.0,747.848,21.571199999999997,43.562400000000004,4.497913333333333,0.7790535409101013,-0.6269573991870845,15.0
2022-04-03 13:45:00,20336.334,728.1293333333334,21.264200000000002,44.3654,4.499573333333333,0.8087570260086824,-0.5881429017522795,15.0
2022-04-03 14:00:00,19961.334,707.2233333333334,21.031333333333336,43.2168,4.59462,0.8053009874542721,-0.5928661903036588,15.0
2022-04-03 14:15:00,19347.334,682.276,20.825,42.99186666666667,4.6049066666666665,0.8019425014036462,-0.5974012256787417,15.0
2022-04-03 14:30:00,18606.334,653.4186666666667,20.69,44.12493333333334,4.467833333333333,0.792190241784803,-0.6102742177258804,15.0
2022-04-03 14:45:00,17829.666,620.8666666666667,20.787533333333332,44.04506666666667,4.31618,0.7638485977896688,-0.645395475390676,15.0
2022-04-03 15:00:00,16917.0,585.6166666666667,20.7378,45.03433333333333,3.94562,0.7627812041912195,-0.6466566589254247,15.0
2022-04-03 15:15:00,15844.667,547.3566666666667,20.794266666666665,46.55866666666667,4.118453333333333,0.6828233651205791,-0.7305835010766452,15.0
2022-04-03 15:30:00,14685.667,494.12,20.450066666666665,47.6612,4.209946666666666,0.7139433134216521,-0.700203502719397,15.0
2022-04-03 15:45:00,13474.667,461.80199999999996,19.97713333333333,49.574799999999996,3.943833333333333,0.7144889613446068,-0.6996467137896847,15.0
2022-04-03 16:00:00,12080.333,416.1166666666667,19.852733333333333,49.221066666666665,3.5683933333333333,0.7342277238141997,-0.6789032696803127,15.0
2022-04-03 16:15:00,10586.0,369.51800000000003,19.444466666666663,50.2066,3.5820999999999996,0.7943015325485827,-0.6075237241383852,15.0
2022-04-03 16:30:00,8939.333,320.82733333333334,19.040533333333332,52.0932,3.434253333333333,0.770171961239927,-0.6378363035449176,15.0
2022-04-03 16:45:00,6947.3335,270.62933333333336,18.8128,51.293,2.773206666666667,0.8878485817655535,-0.46013573633971877,15.0
2022-04-03 17:00:00,5596.3335,220.29066666666668,18.725,52.008,2.65132,0.8086132914451785,-0.5883405008141076,15.0
2022-04-03 17:15:00,4141.6665,173.13866666666667,18.543133333333333,53.12746666666667,2.73968,0.8376106790902701,-0.5462676544276959,15.0
2022-04-03 17:30:00,2328.0,122.2368,18.170866666666665,54.86233333333333,2.51246,0.8650346902969959,-0.5017120534557451,15.0
2022-04-03 17:45:00,993.3333,51.824,17.672266666666665,56.6048,1.9079593333333333,0.9557830924420389,-0.2940725764193817,15.0
2022-04-03 18:00:00,653.0,26.806733333333334,17.352866666666667,55.2428,2.0056066666666665,0.9568186576222972,-0.2906854940066071,15.0
2022-04-03 18:15:00,292.66666,15.756533333333334,17.194799999999997,55.83326666666667,1.3799873333333332,0.9886941805037065,-0.14994604842443937,15.0
2022-04-03 18:30:00,21.666666,6.078213333333334,16.915266666666664,58.46606666666666,1.210492,0.9803424061260423,-0.197303742364411,15.0
2022-04-03 18:45:00,0.0,1.9037000000000002,16.6818,59.55446666666667,1.07787,0.9998069433847854,0.0196488157295157,15.0
2022-04-03 19:00:00,0.0,1.1393206666666666,16.5628,62.403733333333335,1.3832513333333334,0.9393870124384587,0.34285863101568115,15.0
2022-04-03 19:15:00,0.0,1.249668,16.538133333333334,62.346466666666664,1.5628686666666667,0.8089574892598234,0.5878671453402059,15.0
2022-04-03 21:15:00,0.0,1.88214,16.280266666666666,70.15180000000001,2.71318,0.3547512525784647,0.9349607204551486,120.0
2022-04-03 23:15:00,0.0,2.6395399999999998,16.524266666666666,72.99080000000001,3.366233333333333,0.9960254316224517,-0.08906929640066094,120.0
2022-04-04 01:15:00,0.0,2.7497666666666665,15.753466666666666,72.20973333333333,3.1713999999999998,0.9999087411764387,0.013509600991504188,120.0
2022-04-04 03:15:00,0.0,2.7205066666666666,15.286066666666667,64.02286666666666,2.79516,0.9999203408242348,0.012621885990065182,120.0
2022-04-04 05:15:00,0.0,2.69874,14.528733333333332,63.65326666666667,2.6638333333333337,0.6086848081621468,0.7934121276566237,120.0
2022-04-04 05:45:00,0.0,2.9340466666666667,14.726466666666665,57.3968,2.5743933333333335,0.8785143522950917,0.4777159541103223,30.0
2022-04-04 06:00:00,0.0,4.610726666666666,14.7354,57.029599999999995,2.709,0.6324827438869153,0.7745744500596949,15.0
2022-04-04 06:15:00,62.333332,13.369033333333334,14.680933333333334,59.1588,2.5102933333333337,0.6743694048873448,0.7383941398412425,15.0
2022-04-04 06:30:00,490.0,35.9304,14.818800000000001,56.71933333333333,2.5158,0.6591568363248465,0.7520054954095878,15.0
2022-04-04 06:45:00,1118.0,75.60386666666666,15.3398,52.94186666666666,2.56202,0.7271939590077231,0.6864320403234934,15.0
2022-04-04 07:00:00,1746.6666,120.35793333333332,16.399,49.43666666666666,2.46618,0.7192306747829313,0.6947713555201375,15.0
2022-04-04 07:15:00,2597.6667,168.078,17.60053333333333,45.9574,2.72032,0.9682913976368742,0.24982347620355588,15.0
2022-04-04 07:30:00,4167.0,216.86666666666667,18.780933333333333,44.35953333333334,2.3612200000000003,0.9277046969679462,0.3733148740990787,15.0
2022-04-04 07:45:00,5551.6665,266.55733333333336,19.422933333333333,42.69306666666667,2.536853333333333,0.9865748220134818,0.16330989121625988,15.0
2022-04-04 08:00:00,6969.6665,317.1186666666666,19.701933333333333,38.90946666666667,3.2045733333333337,0.9998061194599882,-0.01969069552757672,15.0
2022-04-04 08:15:00,8431.0,309.32466666666664,19.839066666666668,35.26926666666667,3.8207666666666666,0.9977079598679978,-0.06766702901737093,15.0
2022-04-04 08:30:00,10443.333,414.2246666666667,20.044,37.986133333333335,3.7026266666666667,0.9828491987048508,-0.18441109675188394,15.0
2022-04-04 08:45:00,11888.667,459.8793333333333,20.21333333333333,37.967,3.92152,0.9947426899197382,-0.1024059610142081,15.0
2022-04-04 09:00:00,13204.333,503.9746666666667,20.6992,37.05413333333333,3.3647666666666667,0.9954404772268315,-0.0953847802241954,15.0
2022-04-04 09:15:00,14405.333,544.9793333333333,20.595399999999998,34.76113333333333,4.799413333333334,0.9788219176744207,-0.20471358889963664,15.0
2022-04-04 09:30:00,15543.333,582.9166666666666,20.5566,35.085,4.5153799999999995,0.9794095050642941,-0.20188368282185254,15.0
2022-04-04 09:45:00,16597.666,619.25,21.323866666666667,32.702933333333334,4.055233333333333,0.9998457190288464,-0.01756525376101917,15.0
2022-04-04 10:00:00,17563.0,653.6933333333333,22.1644,31.630133333333333,3.8031533333333334,0.9982620463943762,-0.05893120335197899,15.0
2022-04-04 10:15:00,18455.666,685.9159999999999,22.033933333333334,29.415866666666666,3.7417733333333336,0.9997414729611963,-0.022737353438285368,15.0
2022-04-04 10:30:00,19142.666,712.1573333333333,21.8392,32.089666666666666,4.397106666666667,0.950440152438813,-0.310907569274352,15.0
2022-04-04 10:45:00,19749.334,733.274,21.669666666666668,34.91726666666667,4.441186666666667,0.9608926534983252,-0.27692112316135703,15.0
2022-04-04 11:00:00,20223.666,752.3946666666667,21.364533333333334,35.8546,4.971793333333333,0.9415332849995645,-0.33691998046706706,15.0
2022-04-04 11:15:00,20676.334,767.7713333333334,21.58993333333333,36.00373333333334,4.708126666666667,0.9315305249599214,-0.3636631423005268,15.0
2022-04-04 11:30:00,21033.334,779.5353333333334,21.646933333333333,37.895266666666664,4.7843333333333335,0.9089258635669045,-0.4169577610971607,15.0
2022-04-04 11:45:00,21261.334,788.6546666666667,21.724733333333333,39.56666666666667,4.649266666666667,0.8473876887810721,-0.5309746744452819,15.0
2022-04-04 12:00:00,21525.0,794.4793333333333,21.998466666666666,39.552933333333335,3.8910733333333334,0.8681237459216381,-0.49634782337286726,15.0
2022-04-04 12:15:00,21610.0,796.544,22.3732,40.86913333333334,3.9918066666666667,0.7995029805257037,-0.6006621214380979,15.0
2022-04-04 12:30:00,21592.0,796.726,22.54713333333333,42.041799999999995,3.7791066666666664,0.7453208703499002,-0.6667059323426386,15.0
2022-04-04 12:45:00,21573.666,791.7113333333333,22.583866666666665,40.9158,4.130986666666667,0.6904616889452495,-0.723368962631708,15.0
2022-04-04 13:00:00,21345.334,782.83,22.5226,41.82526666666667,4.2258933333333335,0.7006270419012193,-0.7135276786199307,15.0
2022-04-04 13:15:00,21132.334,714.8627333333334,22.872733333333333,41.2234,3.30782,0.6998960748565973,-0.7142446950452823,15.0
2022-04-04 13:30:00,20730.334,757.546,22.5338,41.27393333333334,3.16792,0.7195741581801286,-0.6944156038564797,15.0
2022-04-04 13:45:00,20312.666,738.0626666666667,22.061466666666668,43.50813333333333,3.556626666666667,0.7644415268731845,-0.6446930680500562,15.0
2022-04-04 14:00:00,19745.334,716.784,21.639733333333332,44.831133333333334,2.947713333333333,0.7666947386028145,-0.6420118206067252,15.0
2022-04-04 14:15:00,19063.0,689.1273333333334,21.952666666666666,46.071333333333335,3.4907866666666667,0.7286419767258641,-0.6848947873600918,15.0
2022-04-04 14:30:00,18399.334,660.8926666666666,21.679333333333332,46.044599999999996,2.9322266666666668,0.8088322962715477,-0.5880393834668688,15.0
2022-04-04 14:45:00,17612.334,628.082,21.58993333333333,46.63533333333333,3.4483200000000003,0.725998802982253,-0.687695963393952,15.0
2022-04-04 15:00:00,16729.0,589.8713333333333,21.556933333333333,47.2566,4.300813333333333,0.733801011406623,-0.679364464524468,15.0
2022-04-04 15:15:00,15730.0,550.732,21.404999999999998,47.65293333333333,4.283986666666666,0.7166590926051224,-0.6974236481410726,15.0
2022-04-04 15:30:00,14723.0,509.4433333333333,21.058866666666667,47.9844,3.955773333333333,0.7585818205751522,-0.6515777938917867,15.0
2022-04-04 15:45:00,13601.0,466.3426666666667,20.661800000000003,50.6698,3.6498866666666667,0.757815570284068,-0.6524688202780519,15.0
2022-04-04 16:00:00,12166.333,421.33133333333336,20.507333333333335,51.84153333333334,3.2515,0.7296691710828263,-0.6838003369195582,15.0
2022-04-04 16:15:00,10580.0,374.75399999999996,20.4486,52.522466666666666,2.9569466666666666,0.8436414250504096,-0.5369070179639246,15.0
2022-04-04 16:30:00,9003.0,327.0346666666667,20.149866666666664,53.3122,2.5237,0.9092525767352203,-0.4162448218300887,15.0
2022-04-04 16:45:00,7019.0,278.0113333333333,20.064799999999998,51.919599999999996,1.4281946666666667,0.9941222778349955,-0.10826309025776092,15.0
2022-04-04 17:00:00,5669.6665,228.82066666666665,20.7862,51.36393333333333,1.01925,0.986280031769064,0.16508088603352658,15.0
2022-04-04 17:15:00,4182.6665,179.13400000000001,21.098533333333332,48.964733333333335,1.6569333333333334,0.9987007468214448,-0.05095898643309561,15.0
2022-04-04 17:30:00,2296.6667,124.58300000000001,19.53166666666667,53.61293333333333,2.7542933333333335,0.953854706035106,-0.30026854609612624,15.0
2022-04-04 17:45:00,943.6667,36.604,18.584533333333336,56.54406666666667,1.85004,0.9953189276720154,-0.09664487683177707,15.0
2022-04-04 18:00:00,625.0,22.7047,18.251666666666665,58.35666666666667,2.159806666666667,0.9829072988690208,-0.18410117280996713,15.0
2022-04-04 18:15:00,287.0,15.909266666666667,17.930733333333333,62.5054,2.410966666666667,0.9809144534873439,-0.19443979772573713,15.0
2022-04-04 18:30:00,20.666666,6.3202,17.725,66.28153333333334,1.7794226666666666,0.9975459168076605,-0.07001531161370483,15.0
2022-04-04 18:45:00,0.0,1.9622866666666667,17.516133333333336,67.46766666666666,1.81872,0.9890368354523612,-0.14766901543106098,15.0
2022-04-04 19:00:00,0.0,1.2054106666666666,17.368333333333332,67.8578,1.574176,0.986841421919891,-0.16169108813762043,15.0
2022-04-04 19:15:00,0.0,1.234852,17.1934,70.93353333333333,1.3360033333333334,0.9688078892914161,0.2478129811908794,15.0
2022-04-04 21:15:00,0.0,1.9995733333333334,17.0366,77.11999999999999,2.429333333333333,0.403907230095531,0.914799950522821,120.0
2022-04-04 23:15:00,0.0,2.6465933333333336,16.5422,81.86406666666667,2.6765200000000005,0.6987582966462063,0.7153578425292424,120.0
2022-04-05 01:15:00,0.0,3.095206666666667,16.54893333333333,83.02753333333334,2.858813333333333,0.9941362521941914,-0.1081346941239817,120.0
2022-04-05 03:15:00,0.0,3.6392466666666667,16.310933333333335,78.38093333333333,1.9418933333333332,0.9971564456233042,0.0753592924057704,120.0
2022-04-05 05:15:00,0.0,3.96266,16.2866,75.40446666666666,1.7676533333333333,0.6507779277576641,0.7592681270430365,120.0
2022-04-05 05:45:00,0.0,4.029006666666667,16.054333333333332,76.36846666666666,2.03158,0.5783759998219606,0.8157703125451106,30.0
2022-04-05 06:00:00,0.0,6.021393333333333,16.017466666666667,77.20713333333333,2.447346666666667,0.8423405169061483,-0.5389456870393183,15.0
2022-04-05 06:15:00,76.333336,14.910333333333334,16.0372,76.42506666666667,2.5216066666666666,-0.8502601560313449,-0.5263626763606565,15.0
2022-04-05 06:30:00,491.66666,37.7678,16.246,74.61693333333332,2.9117333333333333,-0.7908976758783289,0.6119484179980023,15.0
2022-04-05 06:45:00,1061.3334,76.29953333333333,16.761866666666666,71.61333333333333,2.4769066666666664,0.8400020238316209,-0.542583265461423,15.0
2022-04-05 07:00:00,1691.3334,123.912,17.970000000000002,66.55106666666667,1.7212800000000001,0.997183816021381,0.0749962470063449,15.0
2022-04-05 07:15:00,3031.3333,178.72533333333334,19.4044,60.5724,1.4528113333333335,0.3886809104297257,0.9213724273427762,15.0
2022-04-05 07:30:00,4987.0,240.50933333333333,20.970866666666666,55.0484,1.4531060000000002,0.3933439967498,0.9193913748893304,15.0
2022-04-05 07:45:00,6587.6665,298.3986666666667,22.34146666666667,50.79473333333333,1.3488706666666666,0.5603788240746977,0.8282364236911215,15.0
2022-04-05 08:00:00,6759.6665,305.0206666666666,22.520933333333335,51.57373333333333,1.281614,0.9927755026948749,0.1199866711303315,15.0
2022-04-05 08:15:00,8171.3335,361.9713333333333,22.058133333333334,51.186,1.2059333333333333,0.8546757667496241,0.5191621458956172,15.0
2022-04-05 08:30:00,10114.667,405.742,23.153133333333336,47.75366666666667,1.1958726666666666,0.8451710459358185,0.5344959336718612,15.0
2022-04-05 08:45:00,11395.333,448.77466666666663,22.946199999999997,49.04406666666667,1.3435133333333333,0.9805982395596731,-0.1960282953363369,15.0
2022-04-05 09:00:00,12672.0,490.72933333333333,22.227066666666666,50.6966,1.3635353333333335,0.9528611489458462,-0.30340670861008007,15.0
2022-04-05 09:15:00,13718.0,528.184,23.388666666666666,47.08633333333333,1.2895446666666668,0.8802959694278883,0.47442492157243826,15.0
2022-04-05 09:30:00,14700.667,563.4813333333333,23.730666666666664,49.73246666666667,1.9897666666666667,0.7841269092655715,-0.6206005077065456,15.0
2022-04-05 09:45:00,15722.333,595.462,23.044466666666665,52.10426666666667,2.6087866666666666,0.7903475238096453,-0.6126587888931017,15.0
2022-04-05 10:00:00,16786.334,627.7093333333333,22.2842,54.3232,2.8493866666666667,0.8152693164860683,-0.5790819817576256,15.0
2022-04-05 10:15:00,17624.666,656.5793333333334,22.586666666666666,56.31806666666667,2.932366666666667,0.8302198966451109,-0.5574360261183173,15.0
2022-04-05 10:30:00,18374.666,682.8693333333334,22.567999999999998,57.31393333333334,2.7783266666666666,0.8089007122853368,-0.5879452675753711,15.0
2022-04-05 10:45:00,19019.334,706.1533333333333,22.944266666666667,53.72186666666666,3.0411333333333337,0.7874875305087732,-0.6163305844213752,15.0
2022-04-05 11:00:00,19615.666,726.2113333333333,23.0008,52.0106,3.2459866666666666,0.8109549042690074,-0.5851086593463175,15.0
2022-04-05 11:15:00,20045.0,740.73,22.913666666666664,52.73486666666667,3.2714533333333335,0.8254223382913616,-0.5645156892856221,15.0
2022-04-05 11:30:00,20393.666,754.4213333333333,22.900933333333334,53.984,3.0993866666666667,0.8041612826613607,-0.5944111636472141,15.0
2022-04-05 11:45:00,20636.666,762.9833333333333,22.944266666666667,56.7724,3.2725133333333334,0.773619070953025,-0.6336509552251764,15.0
2022-04-05 12:00:00,20795.666,769.1433333333333,23.1632,56.064,3.07286,0.8254551790859891,-0.5644676672052331,15.0
2022-04-05 12:15:00,21200.0,774.6326666666666,23.5424,53.11846666666667,3.42224,0.7644265239772609,-0.6447108572376009,15.0
2022-04-05 12:30:00,20378.334,786.6659999999999,23.34286666666667,54.73133333333333,4.10102,0.7332474345561116,-0.6799619104897574,15.0
2022-04-05 12:45:00,14084.333,737.7593333333333,23.744266666666665,55.32106666666667,3.8575533333333336,0.7226294307545937,-0.691235636962745,15.0
2022-04-05 13:00:00,21109.666,753.804,23.400133333333333,56.32106666666667,3.5326333333333335,0.7272059393961595,-0.6864193482900588,15.0
2022-04-05 13:15:00,20377.666,742.0393333333334,23.026866666666667,56.952666666666666,3.1032466666666667,0.7685590289255831,-0.6397788829407897,15.0
2022-04-05 13:30:00,20028.666,727.534,23.3002,56.37533333333333,3.2208133333333335,0.7356952912533786,-0.6773126592849174,15.0
2022-04-05 13:45:00,19534.666,710.3666666666667,23.366600000000002,56.259933333333336,3.054086666666667,0.7346462522816936,-0.6784503548591174,15.0
2022-04-05 14:00:00,19116.334,689.8513333333334,22.988933333333332,56.629266666666666,2.917186666666667,0.7296055168961169,-0.6838682546475967,15.0
2022-04-05 14:15:00,18533.334,664.7026666666667,22.613400000000002,56.88653333333333,2.87962,0.7163019434246544,-0.69779045984168,15.0
2022-04-05 14:30:00,17759.666,634.8753333333334,22.24253333333333,58.13126666666667,2.5561599999999998,0.8242513867624365,-0.5662240293560494,15.0
2022-04-05 14:45:00,16821.666,597.6053333333333,22.105,58.52126666666666,2.7631666666666663,0.796375125665876,-0.604802992073171,15.0
2022-04-05 15:00:00,15891.667,559.1333333333333,22.5658,57.71033333333333,3.43466,0.6777405548086614,-0.7353011222401662,15.0
2022-04-05 15:15:00,14941.0,521.712,22.4202,59.76,2.95172,0.7787251600075604,-0.6273652247066293,15.0
2022-04-05 15:30:00,13825.333,482.386,21.992,59.937466666666666,2.1920466666666667,0.8163594113105264,-0.5775442074549193,15.0
2022-04-05 15:45:00,12589.667,435.03266666666667,21.889333333333337,59.571133333333336,2.5149,0.7407733321885754,-0.6717550672069652,15.0
2022-04-05 16:00:00,11030.0,377.23400000000004,21.805133333333334,59.187466666666666,2.2264666666666666,0.7253983986778936,-0.688329254932222,15.0
2022-04-05 16:15:00,9518.0,337.1073333333333,21.6636,61.32686666666667,2.2430000000000003,0.7173971459631786,-0.6966644349784807,15.0
2022-04-05 16:30:00,7856.3335,280.9293333333333,21.521333333333335,63.132600000000004,1.9810866666666667,0.7050469022146706,-0.7091606769114436,15.0
2022-04-05 16:45:00,5983.0,215.32226666666665,21.385133333333332,65.3578,1.3474453333333334,0.8809237800051086,-0.47325816825651407,15.0
2022-04-05 17:00:00,4817.6665,184.87466666666666,20.874000000000002,67.971,1.4651466666666666,0.5597329769743923,-0.8286730323157527,15.0
2022-04-05 17:15:00,3590.0,123.49193333333332,20.4934,70.5622,1.5392066666666666,0.7567821344500644,-0.6536671943559693,15.0
2022-04-05 17:30:00,2239.3333,86.73620000000001,20.2136,72.2612,1.3436113333333333,0.612585217350828,-0.7904045492551512,15.0
2022-04-05 17:45:00,1151.0,40.33593333333333,19.609333333333332,74.37566666666666,0.9925080000000001,0.9679463980995902,-0.25115686414277,15.0
2022-04-05 18:00:00,729.0,28.559466666666665,19.7656,72.67746666666667,0.911652,-0.9924658478754153,0.12252159320272105,15.0
2022-04-05 18:15:00,293.0,16.43753333333333,19.8522,72.87313333333333,1.1743873333333332,-0.85912664246811,-0.5117630430203731,15.0
2022-04-05 18:30:00,13.666667,6.429906666666667,19.564466666666664,74.24573333333333,0.9514853333333334,0.9883677755566749,0.15208267567724612,15.0
2022-04-05 18:45:00,0.0,2.4839533333333335,18.9496,76.22600000000001,1.050918,0.6408156403506935,-0.7676948059495587,15.0
2022-04-05 19:00:00,0.0,1.7564733333333333,18.616,74.31313333333334,0.8459313333333334,-0.2593833139699521,-0.9657744542251908,15.0
2022-04-05 19:15:00,0.0,1.7785933333333332,18.491,74.69306666666667,0.641916,0.4124463987053608,-0.9109818703986258,15.0
2022-04-05 21:15:00,0.0,2.3963266666666665,18.02606666666667,77.68613333333333,0.7605633333333334,-0.6704672289080562,-0.7419391450519053,120.0
2022-04-05 23:15:00,0.0,3.2491866666666667,18.2658,76.19720000000001,1.404426,0.8944533986085715,0.4471611764426511,120.0
2022-04-06 01:15:00,0.0,3.24912,17.6934,81.11466666666666,1.2155880000000001,0.9999940132033102,0.003460282869650637,120.0
2022-04-06 03:15:00,0.0,3.1389533333333333,17.660866666666667,88.06273333333334,1.7612533333333333,-0.25541200927733787,0.9668323047545077,120.0
2022-04-06 05:15:00,0.0,2.910946666666667,17.450066666666665,90.21313333333335,2.0119533333333335,-0.21572389349928273,0.9764544033253729,120.0
2022-04-06 05:45:00,0.0,3.2270933333333334,17.563333333333333,89.3768,0.70574,0.6949351115742182,-0.7190724516356671,30.0
2022-04-06 06:00:00,0.0,4.96926,17.65,89.54233333333333,0.8228946666666667,-0.6148542876405199,0.7886407325075651,15.0
2022-04-06 06:15:00,88.333336,13.452413333333334,17.8452,89.15326666666667,0.849572,-0.8865446935796684,0.46264295767441643,15.0
2022-04-06 06:30:00,519.0,31.455333333333332,17.660466666666665,90.08413333333333,1.0852013333333335,-0.8060938475199582,0.5917877229129297,15.0
2022-04-06 06:45:00,1097.3334,62.39613333333333,17.837866666666667,90.69153333333334,0.6428360000000001,0.8355662551587899,0.5493896916032518,15.0
2022-04-06 07:00:00,1717.6666,95.74900000000001,18.614333333333335,88.30019999999999,0.5590766666666666,0.700159473717391,0.7139864924239017,15.0
2022-04-06 07:15:00,2572.6667,134.50266666666667,19.725066666666667,82.7884,0.98563,0.9199332580417334,0.39207499378144667,15.0
2022-04-06 07:30:00,3816.6667,183.86599999999999,21.152933333333333,75.87853333333332,0.9525433333333333,0.8335432620961827,0.5524541883396799,15.0
2022-04-06 07:45:00,4958.0,222.40733333333336,22.4742,71.65966666666667,1.0324193333333334,0.999991922783162,-0.004019249735290579,15.0
2022-04-06 08:00:00,6097.6665,275.40866666666665,22.151,72.76486666666666,0.7638313333333334,0.9520123001031098,-0.30605976614443536,15.0
2022-04-06 08:15:00,7408.3335,297.35999999999996,22.653333333333332,70.63833333333334,1.1713813333333334,0.8326062386545897,-0.5538653729503736,15.0
2022-04-06 08:30:00,8991.667,363.466,22.7452,71.28546666666666,1.3498106666666667,0.8742691717509955,-0.4854414643660225,15.0
2022-04-06 08:45:00,10248.333,386.4206666666667,23.062866666666665,70.23960000000001,1.4254706666666666,0.944693913970499,-0.3279533639209995,15.0
2022-04-06 09:00:00,11474.333,450.13,22.957,70.42086666666667,1.647454,0.8447702959120846,-0.5351290939059555,15.0
2022-04-06 09:15:00,12754.0,426.30333333333334,23.609666666666666,69.16806666666666,1.5990533333333334,0.7867483179549795,-0.6172739134249968,15.0
2022-04-06 09:30:00,13763.667,532.016,24.168133333333333,67.40206666666667,1.600644,0.8611871044804074,-0.5082880788260254,15.0
2022-04-06 09:45:00,14658.0,564.6166666666667,24.38,66.75866666666667,2.1411333333333333,0.7415856770351796,-0.6708581695233905,15.0
2022-04-06 10:00:00,15638.0,597.444,23.956133333333334,67.53773333333334,2.1583933333333336,0.8025815410657847,-0.5965424292876996,15.0
2022-04-06 10:15:00,16498.666,627.6246666666666,23.5984,68.22806666666666,2.811106666666667,0.8644854306273998,-0.5026578759285077,15.0
2022-04-06 10:30:00,17251.334,651.6846666666667,23.8582,67.92633333333333,3.004033333333333,0.8444962187856035,-0.53556151510057,15.0
2022-04-06 10:45:00,18012.666,674.0186666666667,23.899933333333333,68.88053333333333,3.36562,0.8019216476783921,-0.5974292183889006,15.0
2022-04-06 11:00:00,18677.666,694.5293333333334,24.440733333333334,66.37526666666666,3.67568,0.7341645254474569,-0.6789716117589235,15.0
2022-04-06 11:15:00,19092.0,672.7393333333333,24.185266666666667,67.9032,4.108913333333333,0.7666275030784249,-0.6420921051716333,15.0
2022-04-06 11:30:00,19380.0,713.7926666666666,24.034733333333335,68.28986666666667,3.990486666666667,0.7299952995466336,-0.6834521655828011,15.0
2022-04-06 11:45:00,19706.334,731.944,24.3932,63.142399999999995,3.7409133333333333,0.7642614648019262,-0.6449065152553617,15.0
2022-04-06 12:00:00,19941.0,742.1086666666666,24.292533333333335,58.31366666666667,3.5490266666666668,0.7850647437845087,-0.6194137131728387,15.0
2022-04-06 12:15:00,19983.0,744.0246666666667,23.9498,57.3624,3.5047733333333335,0.7707431123587528,-0.6371460230995271,15.0
2022-04-06 12:30:00,20027.334,741.372,24.1754,55.163266666666665,3.583006666666667,0.7155139287785057,-0.6985984667346097,15.0
2022-04-06 12:45:00,19973.334,738.4246666666666,24.60086666666667,56.68966666666667,3.73348,0.6913365283271276,-0.722532909008714,15.0
2022-04-06 13:00:00,19700.666,729.1306666666666,24.255466666666667,59.53026666666666,3.3690533333333335,0.7468007064343732,-0.6650478966729547,15.0
2022-04-06 13:15:00,19493.666,716.0840000000001,23.9082,61.22346666666667,3.24436,0.7440317398943405,-0.6681442733645185,15.0
2022-04-06 13:30:00,19219.0,701.5073333333333,24.020599999999998,57.92033333333333,3.7571533333333336,0.7223800541036841,-0.6914962454223149,15.0
2022-04-06 13:45:00,18779.0,685.6039999999999,24.171866666666666,56.62933333333333,3.8917,0.7286658836200831,-0.6848693525397114,15.0
2022-04-06 14:00:00,18358.334,664.3073333333334,24.031,56.139133333333334,3.3931933333333335,0.7686557942821045,-0.639662621947341,15.0
2022-04-06 14:15:00,17655.0,637.9206666666666,23.670066666666667,56.02806666666666,2.906473333333333,0.6646393944694199,-0.747164289376388,15.0
2022-04-06 14:30:00,16933.0,604.5306666666667,23.693133333333332,55.48753333333333,2.7322466666666667,0.7552055478999746,-0.6554880475043761,15.0
2022-04-06 14:45:00,16111.667,574.612,23.26653333333333,56.04653333333333,2.8746199999999997,0.7668515887949817,-0.6418244625772784,15.0
2022-04-06 15:00:00,15276.667,539.3033333333334,23.194599999999998,55.22993333333333,2.9236866666666668,0.7600809335776348,-0.649828419209064,15.0
2022-04-06 15:15:00,14300.0,500.42066666666665,23.1222,54.57726666666667,2.7789266666666665,0.7690054915158163,-0.6392421716521195,15.0
2022-04-06 15:30:00,13131.333,458.106,23.05026666666667,55.29473333333333,2.5221,0.7422254141117586,-0.6701503075031963,15.0
2022-04-06 15:45:00,12017.0,412.15999999999997,22.7322,58.43953333333333,2.4500266666666666,0.8136355088179198,-0.581375316633416,15.0
2022-04-06 16:00:00,10736.333,346.5933333333333,22.53326666666667,59.78606666666667,2.1993733333333334,0.7471101528845426,-0.6647002478236602,15.0
2022-04-06 16:15:00,9373.333,328.634,22.3842,60.01766666666666,2.30926,0.7274215485046247,-0.6861908559366949,15.0
2022-04-06 16:30:00,7928.0,286.1666666666667,22.054399999999998,61.824200000000005,1.9328,0.7874373285728741,-0.6163947222113567,15.0
2022-04-06 16:45:00,6329.6665,244.07133333333334,21.762733333333333,63.46106666666666,1.85772,0.7530583422000359,-0.6579537470392076,15.0
2022-04-06 17:00:00,5024.3335,195.00733333333335,21.747799999999998,64.66566666666667,1.6175586666666668,0.743495079558906,-0.6687414049329502,15.0
2022-04-06 17:15:00,3871.0,148.80806666666666,21.63613333333333,66.3568,1.7303399999999998,0.7230877166257108,-0.6907562189839594,15.0
2022-04-06 17:30:00,2298.6667,76.75333333333333,21.064333333333334,69.971,1.5182133333333332,0.7185795948160346,-0.6954447252758651,15.0
2022-04-06 17:45:00,1208.6666,42.288333333333334,20.365666666666666,73.78746666666666,1.43006,0.869563888324452,-0.49382045737500596,15.0
2022-04-06 18:00:00,765.0,28.191933333333335,20.086666666666666,74.94873333333334,1.0491733333333333,0.9939963989587322,0.10941279110356836,15.0
2022-04-06 18:15:00,306.0,16.782933333333332,20.1402,74.67,1.396584,0.9380555453119652,0.3464849115177623,15.0
2022-04-06 18:30:00,10.666667,5.959459999999999,20.023466666666664,76.34266666666667,1.3876666666666668,0.970246256850549,0.24212022027806468,15.0
2022-04-06 18:45:00,0.0,2.351593333333333,19.8932,76.6506,1.6679933333333332,0.821269663766472,-0.5705402171424079,15.0
2022-04-06 19:00:00,0.0,1.92552,19.775666666666666,77.42973333333333,1.3193733333333335,0.7386898872812018,0.6740454364718194,15.0
2022-04-06 19:15:00,0.0,1.9254666666666667,19.680333333333333,77.87339999999999,1.7281,0.7231999883430443,-0.6906386731574047,15.0
2022-04-06 21:15:00,0.0,2.888693333333334,19.4574,81.85626666666667,2.3922866666666667,0.8659147869029855,0.5001915451332192,120.0
2022-04-06 23:15:00,0.0,3.2269133333333335,18.796533333333333,88.15033333333334,2.796766666666667,-0.7673152985313637,0.6412700153911176,120.0
2022-04-07 01:15:00,0.0,3.0137666666666667,18.5042,86.06753333333333,1.9757133333333334,0.5074270755611493,0.8616947040497926,120.0
2022-04-07 03:15:00,0.0,3.0579066666666668,18.444666666666667,87.37453333333333,1.2240873333333333,0.9990286376584159,0.04406564578409754,120.0
2022-04-07 05:15:00,0.0,2.734646666666667,17.6748,90.52980000000001,0.748042,0.7854856793536841,0.6188798328676428,120.0
2022-04-07 05:45:00,0.0,2.8448533333333335,17.540866666666666,92.11046666666667,1.4546533333333334,0.7853497056378228,-0.6190523724650323,30.0
2022-04-07 06:00:00,0.0,4.748766666666667,17.6816,91.39280000000001,1.4847633333333334,0.1663093548636766,-0.9860736273143237,15.0
2022-04-07 06:15:00,50.333332,11.06314,17.737466666666666,90.62806666666667,1.1567253333333334,0.4466693574491509,0.8946991031156579,15.0
2022-04-07 06:30:00,405.66666,22.487199999999998,17.688333333333333,91.25486666666667,0.9422446666666667,0.8977928990159627,0.44041788164936413,15.0
2022-04-07 06:45:00,909.6667,41.431066666666666,17.8254,91.4426,0.9754826666666666,0.9691038715778973,0.2466529669246453,15.0
2022-04-07 07:00:00,1776.3334,87.7286,18.275466666666667,90.99773333333333,0.87592,0.7050105948704025,0.7091967717922024,15.0
2022-04-07 07:15:00,2616.0,122.75739999999999,19.467133333333333,85.636,0.9699646666666666,0.39589578082327,0.9182954484948368,15.0
2022-04-07 07:30:00,3716.6667,164.75833333333333,20.929199999999998,78.5482,0.918544,0.6817207760403577,0.7316124544558632,15.0
2022-04-07 07:45:00,4876.3335,219.9226666666667,22.2364,71.61186666666667,1.3006946666666666,0.42198744087682,0.9066016764501554,15.0
2022-04-07 08:00:00,6065.6665,261.434,23.391466666666666,66.55333333333333,1.2849006666666665,0.3840692986529179,0.9233042693675015,15.0
2022-04-07 08:15:00,7189.0,308.0833333333333,24.1918,62.67966666666667,1.6762066666666666,0.42511074378374053,0.9051413456027931,15.0
2022-04-07 08:30:00,8913.333,359.892,25.0534,60.257933333333334,2.024913333333333,0.37200979414860164,0.9282288042597661,15.0
2022-04-07 08:45:00,10036.0,354.97666666666663,25.6428,57.6028,1.6299386666666669,0.5708763652292648,0.8210360379560834,15.0
2022-04-07 09:00:00,11327.0,445.37466666666666,25.95,57.0656,1.7703066666666667,0.9933830993324234,-0.1148478034648839,15.0
2022-04-07 09:15:00,12493.667,486.688,25.451533333333334,59.0946,1.2538093333333333,0.9998911810957786,-0.014752151263086108,15.0
2022-04-07 09:30:00,13706.333,529.4146666666667,25.272666666666666,57.971199999999996,2.1867140000000003,0.9921534450640742,-0.12502616305193506,15.0
2022-04-07 09:45:00,14448.333,554.9693333333333,24.307133333333333,62.90506666666667,2.6430466666666663,0.8229890011144892,-0.5680573070074667,15.0
2022-04-07 10:00:00,15356.0,581.5626666666667,24.229466666666667,62.321466666666666,2.6947466666666666,0.8279233199549979,-0.5608413111341695,15.0
2022-04-07 10:15:00,16341.667,602.0393333333334,24.262066666666666,62.40793333333333,3.1591400000000003,0.8458333562341799,-0.5334472171467605,15.0
2022-04-07 10:30:00,17191.666,644.5366666666666,24.431866666666668,61.6666,3.3224333333333336,0.7806995110665452,-0.624906611759275,15.0
2022-04-07 10:45:00,17841.666,670.1493333333333,24.921266666666668,59.319266666666664,3.0828533333333334,0.7879892624869983,-0.6156889817149537,15.0
2022-04-07 11:00:00,18402.666,689.9066666666666,25.12313333333333,58.8448,3.31542,0.6780998097814885,-0.7349698279346636,15.0
2022-04-07 11:15:00,18891.666,707.0226666666666,25.248333333333335,59.04233333333333,3.5309933333333334,0.69112632277744,-0.722733980081284,15.0
2022-04-07 11:30:00,19149.0,665.2133333333334,25.784666666666666,56.43046666666667,4.365926666666667,0.6061087181377602,-0.7953818088172504,15.0
2022-04-07 11:45:00,19522.334,726.5193333333333,25.80026666666667,55.754133333333336,4.0328333333333335,0.7258387492082339,-0.6878648923646463,15.0
2022-04-07 12:00:00,19871.0,736.5006666666667,25.718866666666667,55.854866666666666,4.161753333333333,0.7464833559370164,-0.6654040872349745,15.0
2022-04-07 12:15:00,19848.666,738.1746666666667,25.072200000000002,56.797133333333335,3.863833333333333,0.7386436125793808,-0.6740961456614936,15.0
2022-04-07 12:30:00,19854.334,736.3393333333333,25.058866666666667,56.4676,4.021993333333333,0.7242841890573104,-0.6895015688753683,15.0
2022-04-07 12:45:00,19840.666,631.8466666666667,24.982933333333335,56.818999999999996,4.283673333333334,0.6716257676396304,-0.7408905642822543,15.0
2022-04-07 13:00:00,19657.334,721.7486666666666,24.667266666666666,58.8488,3.6824466666666664,0.721059208130099,-0.692873450473313,15.0
2022-04-07 13:15:00,19364.666,697.3413333333334,24.8372,60.330466666666666,3.5898133333333333,0.6849880412281069,-0.7285543105180844,15.0
2022-04-07 13:30:00,18957.334,689.5726666666667,24.706666666666667,61.11833333333333,3.7970466666666667,0.6969732203167036,-0.7170971553153476,15.0
2022-04-07 13:45:00,18530.334,678.066,24.6872,61.5004,3.74034,0.6848778309058944,-0.7286579147539929,15.0
2022-04-07 14:00:00,17933.0,598.8233333333334,24.2958,62.967,3.6480400000000004,0.7005523176159616,-0.7136010441997019,15.0
2022-04-07 14:15:00,17419.334,609.3946666666667,24.1844,61.998866666666665,3.373793333333333,0.7163506566430833,-0.697740450831843,15.0
2022-04-07 14:30:00,16748.0,580.7593333333333,23.9048,62.62286666666667,2.995033333333333,0.7577548324454149,-0.6525393581276314,15.0
2022-04-07 14:45:00,15405.0,552.052,23.775266666666667,64.66606666666667,2.6784600000000003,0.7213171404997546,-0.692604925495955,15.0
2022-04-07 15:00:00,14414.333,497.6413333333333,23.5072,66.44866666666667,2.8802133333333333,0.7334214682844593,-0.6797741903451968,15.0
2022-04-07 15:15:00,13790.333,418.71586666666667,23.0258,68.40153333333333,2.7364466666666667,0.7227741869577637,-0.6910842746492959,15.0
2022-04-07 15:30:00,12537.0,380.74300000000005,22.980133333333335,68.95313333333334,2.356726666666667,0.7307423815055377,-0.6826533321325072,15.0
2022-04-07 15:45:00,11650.333,402.69599999999997,22.7792,69.6054,2.228153333333333,0.7443737076834961,-0.667763268913112,15.0
2022-04-07 16:00:00,10422.333,364.7206666666667,22.8426,68.95466666666667,1.7848333333333335,0.7840691377501585,-0.6206734948648307,15.0
2022-04-07 16:15:00,9013.333,319.2246666666667,22.530466666666666,70.55406666666666,1.6394600000000001,0.8604635189145602,-0.5095120534562184,15.0
2022-04-07 16:30:00,7564.0,266.35,22.2118,71.67773333333334,1.8270333333333333,0.8391202202750577,-0.5439460046048123,15.0
2022-04-07 16:45:00,6181.0,230.19266666666667,22.11273333333333,70.70946666666667,1.7161666666666666,0.8328310836166696,-0.5535272226023612,15.0
2022-04-07 17:00:00,4681.6665,175.818,21.942999999999998,70.72806666666666,2.104886666666667,0.7999081616595288,-0.6001224316008135,15.0
2022-04-07 17:15:00,3748.3333,143.20733333333334,21.648799999999998,71.5676,1.8210733333333333,0.8109480961657202,-0.5851180951954861,15.0
2022-04-07 17:30:00,2558.6667,71.42706666666666,21.3676,72.0034,1.5865906666666667,0.9065196124320528,-0.4221637031721708,15.0
2022-04-07 17:45:00,1398.3334,46.087599999999995,21.0474,73.4764,1.264872,0.9524564388891218,-0.30467479715042506,15.0
2022-04-07 18:00:00,1043.0,38.64706666666667,21.001133333333332,73.56960000000001,0.9372793333333332,0.8964281669830343,0.4431890583480567,15.0
2022-04-07 18:15:00,487.33334,22.807599999999997,21.009333333333334,73.2844,0.9632426666666666,0.8717228454559952,0.4899992660301678,15.0
2022-04-07 18:30:00,59.666668,8.891286666666668,20.856933333333334,73.55926666666666,0.834944,0.6316384303677871,0.7752631122931867,15.0
2022-04-07 18:45:00,0.0,2.9026,20.701999999999998,73.48793333333333,1.2268853333333332,0.7832906552217695,0.6216556518220122,15.0
2022-04-07 19:00:00,0.0,1.78578,20.503600000000002,73.89546666666666,1.3528073333333335,0.418170331717716,0.9083686331391543,15.0
2022-04-07 19:15:00,0.0,1.8373199999999998,20.391333333333332,74.2298,1.4623866666666667,0.4644927710049573,0.8855769112189728,15.0
2022-04-07 21:15:00,0.0,2.0139666666666667,19.756466666666665,77.44606666666667,2.515986666666667,0.22272472858708808,0.974881374976365,120.0
2022-04-07 23:15:00,0.0,1.9257733333333331,19.400066666666667,56.6122,1.648568,0.874610681362104,0.4848259028221536,120.0
2022-04-08 01:15:00,0.0,1.7273666666666665,19.354466666666667,53.501666666666665,1.5170873333333332,0.9242757736491625,0.38172541734241666,120.0
2022-04-08 03:15:00,0.0,1.6759866666666667,19.162399999999998,55.24393333333333,1.7238326666666666,0.9260862958211878,0.377311771208097,120.0
2022-04-08 05:15:00,0.0,1.44086,18.236066666666666,56.41473333333333,1.2228933333333332,0.964476532132124,0.26416854272678253,120.0
2022-04-08 05:45:00,0.0,1.8083999999999998,18.101200000000002,56.7224,1.0370366666666666,0.7649950690002016,0.6440361359468711,30.0
2022-04-08 06:00:00,0.0,4.45484,17.857533333333333,58.459666666666664,1.2407826666666668,0.4268978965269343,0.9042998318814833,15.0
2022-04-08 06:15:00,123.0,14.430826666666666,17.798000000000002,57.958933333333334,1.5509333333333333,0.8546408735868729,-0.5192195847564561,15.0
2022-04-08 06:30:00,591.0,35.60926666666667,18.189666666666668,55.628400000000006,1.6471066666666667,-0.17817762083181363,-0.9839983411747778,15.0
2022-04-08 06:45:00,1246.3334,70.10813333333334,18.897199999999998,52.53586666666667,1.6102933333333334,-0.8411938930034887,0.5407336075866148,15.0
2022-04-08 07:00:00,1983.6666,111.19206666666668,19.973000000000003,50.490066666666664,0.9307759999999999,0.19936883517050555,0.9799245213600667,15.0
2022-04-08 07:15:00,2839.6667,154.39466666666667,21.489066666666666,49.099066666666666,1.0865153333333335,0.6877267957094819,0.7259695961010822,15.0
2022-04-08 07:30:00,3985.3333,194.80333333333334,22.82446666666667,50.20486666666667,1.1962253333333335,0.9994548163276764,0.03301620994921545,15.0
2022-04-08 07:45:00,5275.0,246.112,23.7774,45.312533333333334,1.6092133333333334,0.21889773627735873,0.9757478060711425,15.0
2022-04-08 08:00:00,6655.0,302.29066666666665,24.6154,45.587,1.3939546666666667,0.6638602998024321,0.7478566054707446,15.0
2022-04-08 08:15:00,8293.0,359.224,25.437266666666666,41.495533333333334,2.1465733333333334,0.9970895725319879,0.07623899493026952,15.0
2022-04-08 08:30:00,10158.0,411.5066666666667,26.354133333333333,37.80266666666667,2.3577266666666663,0.5438854688253806,-0.8391594585063056,15.0
2022-04-08 08:45:00,11548.333,458.758,27.10033333333333,37.391600000000004,2.2379666666666664,0.9892659018381953,0.1461265734227083,15.0
2022-04-08 09:00:00,12754.333,501.902,27.897,33.677800000000005,2.2395733333333334,0.8680359366993956,0.4965013722019335,15.0
2022-04-08 09:15:00,13942.333,543.5246666666667,28.555799999999998,31.294733333333333,2.18002,0.38663262908441987,0.9222338153241126,15.0
2022-04-08 09:30:00,15019.0,582.886,28.864266666666666,29.185133333333333,1.95084,0.4990103471728292,0.8665960266551264,15.0
2022-04-08 09:45:00,16015.667,617.3973333333332,29.515066666666666,27.583333333333332,2.0091266666666665,0.7108054484367239,0.7033886653001084,15.0
2022-04-08 10:00:00,16910.666,647.3979999999999,29.412266666666664,29.2468,1.9200866666666667,0.9878962375963951,0.15511616209437018,15.0
2022-04-08 10:15:00,17674.334,678.366,27.8516,32.5824,2.1555733333333333,0.9338129045735873,-0.3577617353097453,15.0
2022-04-08 10:30:00,18375.0,688.4853333333334,26.8096,37.684333333333335,2.5106933333333337,0.8579991701338152,-0.5136510722754158,15.0
2022-04-08 10:45:00,19122.666,731.3633333333333,26.251733333333334,38.5684,3.1615466666666667,0.8507377314472926,-0.5255904415910874,15.0
2022-04-08 11:00:00,19679.0,749.1506666666667,25.700533333333333,40.598866666666666,2.693926666666667,0.8572152389094673,-0.5149582839234503,15.0
2022-04-08 11:15:00,20108.334,752.2926666666666,25.832533333333334,41.224533333333326,3.3830533333333337,0.8335967142433925,-0.5523735312292034,15.0
2022-04-08 11:30:00,20543.334,782.1926666666666,26.07453333333333,39.840066666666665,3.18418,0.8392214713195576,-0.5437897774657382,15.0
2022-04-08 11:45:00,20727.666,795.8306666666666,26.280933333333333,36.318266666666666,2.7329533333333336,0.9407482661922004,-0.3391057352159778,15.0
2022-04-08 12:00:00,20978.334,800.73,26.601133333333333,32.086,2.9255733333333334,0.8946850181668082,-0.44669756913135084,15.0
2022-04-08 12:15:00,21089.334,799.2866666666666,27.077733333333335,27.98346666666667,3.300066666666667,0.8773081557363236,-0.4799274943973626,15.0
2022-04-08 12:30:00,21096.0,795.838,27.2602,27.468933333333332,3.3692066666666665,0.8986159584694016,-0.4387360928669065,15.0
2022-04-08 12:45:00,20973.0,788.476,27.4196,27.480733333333333,3.9744533333333334,0.7448164213094368,-0.6672694347471668,15.0
2022-04-08 13:00:00,20864.0,777.4586666666667,27.522533333333335,31.342666666666666,4.042073333333334,0.7756206120971548,-0.631199386953152,15.0
2022-04-08 13:15:00,20466.666,763.0226666666666,27.108333333333334,32.2492,3.6842533333333334,0.7236259968534503,-0.6901923041282411,15.0
2022-04-08 13:30:00,19947.334,746.5066666666667,26.9892,30.845933333333335,3.362346666666667,0.6954948899005364,-0.7185310418640525,15.0
2022-04-08 13:45:00,19599.0,727.7360000000001,26.405933333333333,30.6642,2.783,0.7579977444005778,-0.6522571728111822,15.0
2022-04-08 14:00:00,19082.666,625.3258000000001,26.335866666666668,33.63453333333334,3.0973266666666666,0.6579274599433025,-0.7530813086596653,15.0
2022-04-08 14:15:00,18432.334,677.3086666666666,26.0946,34.87553333333334,3.8567733333333334,0.711641953216195,-0.702542333544847,15.0
2022-04-08 14:30:00,17834.334,646.572,25.46066666666667,33.3626,3.5847466666666667,0.7514330571863375,-0.6598093365265413,15.0
2022-04-08 14:45:00,17037.666,614.144,24.991466666666668,36.99673333333333,2.4882066666666662,0.8196189430709954,-0.5729090574944546,15.0
2022-04-08 15:00:00,16119.667,559.2666666666667,24.712266666666668,38.16766666666667,3.0198666666666667,0.8209565863267105,-0.5709906158307634,15.0
2022-04-08 15:15:00,15142.333,536.7013333333333,24.362199999999998,43.00613333333333,3.2032533333333335,0.8828984250706243,-0.46956402226726346,15.0
2022-04-08 15:30:00,14001.0,493.8146666666667,24.0226,46.42346666666666,2.33878,0.9175164781110127,-0.3976977651367474,15.0
2022-04-08 15:45:00,12779.333,449.6553333333333,24.099933333333333,49.559200000000004,2.0189600000000003,0.9713246439176395,-0.2377570947800945,15.0
2022-04-08 16:00:00,11327.333,382.08133333333336,23.781133333333333,51.747,2.6684533333333333,0.9290632898294134,-0.369920807053817,15.0
2022-04-08 16:15:00,9833.0,351.42333333333335,23.3418,52.9772,3.4302733333333335,0.8456408860678607,-0.5337522756957234,15.0
2022-04-08 16:30:00,8345.333,301.69733333333335,23.0346,52.34806666666667,2.9295400000000003,0.8350399664253304,-0.5501892896743658,15.0
2022-04-08 16:45:00,6491.0,251.31666666666666,22.984466666666666,52.50886666666667,2.4367466666666666,0.7444980112383767,-0.6676246784399914,15.0
2022-04-08 17:00:00,5230.0,206.37800000000001,23.093,52.7514,1.8618866666666667,0.7086272405819127,-0.7055830453640904,15.0
2022-04-08 17:15:00,3940.6667,139.7868,22.508866666666666,55.16613333333333,2.33686,0.7577168679620793,-0.6525834414124656,15.0
2022-04-08 17:30:00,2391.0,49.538599999999995,21.887066666666666,57.12553333333334,2.3851266666666664,0.8442593376799805,-0.5359348568064599,15.0
2022-04-08 17:45:00,1125.0,38.81766666666667,21.2814,59.264066666666665,2.0917,0.8000547753516567,-0.599926959251716,15.0
2022-04-08 18:00:00,725.6667,27.985,20.9246,60.01926666666667,2.12246,0.8964400271613847,-0.44316506823405627,15.0
2022-04-08 18:15:00,301.33334,16.355866666666667,20.71826666666667,59.13773333333334,1.4794079999999998,0.9803598498659283,-0.19721704989897465,15.0
2022-04-08 18:30:00,25.666666,6.444266666666667,20.542733333333334,59.384800000000006,0.9221106666666666,0.9994664893040299,0.03266093627374283,15.0
2022-04-08 18:45:00,0.0,2.01348,20.3668,61.281,1.3100479999999999,0.9698844862069445,0.2435653575841427,15.0
2022-04-08 19:00:00,0.0,1.3302266666666667,20.205133333333333,63.840799999999994,1.2939866666666666,0.8937046926179663,0.4486556835621571,15.0
2022-04-08 19:15:00,0.0,1.3155533333333334,20.11466666666667,66.325,1.4919866666666666,0.8928542654030134,0.450345712482805,15.0
2022-04-08 21:15:00,0.0,1.014356,19.5468,76.7516,1.56822,0.2933293796357473,0.9560114408533549,120.0
2022-04-08 23:15:00,0.0,1.1760653333333333,19.0304,83.4556,2.14218,0.2952982065839986,0.9554051335366971,120.0
2022-04-09 01:15:00,0.0,1.31586,18.282866666666667,89.73766666666667,2.326093333333333,0.6373800586021852,0.7705495836714695,120.0
2022-04-09 03:15:00,0.0,1.32326,18.098133333333333,87.00953333333334,2.0743733333333334,0.9978628786119214,0.06534275390837155,120.0
2022-04-09 05:15:00,0.0,1.3158466666666666,17.959666666666667,86.01906666666667,2.3499600000000003,0.9689222582935497,0.24736543287882362,120.0
2022-04-09 05:45:00,0.0,1.5804866666666666,17.762333333333334,86.60086666666666,2.06544,0.8184353003534844,0.5745986939902507,30.0
2022-04-09 06:00:00,0.0,4.888406666666667,17.772066666666667,86.1622,2.186053333333333,0.8041432999447218,0.5944354911628454,15.0
2022-04-09 06:15:00,150.0,16.547386666666668,17.91033333333333,85.75859999999999,2.0961666666666665,0.7568794798249647,0.6535544759389923,15.0
2022-04-09 06:30:00,642.6667,43.202666666666666,18.028266666666664,84.58306666666667,2.41292,0.8943281804255028,0.4474115618720748,15.0
2022-04-09 06:45:00,1257.3334,84.48586666666667,18.6794,81.3828,2.32392,0.8318346685576437,0.5550234987688315,15.0
2022-04-09 07:00:00,1903.3334,127.72,19.830466666666666,76.6322,1.8116193333333332,0.9560594836593617,0.2931727540290788,15.0
2022-04-09 07:15:00,2902.0,174.88466666666667,21.297533333333334,71.381,1.9180199999999998,0.9800220171567144,0.1988890290792445,15.0
2022-04-09 07:30:00,4357.3335,223.76333333333332,22.158933333333334,66.7092,1.9032626666666665,0.9820749185975816,0.1884909925210049,15.0
2022-04-09 07:45:00,5669.0,273.11133333333333,22.88853333333333,64.4698,1.8734666666666666,0.9929417919063945,0.11860268920103878,15.0
2022-04-09 08:00:00,6993.0,322.9893333333333,23.640666666666668,60.40566666666667,1.74378,0.995381912563089,0.09599400055340408,15.0
2022-04-09 08:15:00,8547.667,370.84000000000003,24.2088,57.63,1.7342333333333333,0.8016634671950892,0.5977756145618088,15.0
2022-04-09 08:30:00,10384.333,416.62066666666664,25.38886666666667,53.004599999999996,1.9083313333333334,0.4667807993322213,0.8843730464994807,15.0
2022-04-09 08:45:00,11756.0,462.07666666666665,25.854066666666668,50.367133333333335,2.10898,0.46774583982217666,0.8838630150249792,15.0
2022-04-09 09:00:00,13038.0,505.3846666666667,26.373466666666666,48.77833333333333,2.4819999999999998,0.634092913776898,0.7732568633370953,15.0
2022-04-09 09:15:00,14255.0,502.18,25.923266666666667,47.7002,2.6718466666666667,0.9995759003421335,0.029120773602589037,15.0
2022-04-09 09:30:00,15253.0,582.6446666666667,25.048333333333336,48.92473333333333,2.8319533333333333,0.992208628408559,-0.12458747012282695,15.0
2022-04-09 09:45:00,16282.333,618.6513333333334,25.5978,46.6898,2.8793333333333333,0.9955746575341169,-0.09397393934397888,15.0
2022-04-09 10:00:00,17176.334,648.0733333333334,25.150866666666666,48.462466666666664,3.361906666666667,0.9667457683926093,-0.2557393581265569,15.0
2022-04-09 10:15:00,17870.334,677.3726666666666,25.703599999999998,47.6946,2.8049933333333334,0.9920787860405972,-0.12561720538292118,15.0
2022-04-09 10:30:00,18575.334,704.0506666666666,25.717533333333336,47.58433333333333,2.77102,0.9872585687736622,-0.15912422311822938,15.0
2022-04-09 10:45:00,19259.334,712.5866666666666,25.6932,48.11493333333333,3.1286,0.9879872124015124,-0.15453565326839236,15.0
2022-04-09 11:00:00,19709.0,747.7553333333333,25.697999999999997,49.532466666666664,2.8126733333333336,0.9492404476132456,-0.31455138310776076,15.0
2022-04-09 11:15:00,20192.0,764.0473333333333,25.4322,48.8872,3.494466666666667,0.9321764546551482,-0.3620042228849803,15.0
2022-04-09 11:30:00,20507.666,774.3553333333333,24.997666666666667,50.004933333333334,4.434913333333333,0.913398687749202,-0.4070661337154393,15.0
2022-04-09 11:45:00,20851.0,783.3466666666667,25.210066666666666,50.321000000000005,4.14456,0.8991100545497753,-0.43772264027292446,15.0
2022-04-09 12:00:00,18543.334,789.3666666666667,25.611266666666666,50.060266666666664,3.68482,0.8162317107541729,-0.577724670028307,15.0
2022-04-09 12:15:00,21216.334,791.4346666666667,25.863999999999997,48.6806,3.70962,0.7664556407674616,-0.6422972448452039,15.0
2022-04-09 12:30:00,21192.0,789.0046666666666,25.3956,49.151666666666664,3.3635266666666666,0.8001036359678468,-0.5998617938417408,15.0
2022-04-09 12:45:00,21159.666,740.4293333333334,25.4144,48.73826666666666,4.18236,0.7563864962670744,-0.6541249637988287,15.0
2022-04-09 13:00:00,21099.334,750.3566666666667,25.3974,48.534866666666666,4.110866666666667,0.7808012963682767,-0.6247794295506364,15.0
2022-04-09 13:15:00,20763.666,763.9766666666667,25.417466666666666,48.45453333333333,3.4892933333333334,0.776940890909612,-0.6295735477548102,15.0
2022-04-09 13:30:00,20291.666,600.6763333333333,25.251133333333332,48.51793333333333,3.21774,0.7894627540086738,-0.6137984685815371,15.0
2022-04-09 13:45:00,19988.334,728.954,25.338466666666665,48.07166666666667,4.00828,0.7853745553599758,-0.6190208460085334,15.0
2022-04-09 14:00:00,19420.0,699.8240000000001,24.8134,50.82106666666667,2.8990133333333334,0.8405350867670136,-0.5417571115486799,15.0
2022-04-09 14:15:00,18671.666,680.8586666666667,24.61753333333333,52.438599999999994,2.1960933333333332,0.9717018608101071,-0.23621069767937106,15.0
2022-04-09 14:30:00,17925.0,651.7253333333333,24.579066666666666,52.614733333333334,2.2047266666666667,0.9274151269763968,-0.374033664601669,15.0
2022-04-09 14:45:00,17145.666,618.4333333333333,24.424733333333332,54.0096,2.2136533333333333,0.9140072418622076,-0.40569787012435726,15.0
2022-04-09 15:00:00,16331.0,545.9326666666667,23.831799999999998,57.007600000000004,2.76512,0.7979417392001812,-0.6027345857358692,15.0
2022-04-09 15:15:00,15269.0,542.35,24.19086666666667,57.001666666666665,3.0493666666666663,0.7375445479755028,-0.6752984819704625,15.0
2022-04-09 15:30:00,14216.333,502.3773333333333,23.680533333333333,58.715466666666664,2.3055666666666665,0.7311076562991647,-0.6822621159794395,15.0
2022-04-09 15:45:00,13054.0,459.39733333333334,23.3274,59.925,1.7223560000000002,0.8755803407151451,-0.4830725276323943,15.0
2022-04-09 16:00:00,11696.667,414.966,23.2836,60.6834,2.2781666666666665,0.6437586456290396,-0.7652285973340676,15.0
2022-04-09 16:15:00,10207.333,368.18,22.78513333333333,62.7472,2.858706666666667,0.6662982391688433,-0.7456853602428433,15.0
2022-04-09 16:30:00,8753.667,320.53333333333336,22.71966666666667,63.288599999999995,2.78716,0.6272202397768608,-0.7788419421257803,15.0
2022-04-09 16:45:00,6840.6665,267.73333333333335,22.731,63.48713333333333,2.46892,0.6094443035759713,-0.7928288849674936,15.0
2022-04-09 17:00:00,5476.0,221.68533333333335,22.421866666666666,65.3018,2.1774333333333336,0.6473930123248941,-0.7621563406499348,15.0
2022-04-09 17:15:00,4130.0,129.902,22.162533333333332,67.42906666666667,2.42654,0.5565469825672573,-0.8308161386223073,15.0
2022-04-09 17:30:00,2308.0,39.843266666666665,21.420399999999997,70.31513333333334,2.3224466666666665,0.8290766095639731,-0.5591350243670193,15.0
2022-04-09 17:45:00,931.0,32.70686666666667,20.8654,72.84493333333333,1.1779126666666668,0.9900711457020643,-0.14056715992080715,15.0
2022-04-09 18:00:00,628.3333,25.553866666666668,20.758866666666666,74.01046666666666,0.8172886666666667,0.9966566179257504,-0.08170425903711932,15.0
2022-04-09 18:15:00,302.0,16.224,20.536533333333335,75.10046666666668,0.9073399999999999,0.9589537974210686,0.28356236423706194,15.0
2022-04-09 18:30:00,28.333334,6.797,20.43566666666667,75.43786666666666,0.745536,0.9430455129648742,0.3326637348386768,15.0
2022-04-09 18:45:00,0.0,2.0061400000000003,20.214,75.87246666666667,0.5902746666666666,0.9693973794520988,-0.2454968853395164,15.0
2022-04-09 19:00:00,0.0,1.32286,19.973266666666667,77.47306666666667,0.6357573333333334,0.9999840218092659,-0.00565297498362924,15.0
2022-04-09 19:15:00,0.0,1.2861399999999998,19.6938,79.32526666666666,1.3309019999999998,-0.23021544122492382,-0.9731396871064367,15.0
2022-04-09 21:15:00,0.0,0.7717913333333333,19.582533333333334,78.95893333333333,1.8736066666666666,0.5491620732390861,-0.8357158711642065,120.0
2022-04-09 23:15:00,0.0,0.808546,19.447,84.18806666666666,2.19256,0.1657589572587326,-0.9861662983941896,120.0
2022-04-10 01:15:00,0.0,1.0584773333333333,19.116866666666667,89.58266666666667,2.40122,0.3474441385802488,0.9377006828227379,120.0
2022-04-10 03:15:00,0.0,1.1615033333333333,18.7808,83.31840000000001,3.023613333333333,-0.98538529255163,-0.17034032177654987,120.0
2022-04-10 05:15:00,0.0,1.1394626666666667,18.761266666666664,77.94606666666667,2.4927333333333332,-0.6480142728949818,-0.7616281915241768,120.0
2022-04-10 05:45:00,0.0,1.5290933333333332,18.903066666666668,76.73060000000001,2.34384,0.29416487969037597,0.9557546879595971,30.0
2022-04-10 06:00:00,0.0,4.91056,18.825533333333333,76.38193333333334,1.7770266666666668,0.6219182641392343,0.7830821621835358,15.0
2022-04-10 06:15:00,176.66667,17.547446666666666,18.90693333333333,75.81493333333333,2.3147666666666664,-0.8743486325713664,-0.4852983296082748,15.0
2022-04-10 06:30:00,655.3333,46.39533333333334,19.155733333333334,74.41686666666666,2.0220533333333335,-0.5912277281520881,-0.8065046642544113,15.0
2022-04-10 06:45:00,1236.6666,87.70866666666667,19.745133333333335,72.18266666666666,1.410682,0.9877783073826425,0.1558653760919396,15.0
2022-04-10 07:00:00,1862.6666,130.58933333333331,21.050866666666664,68.6914,1.4187393333333334,0.2708235711332126,0.9626290008713917,15.0
2022-04-10 07:15:00,2910.6667,176.222,22.696933333333334,62.62826666666667,1.3202126666666667,0.559053217252942,0.8291317749785825,15.0
2022-04-10 07:30:00,4354.6665,222.89,23.947333333333333,61.70719999999999,1.150452,0.6457180354154819,0.763575941697465,15.0
2022-04-10 07:45:00,5636.6665,270.80333333333334,24.907066666666665,58.464866666666666,1.0158746666666667,0.7656291892927672,0.6432821655408301,15.0
2022-04-10 08:00:00,6931.6665,318.19,25.113666666666667,57.15239999999999,1.4037546666666667,0.9870191745768604,0.16060245644949872,15.0
2022-04-10 08:15:00,8528.667,362.21066666666667,24.93933333333333,56.18633333333333,1.6440266666666665,0.9987161174233686,-0.05065685342371982,15.0
2022-04-10 08:30:00,10345.0,413.02933333333334,25.0742,56.49393333333333,1.1769346666666667,0.968669622293292,0.2483528998142983,15.0
2022-04-10 08:45:00,11604.333,443.128,25.582266666666666,55.33586666666667,1.2275026666666666,0.9988836727024942,0.04723778581153538,15.0
2022-04-10 09:00:00,12787.667,496.6626666666667,25.523666666666667,56.419333333333334,1.7925333333333333,0.9545456772146637,-0.29806467437587947,15.0
2022-04-10 09:15:00,13936.0,533.7606666666667,24.374666666666666,61.495266666666666,2.3275133333333335,0.9100500332409508,-0.4144984161587886,15.0
2022-04-10 09:30:00,14962.333,569.9033333333333,24.503533333333333,61.598333333333336,2.3347933333333333,0.8733304792491458,-0.4871281905355688,15.0
2022-04-10 09:45:00,15877.333,602.4073333333333,24.807399999999998,62.20453333333333,2.79188,0.8233147212851407,-0.5675851211185606,15.0
2022-04-10 10:00:00,16887.666,636.838,25.41146666666667,60.07033333333333,3.313193333333333,0.784509473924766,-0.6201168319940098,15.0
2022-04-10 10:15:00,17644.0,665.3893333333333,25.099133333333334,60.505199999999995,3.267593333333333,0.8189451011939842,-0.5738718683036963,15.0
2022-04-10 10:30:00,18383.0,689.4193333333333,25.223533333333332,59.8668,3.8014133333333335,0.7680823892906198,-0.6403510312801977,15.0
2022-04-10 10:45:00,18967.334,712.6593333333333,25.3422,59.419133333333335,3.3171933333333334,0.8510005924213795,-0.5251647281553294,15.0
2022-04-10 11:00:00,19568.334,738.054,24.983866666666664,60.85693333333334,3.18208,0.8569215008281272,-0.5154469336590043,15.0
2022-04-10 11:15:00,20703.334,695.1926666666666,25.190266666666666,60.992399999999996,2.933713333333333,0.8132091198890247,-0.5819715863590919,15.0
2022-04-10 11:30:00,20474.0,618.0115333333334,25.163466666666668,61.303,3.07316,0.819565610723579,-0.5729853486078741,15.0
2022-04-10 11:45:00,20531.0,700.8013333333333,25.6,60.02486666666667,3.64214,0.7935657897789777,-0.6084844593680823,15.0
2022-04-10 12:00:00,20815.334,770.3293333333334,25.678066666666666,59.53326666666667,3.6765666666666665,0.7686185789184651,-0.6397073394462184,15.0
2022-04-10 12:15:00,20886.0,772.984,25.85246666666667,59.49653333333333,3.4073333333333333,0.7598616184979122,-0.6500848565639207,15.0
2022-04-10 12:30:00,20846.0,771.974,25.851,59.04373333333333,3.3224266666666664,0.7752385645552334,-0.6316685586811656,15.0
2022-04-10 12:45:00,20738.334,765.7673333333333,25.8204,59.10993333333333,3.3166333333333333,0.7374502513308514,-0.6754014560334203,15.0
2022-04-10 13:00:00,20538.334,758.632,25.869466666666664,58.504599999999996,3.557166666666667,0.7672024685438454,-0.6414049986242933,15.0
2022-04-10 13:15:00,20558.334,751.2806666666668,25.6648,59.76606666666667,3.42056,0.7429112095630296,-0.6693899720682976,15.0
2022-04-10 13:30:00,15142.0,653.6942,25.599866666666667,59.99693333333333,3.0059666666666667,0.708175554772826,-0.706036389729453,15.0
2022-04-10 13:45:00,19516.334,715.9386666666667,26.170133333333336,57.8768,3.5747266666666664,0.6753413894300923,-0.7375052594542174,15.0
2022-04-10 14:00:00,19463.334,645.5766666666666,25.919066666666666,58.565266666666666,3.5997,0.759490855059409,-0.6505179790606311,15.0
2022-04-10 14:15:00,18507.666,656.8506666666667,25.022266666666667,62.79,2.9702866666666665,0.7946689678309357,-0.6070430228299435,15.0
2022-04-10 14:30:00,17771.666,642.2786666666667,24.832866666666668,63.557066666666664,2.9576066666666665,0.7702090677484817,-0.6377914956770863,15.0
2022-04-10 14:45:00,16937.0,587.7246666666667,24.830733333333335,63.306000000000004,2.728193333333333,0.7767064235919592,-0.6298627878760484,15.0
2022-04-10 15:00:00,14186.333,575.3639999999999,24.619066666666665,64.48133333333334,2.6863266666666665,0.7547477469126855,-0.6560151206567001,15.0
2022-04-10 15:15:00,15502.0,407.752,24.188533333333332,65.4056,2.0474,0.8194989353032045,-0.5730807055179177,15.0
2022-04-10 15:30:00,12256.0,368.9293333333333,23.474933333333336,67.56786666666667,1.4899666666666667,0.8304533220598442,-0.5570882155276384,15.0
2022-04-10 15:45:00,13439.333,432.1766666666666,23.7484,64.20713333333333,1.8552533333333334,0.8553220646976937,-0.5180966759604565,15.0
2022-04-10 16:00:00,10964.0,349.1213333333333,23.9838,66.17726666666667,1.8695466666666667,0.7471874892127287,-0.6646133131106978,15.0
2022-04-10 16:15:00,9364.667,333.06066666666663,23.7946,67.20226666666666,2.15146,0.6530858347079541,-0.75728389161781,15.0
2022-04-10 16:30:00,8734.0,318.784,23.613133333333334,69.61513333333333,2.285433333333333,0.6823471795994204,-0.7310282665483712,15.0
2022-04-10 16:45:00,6336.3335,259.3786666666667,23.422933333333333,71.36073333333334,1.6891666666666665,0.58607070769794,-0.8102599123604942,15.0
2022-04-10 17:00:00,5504.6665,155.7886,22.861800000000002,73.97006666666667,1.1543513333333335,0.3405327161844733,-0.9402326675924555,15.0
2022-04-10 17:15:00,4284.3335,83.85159999999999,22.3182,75.6414,0.8614433333333333,-0.10142672097548004,-0.9948430128779928,15.0
2022-04-10 17:30:00,2345.6667,37.34753333333333,22.211066666666667,71.4538,0.7321353333333334,-0.44633942478682476,-0.8948637426340205,15.0
2022-04-10 17:45:00,853.6667,29.3854,22.326133333333335,68.52873333333334,0.960548,0.929341939439334,-0.36922020475474693,15.0
2022-04-10 18:00:00,562.0,23.061733333333333,22.332933333333337,68.98819999999999,0.894608,0.9814999726956358,0.19146227722051729,15.0
2022-04-10 18:15:00,268.66666,15.179533333333332,22.2122,70.8884,0.9763213333333333,0.9268404325946681,0.37545547340227786,15.0
2022-04-10 18:30:00,27.333334,6.576173333333333,22.0136,71.68986666666666,1.0326753333333334,0.7809837309997091,0.6245513685148516,15.0
2022-04-10 18:45:00,0.0,2.1456533333333336,21.817333333333334,70.8626,1.1358086666666667,0.8901009371135924,0.4557634493347449,15.0
2022-04-10 19:00:00,0.0,1.22717,21.693733333333334,70.0382,1.2323633333333333,0.7226205835143718,0.6912448858988751,15.0
2022-04-10 19:15:00,0.0,1.3153533333333334,21.6554,70.29400000000001,1.2163013333333335,0.9999858296575016,0.005323578138648727,15.0
2022-04-10 21:15:00,0.0,1.27136,20.96806666666667,80.94486666666667,0.6623446666666666,0.9464751346119491,0.3227767333022826,120.0
2022-04-10 23:15:00,0.0,0.9260013333333333,20.721333333333334,85.79773333333333,0.5258206666666667,0.6574445110716575,-0.7535029627425159,120.0
2022-04-11 01:15:00,0.0,1.0216993333333333,20.780933333333333,92.60733333333334,0.5249266666666667,-0.9903473689586765,0.13860767942876404,120.0
2022-04-11 03:15:00,0.0,1.3155066666666666,21.607266666666664,88.45713333333333,0.6484046666666666,-0.26727316782442273,-0.9636208039270935,120.0
2022-04-11 05:15:00,0.0,1.3155466666666666,21.100399999999997,90.18426666666667,0.6330593333333333,0.6669338066413352,-0.7451169690450609,120.0
2022-04-11 05:45:00,0.0,1.3375933333333334,21.05906666666667,90.7962,0.5162513333333333,0.605489395970428,-0.7958533730325997,30.0
2022-04-11 06:00:00,0.0,2.741286666666667,21.157266666666665,89.95700000000001,0.4794353333333333,-0.6823999144045614,-0.7309790399325053,15.0
2022-04-11 06:15:00,25.0,7.650153333333334,21.28173333333333,89.06873333333333,0.7691573333333334,0.6586515512368575,-0.752448093926273,15.0
2022-04-11 06:30:00,199.0,13.5148,21.467466666666667,88.586,0.945436,0.957963448891316,0.2868902762176771,15.0
2022-04-11 06:45:00,663.3333,27.963933333333333,21.543266666666668,88.9644,1.0781966666666667,-0.999708127116373,0.02415906822445153,15.0
2022-04-11 07:00:00,1372.6666,54.20126666666667,21.667199999999998,88.75733333333334,0.9625413333333334,-0.47743891474423783,-0.878664943358869,15.0
2022-04-11 07:15:00,1810.0,76.8938,21.722933333333334,89.2406,0.550786,0.9871632254038656,-0.15971464056321494,15.0
2022-04-11 07:30:00,3297.3333,114.9288,22.084933333333332,88.7778,0.8604573333333333,0.9806201300128583,-0.19591876023894395,15.0
2022-04-11 07:45:00,3580.3333,128.29866666666666,22.503,86.61619999999999,0.697124,0.9600516190963038,0.2798229595129137,15.0
2022-04-11 08:00:00,4062.0,153.34,23.509533333333334,81.48766666666667,1.1379286666666668,0.998633192141432,-0.05226612242565686,15.0
2022-04-11 08:15:00,3892.6667,136.692,23.461333333333336,81.67906666666666,0.7984433333333333,0.9565805633159904,-0.2914680529424494,15.0
2022-04-11 08:30:00,4291.3335,152.9646666666667,23.456599999999998,81.28033333333333,1.500284,0.9856007838822181,-0.16908901445912228,15.0
2022-04-11 08:45:00,5099.3335,179.43333333333334,24.31246666666667,77.46686666666666,0.9903626666666666,-0.31913530726506734,-0.9477091619567847,15.0
2022-04-11 09:00:00,5120.6665,194.564,24.28513333333333,79.48060000000001,0.9976666666666667,0.8950552964241055,-0.4459551730198414,15.0
2022-04-11 09:15:00,7033.0,251.038,24.206533333333333,79.2898,0.7039406666666667,0.9277785219871817,-0.37313136311395834,15.0
2022-04-11 09:30:00,7515.0,265.76,24.485333333333333,78.05600000000001,0.6863526666666666,0.990918385682283,-0.13446469022318974,15.0
2022-04-11 09:45:00,7290.6665,258.8593333333333,25.13133333333333,76.86806666666666,0.794226,0.9328227842558902,0.3603354730984571,15.0
2022-04-11 10:00:00,8396.0,303.1633333333333,25.528866666666666,74.85906666666666,0.9044253333333334,0.9921990578519805,0.12466366590808364,15.0
2022-04-11 10:15:00,11448.0,391.29266666666666,27.1184,68.2328,1.0352113333333333,0.9993436933224176,0.03622406129508061,15.0
2022-04-11 10:30:00,11628.333,433.0946666666667,28.446,63.2596,1.5378726666666664,0.9994298546951362,0.03376337577996251,15.0
2022-04-11 10:45:00,14331.0,636.056,27.604933333333335,68.80199999999999,1.5867333333333333,0.9500465252261118,-0.31210831438106695,15.0
2022-04-11 11:00:00,18752.666,790.9846666666667,28.286933333333334,64.72773333333333,1.8592133333333332,0.9796376709241269,-0.20077358816924123,15.0
2022-04-11 11:15:00,12906.333,586.9146666666667,28.302866666666667,64.0068,1.7131533333333335,0.8208702078277836,-0.5711147887253238,15.0
2022-04-11 11:30:00,18244.334,586.7199999999999,27.848799999999997,64.55879999999999,1.7189933333333334,0.892863697225734,-0.4503270124880283,15.0
2022-04-11 11:45:00,21627.334,813.9393333333334,28.05506666666667,68.7798,3.0125933333333337,0.82523837821599,-0.5647845776218068,15.0
2022-04-11 12:00:00,19937.0,786.0586666666666,27.352066666666666,70.48346666666666,3.09034,0.7989994905014485,-0.6013317006265558,15.0
2022-04-11 12:15:00,21390.334,796.9746666666666,27.846600000000002,68.3934,3.6248266666666664,0.7279562683482441,-0.6856235638982219,15.0
2022-04-11 12:30:00,13966.0,259.7966666666667,27.75186666666667,66.72319999999999,3.362646666666667,0.7227018128188347,-0.6911599595957292,15.0
2022-04-11 12:45:00,19499.0,664.6993333333334,26.585466666666665,72.93746666666667,3.2194933333333333,0.7303530541811857,-0.6830698472690871,15.0
2022-04-11 13:00:00,21031.334,734.126,27.918066666666668,68.394,2.936446666666667,0.6936197803572225,-0.7203413081985499,15.0
2022-04-11 13:15:00,20458.334,800.088,28.088466666666665,67.3526,2.70272,0.7143098412357892,-0.6998295869093429,15.0
2022-04-11 13:30:00,19933.666,751.152,28.7946,64.04333333333334,3.0239,0.6525393581276315,-0.7577548324454147,15.0
2022-04-11 13:45:00,19459.334,721.732,28.598,64.77246666666666,2.814286666666667,0.6973235768568391,-0.7167564643305173,15.0
2022-04-11 14:00:00,19318.666,704.6579999999999,28.119866666666667,67.1666,2.87504,0.7120423856417025,-0.7021364832065579,15.0
2022-04-11 14:15:00,18541.334,670.7033333333333,27.822466666666667,68.3288,2.855926666666667,0.6818281478629623,-0.7315123900398149,15.0
2022-04-11 14:30:00,17609.0,638.0153333333333,27.2798,69.68693333333333,2.7500133333333334,0.7918705943744992,-0.6106889238924981,15.0
2022-04-11 14:45:00,16823.666,604.2360000000001,26.76353333333333,71.77246666666666,2.7783,0.7253022827125072,-0.6884305329457913,15.0
2022-04-11 15:00:00,15764.0,561.8193333333334,26.519133333333333,71.1668,2.7409000000000003,0.5824540518697708,-0.8128636278370969,15.0
2022-04-11 15:15:00,14825.333,524.16,25.649133333333335,71.9004,2.2330933333333336,0.7154001194140511,-0.698715012821652,15.0
2022-04-11 15:30:00,13656.0,482.9053333333333,26.74866666666667,66.6958,2.4616266666666666,0.6825683017746896,-0.7308218068807307,15.0
2022-04-11 15:45:00,12331.0,440.3306666666667,27.177200000000003,64.9962,1.721022,0.737780226675815,-0.6750409892193089,15.0
2022-04-11 16:00:00,10804.333,383.2006666666667,27.069599999999998,64.05646666666667,2.3729066666666667,0.7454837550898503,-0.6665237961972071,15.0
2022-04-11 16:15:00,9541.333,341.99399999999997,26.21,66.80513333333333,2.2483733333333333,0.5867210370964433,-0.8097891235553081,15.0
2022-04-11 16:30:00,8152.0,291.2573333333333,25.3126,71.06406666666666,1.7204206666666666,0.8073367341686188,-0.5900910079487306,15.0
2022-04-11 16:45:00,6012.0,236.99133333333333,25.50766666666667,71.46113333333332,1.7278733333333334,0.8763985936086115,-0.4815864461556698,15.0
2022-04-11 17:00:00,4935.6665,187.092,25.321,72.7226,1.5019206666666667,0.2689993887254886,-0.9631403474392055,15.0
2022-04-11 17:15:00,3793.0,56.33646666666667,25.059933333333333,74.28433333333332,1.3053713333333334,0.4303462073362988,-0.9026639141071627,15.0
2022-04-11 17:30:00,2421.3333,46.68606666666667,24.898733333333332,74.60526666666667,1.348166,0.3965070803065547,-0.9180316635425879,15.0
2022-04-11 17:45:00,1092.6666,38.24046666666666,24.50906666666667,75.74773333333333,1.5770266666666666,0.047431881324641566,-0.9988744749136426,15.0
2022-04-11 18:00:00,740.0,28.795866666666665,24.228866666666665,75.92673333333333,2.26256,0.15928389415972852,-0.9872328200892191,15.0
2022-04-11 18:15:00,331.33334,17.557933333333335,23.765266666666665,75.38466666666666,2.291362,0.30971407212656654,-0.9508297395048074,15.0
2022-04-11 18:30:00,29.666666,6.458073333333333,23.48753333333333,76.69026666666667,1.5688746666666666,-0.060014876494789406,-0.9981974827654672,15.0
2022-04-11 18:45:00,0.0,2.18956,23.378,78.7942,1.109416,0.7048570934089344,-0.709349334158501,15.0
2022-04-11 19:00:00,0.0,1.3226,23.059866666666668,80.75493333333334,0.8729426666666666,0.5913359215951113,-0.8064253392790063,15.0
2022-04-11 19:15:00,0.0,1.0140333333333333,22.911866666666665,79.31573333333334,1.231486,0.3052853710906208,-0.9522609107792159,15.0
2022-04-11 21:15:00,0.0,1.3155066666666666,22.093866666666667,79.76186666666666,0.40697866666666666,0.7242986297855453,-0.689486399351562,120.0
2022-04-11 23:15:00,0.0,1.3229333333333335,22.3918,78.88300000000001,1.2294626666666666,-0.07691624762921019,-0.9970375573922188,120.0
2022-04-12 01:15:00,0.0,1.2860666666666667,21.299733333333332,86.10726666666666,1.1765186666666667,-0.1896209938672604,0.9818573616797872,120.0
2022-04-12 03:15:00,0.0,1.065638,21.216333333333335,88.23006666666667,1.9534999999999998,-0.26673378374342416,0.9637702467963598,120.0
2022-04-12 05:15:00,0.0,0.9627706666666668,20.6572,90.61766666666668,1.0933653333333335,-0.56702524801365,0.8237004116273458,120.0
2022-04-12 05:45:00,0.0,1.6537346666666666,20.644333333333332,90.94506666666666,0.9659413333333333,-0.27546208561291735,-0.9613119365688652,30.0
2022-04-12 06:00:00,0.0,5.5712,20.709333333333333,90.6648,0.629852,0.5902553870299471,0.8072165620712495,15.0
2022-04-12 06:15:00,213.33333,19.440933333333337,20.746666666666666,90.7048,0.6826139999999999,0.6820997379168258,0.7312591521025891,15.0
2022-04-12 06:30:00,728.6667,49.55466666666667,21.012666666666668,90.354,0.84775,0.1223056798824178,-0.992492478897699,15.0
2022-04-12 06:45:00,1351.6666,91.68486666666666,21.661066666666667,88.45293333333333,1.0342153333333333,-0.532840505423332,-0.8462156910505785,15.0
2022-04-12 07:00:00,2051.3333,133.52466666666666,23.0552,81.62826666666666,1.1196113333333335,0.8050453785124423,0.5932132319290918,15.0
2022-04-12 07:15:00,3098.0,128.24506666666667,24.966933333333333,74.2804,0.9107986666666666,0.22115584960911383,0.9752384786213427,15.0
2022-04-12 07:30:00,4308.0,219.48533333333336,25.970666666666666,71.16573333333334,0.9734619999999999,0.9993098051743363,0.03714718404441833,15.0
2022-04-12 07:45:00,4659.3335,197.99266666666665,25.91893333333333,71.83673333333333,0.6546646666666667,0.9557236381696754,-0.29426574289869223,15.0
2022-04-12 08:00:00,4346.6665,176.09133333333332,25.3648,74.35573333333333,1.217016,0.8593766642210974,-0.5113430834500641,15.0
2022-04-12 08:15:00,6573.0,263.514,24.662333333333333,76.69146666666667,1.1924066666666666,0.7949937642385159,-0.6066176018068343,15.0
2022-04-12 08:30:00,8499.0,241.45933333333332,24.670866666666665,76.52406666666667,1.1089620000000002,0.8108323416126219,-0.585278492510183,15.0
2022-04-12 08:45:00,10706.333,456.2566666666667,25.63533333333333,73.17673333333333,1.1628566666666666,0.9668501335204255,-0.25534451102683897,15.0
2022-04-12 09:00:00,12847.333,533.6273333333334,27.13,68.80106666666667,1.521864,0.959514129600168,-0.2816604961609492,15.0
2022-04-12 09:15:00,12979.0,538.7533333333333,27.779600000000002,66.38733333333333,1.4021393333333334,0.9723867586803697,-0.23337521621432836,15.0
2022-04-12 09:30:00,16724.334,591.922,27.79413333333333,67.15813333333332,1.5106,0.8622368056468144,-0.5065053711343815,15.0
2022-04-12 09:45:00,17010.334,634.6726666666667,27.633666666666667,67.916,2.080846666666667,0.881764894782477,-0.47168916706794023,15.0
2022-04-12 10:00:00,12244.333,564.9473333333333,27.242399999999996,69.22686666666667,1.9117600000000001,0.7565615242390316,-0.6539225183774552,15.0
2022-04-12 10:15:00,19830.666,747.802,27.224533333333333,69.39733333333334,1.9085866666666667,0.8306412532348696,-0.5568079636862293,15.0
2022-04-12 10:30:00,16446.0,663.5733333333334,27.624666666666666,68.89606666666667,1.9024733333333332,0.8935804141184523,-0.4489031560413617,15.0
2022-04-12 10:45:00,5522.3335,171.81266666666667,26.8104,71.967,1.5269266666666668,0.832592704921918,-0.5538857171933611,15.0
2022-04-12 11:00:00,4724.3335,167.23533333333336,25.580133333333333,76.10893333333334,2.5771466666666667,0.6220683385740207,-0.7829629506839756,15.0
2022-04-12 11:15:00,17113.0,653.8953333333334,26.043266666666668,74.944,3.0544266666666666,0.7265187061775695,-0.6871466870865859,15.0
2022-04-12 11:30:00,22524.666,655.8860000000001,27.584666666666667,68.54786666666668,3.0647933333333333,0.724741324487067,-0.689021053800776,15.0
2022-04-12 11:45:00,20600.334,724.5139999999999,27.931866666666668,67.78953333333334,2.910353333333333,0.7020784859521387,-0.7120995713825087,15.0
2022-04-12 12:00:00,20706.334,767.4926666666667,28.046466666666667,67.55426666666666,2.732673333333333,0.7679855198105769,-0.6404672055314604,15.0
2022-04-12 12:15:00,21218.0,754.2653333333333,27.696666666666665,69.3592,2.7495600000000002,0.7801393216756035,-0.6256058174086372,15.0
2022-04-12 12:30:00,19995.334,581.4533333333333,28.27286666666667,66.60306666666666,2.99962,0.6616434623380303,-0.7498185972255846,15.0
2022-04-12 12:45:00,20950.666,704.6793333333334,27.395133333333334,69.52086666666666,2.7915066666666664,0.8284384992221521,-0.5600800416070442,15.0
2022-04-12 13:00:00,20518.0,718.0046666666666,26.656333333333336,72.79593333333334,2.960733333333333,0.7438840116925609,-0.6683087438812856,15.0
2022-04-12 13:15:00,20385.0,523.9584,27.226666666666667,71.01646666666667,3.360986666666667,0.6740016005447343,-0.7387298846419686,15.0
2022-04-12 13:30:00,19531.0,512.7586,27.0614,72.0168,3.5539133333333335,0.7614553479070477,-0.6482173656604371,15.0
2022-04-12 13:45:00,19285.0,653.5946666666666,27.308600000000002,70.66853333333333,3.5866866666666666,0.7240996406771374,-0.689695375054263,15.0
2022-04-12 14:00:00,18486.666,660.0973333333334,26.796266666666668,73.26513333333334,2.9961866666666666,0.7714691371249214,-0.6362667447413304,15.0
2022-04-12 14:15:00,17835.666,640.1573333333333,27.0808,71.923,3.15334,0.7493565002611846,-0.6621667731895864,15.0
2022-04-12 14:30:00,13092.667,564.9993333333333,27.0764,72.22246666666666,3.306026666666667,0.6843944160837001,-0.7291119826428936,15.0
2022-04-12 14:45:00,16443.334,584.0433333333333,27.330266666666667,71.87899999999999,3.0448933333333335,0.7070080435622043,-0.7072055050254801,15.0
2022-04-12 15:00:00,13521.0,550.1753333333332,27.258733333333335,71.7352,2.8858,0.7231520120014915,-0.6906889079304769,15.0
2022-04-12 15:15:00,11263.0,507.0706666666667,27.141866666666665,72.115,2.56508,0.7564854317778383,-0.6540105438812875,15.0
2022-04-12 15:30:00,13089.333,459.78266666666667,27.073333333333334,72.3134,2.4865666666666666,0.7672024685438454,-0.6414049986242933,15.0
2022-04-12 15:45:00,11896.0,435.32800000000003,26.55186666666667,74.3876,2.4010466666666668,0.9115396898499144,-0.41121210321234686,15.0
2022-04-12 16:00:00,11206.667,377.254,26.24566666666667,75.58393333333333,2.6397,0.7362860778448718,-0.6766703862086882,15.0
2022-04-12 16:15:00,8639.0,338.60133333333334,25.833133333333333,77.31400000000001,2.61394,0.6865462592144755,-0.7270861255440171,15.0
2022-04-12 16:30:00,7810.3335,280.268,25.632533333333335,78.29586666666667,2.5998,0.6274377090179548,-0.7786667588270995,15.0
2022-04-12 16:45:00,6223.6665,241.0173333333333,25.6354,78.15013333333333,1.890286666666667,0.7161151770809541,-0.6979821295379373,15.0
2022-04-12 17:00:00,4924.0,169.9114,25.329133333333335,78.977,1.9936266666666667,0.40833046038138504,-0.9128341772330427,15.0
2022-04-12 17:15:00,3748.3333,60.9932,24.881266666666665,80.63626666666667,2.5979866666666664,0.29768591438797687,-0.9546638656485298,15.0
2022-04-12 17:30:00,2503.6667,52.52746666666667,24.650466666666667,81.90893333333334,1.6196506666666666,0.7882270440574167,-0.6153845358932147,15.0
2022-04-12 17:45:00,1155.0,40.32093333333333,24.218666666666664,84.83773333333333,1.7516399999999999,0.7928076108650693,-0.609471978153566,15.0
2022-04-12 18:00:00,721.3333,28.290266666666664,23.5552,87.71306666666666,1.6110606666666667,0.07010468503077791,-0.9975396398824136,15.0
2022-04-12 18:15:00,296.66666,16.243533333333332,23.355466666666665,87.6116,2.5497266666666665,0.1501795750164631,-0.9886587354835209,15.0
2022-04-12 18:30:00,26.333334,6.25994,23.041933333333336,88.11786666666667,2.6369333333333334,0.3271299377227851,-0.9449793668887627,15.0
2022-04-12 18:45:00,0.0,1.83688,22.696266666666666,89.31700000000001,2.6581400000000004,0.44306075970091413,-0.8964915856901552,15.0
2022-04-12 19:00:00,0.0,1.2491333333333332,22.385933333333334,91.14993333333334,3.09404,0.3172605190743528,-0.948338422208376,15.0
2022-04-12 19:15:00,0.0,1.1756993333333334,22.35186666666667,92.37586666666667,1.9211333333333334,0.11020847428200256,-0.9939084928686509,15.0
2022-04-12 21:15:00,0.0,1.3228733333333333,22.616266666666668,92.74046666666666,1.2906799999999998,0.10604424544187267,-0.9943614121679621,120.0
2022-04-12 23:15:00,0.0,1.32286,22.388266666666667,95.574,0.90337,0.25680669393074534,-0.9664627887054734,120.0
2022-04-13 01:15:00,0.0,1.3007466666666665,22.419466666666665,95.59033333333333,0.9923306666666666,-0.2157238934992828,-0.9764544033253729,120.0
2022-04-13 03:15:00,0.0,1.3301666666666667,22.096066666666665,97.1938,1.6557793333333335,0.16097224573333221,-0.9869589333419946,120.0
2022-04-13 05:15:00,0.0,1.2860686666666665,21.9284,97.15586666666667,2.035503333333333,-0.009773688199249191,-0.9999522363688097,120.0
2022-04-13 05:45:00,0.0,1.9549400000000001,22.0976,96.76626666666667,2.380333333333333,-0.004747277733957476,-0.99998873161357,30.0
2022-04-13 06:00:00,0.0,5.7544933333333335,22.218466666666664,96.41146666666667,1.5380526666666665,-0.36577578012892636,-0.9307030023971532,15.0
2022-04-13 06:15:00,194.66667,16.1172,22.312133333333335,96.15820000000001,1.6127333333333334,-0.3210758465483971,-0.9470534835811704,15.0
2022-04-13 06:30:00,309.66666,20.1074,22.432000000000002,96.08293333333333,1.093524,-0.5631318891329992,-0.8263670343385556,15.0
2022-04-13 06:45:00,741.0,33.71873333333333,22.575866666666666,95.8244,1.093526,-0.4121823414782746,-0.9111013760133869,15.0
2022-04-13 07:00:00,1700.6666,65.88326666666667,22.7056,95.17906666666666,1.575902,-0.22424808261855197,-0.9745320915402956,15.0
2022-04-13 07:15:00,3048.6667,112.60413333333332,23.019333333333336,93.86773333333333,2.0858733333333332,-0.14948932447016844,-0.9887633396670068,15.0
2022-04-13 07:30:00,4150.3335,122.28853333333333,23.438133333333333,91.50500000000001,1.5504,-0.46440930528456464,-0.8856206846980867,15.0
2022-04-13 07:45:00,3181.6667,134.32026666666667,24.0396,88.39733333333334,0.9794966666666667,-0.14602547478386116,-0.9892808300549182,15.0
2022-04-13 08:00:00,4296.3335,183.33266666666665,24.391066666666667,86.93873333333335,1.2946566666666668,-0.030850198438312607,-0.9995240193493685,15.0
2022-04-13 08:15:00,6247.0,197.99533333333335,24.6268,85.89493333333333,2.3487733333333334,0.007912076722785233,-0.9999686990310911,15.0
2022-04-13 08:30:00,5206.6665,226.05533333333332,24.8062,85.32326666666667,3.0810533333333336,0.2057487443180799,-0.9786048509033324,15.0
2022-04-13 08:45:00,4229.6665,168.55200000000002,24.5528,85.58366666666667,2.6604933333333336,-0.09167541801580865,-0.9957889423626006,15.0
2022-04-13 09:00:00,3760.6667,146.83866666666665,24.524,85.12506666666667,1.6300473333333334,-0.08535895797316279,-0.9963502638599219,15.0
2022-04-13 09:15:00,2239.0,92.4238,24.371666666666666,85.68013333333333,2.1838933333333332,0.06923414089062849,-0.9976004379184767,15.0
2022-04-13 09:30:00,3099.3333,81.75553333333332,24.401999999999997,86.08066666666667,1.8484466666666668,0.3006725083192344,-0.9537274467797495,15.0
2022-04-13 09:45:00,1772.0,73.85740000000001,24.4686,85.64806666666667,2.2217466666666668,0.25373543517338515,-0.9672736577294829,15.0
2022-04-13 10:00:00,1396.6666,71.79226666666666,24.1138,86.51386666666667,2.422346666666667,0.03592278097508121,-0.9993545686126702,15.0
2022-04-13 10:15:00,1644.6666,50.2644,23.947,87.04766666666666,1.8697920000000001,0.03937608107080531,-0.9992244613896847,15.0
2022-04-13 10:30:00,1990.3334,77.86640000000001,23.734733333333335,88.9358,1.2135666666666667,-0.7539304223524299,-0.6569542740948464,15.0
2022-04-13 10:45:00,3757.6667,123.9884,23.919666666666668,88.88433333333334,1.3278493333333334,0.12581805728563228,-0.992053333476013,15.0
2022-04-13 11:00:00,5199.0,186.73266666666666,24.2772,86.8414,1.3835906666666666,0.2696818059244994,-0.9629494916937755,15.0
2022-04-13 11:15:00,9874.0,296.7966666666667,25.180999999999997,83.14533333333334,1.9879600000000002,0.33020688974157225,-0.9439085813611385,15.0
2022-04-13 11:30:00,5293.6665,221.40266666666668,25.594733333333334,80.15773333333333,2.644946666666667,0.11622003855771788,-0.9932234907802184,15.0
2022-04-13 11:45:00,5304.6665,203.77306666666667,25.468466666666664,80.644,2.46648,0.26539906533249574,-0.9641386498427691,15.0
2022-04-13 12:00:00,6816.0,243.48399999999998,25.68326666666667,80.14726666666667,3.08826,0.2844169492469212,-0.9587006826852029,15.0
2022-04-13 12:15:00,5892.6665,201.85999999999999,25.707066666666666,79.49273333333333,2.6494133333333334,0.25027861849794486,-0.9681738548023078,15.0
2022-04-13 12:30:00,7150.0,247.986,25.5466,79.90193333333333,2.2234220000000002,0.08834957879053706,-0.9960895300762551,15.0
2022-04-13 12:45:00,18741.334,471.59933333333333,26.350066666666667,74.17966666666666,1.9743153333333332,-0.06367537243696471,-0.9979706643709593,15.0
2022-04-13 13:00:00,14137.667,502.8566666666667,27.147733333333335,69.89206666666668,2.02612,-0.8030879507891027,-0.5958605065762957,15.0
2022-04-13 13:15:00,9793.0,526.9673333333334,27.709133333333334,66.3906,1.702918,-0.6520366526125696,-0.7581874462491417,15.0
2022-04-13 13:30:00,6586.0,253.132,27.217333333333332,67.69106666666667,1.8143773333333333,-0.8489636942750287,-0.528451176366271,15.0
2022-04-13 13:45:00,7248.0,275.8686666666666,26.5952,70.44046666666667,1.6215833333333334,-0.7018464503631926,-0.7123282671020339,15.0
2022-04-13 14:00:00,8199.667,415.46866666666665,27.510733333333334,67.39973333333333,1.2207953333333335,-0.16664025235017224,-0.9860177616537498,15.0
2022-04-13 14:15:00,8438.667,429.796,27.706666666666667,65.3704,1.5919186666666667,-0.8008289397092248,-0.5988931535125434,15.0
2022-04-13 14:30:00,9731.333,359.98199999999997,27.4912,64.3654,1.6555366666666667,-0.7723368253657611,-0.6352132147428435,15.0
2022-04-13 14:45:00,7371.6665,293.762,27.519533333333335,65.32126666666666,1.4895873333333334,-0.22727252126968792,-0.9738311974237215,15.0
2022-04-13 15:00:00,16581.0,401.1766666666666,27.430933333333332,66.27333333333334,1.1299153333333334,-0.6224090006786548,-0.7826921718493154,15.0
2022-04-13 15:15:00,11599.333,470.8186666666667,28.161,62.507666666666665,1.2795066666666666,-0.7230451174888912,-0.6908008092608718,15.0
2022-04-13 15:30:00,13511.333,428.49533333333335,28.2064,62.71026666666667,1.13392,0.13184579285446613,-0.9912702390905203,15.0
2022-04-13 15:45:00,10537.667,299.1346666666667,28.209600000000002,62.593066666666665,1.491548,-0.9783792300495816,-0.20681895998091634,15.0
2022-04-13 16:00:00,12193.333,387.4386666666667,27.356266666666667,64.83326666666667,1.7736526666666668,-0.9356330886917898,-0.3529741114374555,15.0
2022-04-13 16:15:00,9096.333,316.8553333333333,27.695066666666666,64.13693333333333,1.3799013333333332,-0.7441561143861563,-0.6680057465484096,15.0
2022-04-13 16:30:00,7397.0,264.5706666666667,27.688066666666668,63.7442,1.36576,-0.974991860830239,-0.22224057081187462,15.0
2022-04-13 16:45:00,5964.0,210.63066666666666,27.901266666666668,62.9792,1.3026273333333334,-0.5432824073285099,-0.8395500139284968,15.0
2022-04-13 17:00:00,4678.3335,139.09913333333333,28.073666666666668,62.94806666666667,1.215686,-0.27044736385269336,-0.962734762738486,15.0
2022-04-13 17:15:00,3103.3333,84.5834,27.314799999999998,64.98693333333333,1.3970500000000001,-0.10419912446437768,-0.9945564551401077,15.0
2022-04-13 17:30:00,2262.6667,65.06926666666666,26.5658,67.4218,1.071812,-0.8949379957954524,-0.4461905239711157,15.0
2022-04-13 17:45:00,1339.6666,46.25393333333333,26.287466666666667,69.05766666666666,1.3133293333333331,-0.08049119170927954,-0.9967553200546361,15.0
2022-04-13 18:00:00,540.3333,20.890746666666665,25.95446666666667,70.32653333333333,1.357572,-0.7403558028022303,-0.6722152075467089,15.0
2022-04-13 18:15:00,198.66667,13.971866666666667,25.713933333333333,72.54966666666665,1.381578,-0.8863916413839718,-0.46293612743512286,15.0
2022-04-13 18:30:00,8.0,5.752133333333333,25.3752,75.84819999999999,1.1098733333333333,-0.9997632945265581,-0.02175672120064664,15.0
2022-04-13 18:45:00,0.0,2.3950533333333337,25.053133333333335,78.75853333333333,1.004978,-0.9798550523842469,-0.1997099805144071,15.0
2022-04-13 19:00:00,0.0,1.3371666666666668,24.67686666666667,80.45386666666667,1.339008,-0.9971466164900487,0.07548923911689587,15.0
2022-04-13 19:15:00,0.0,1.3225200000000001,24.506333333333334,81.85459999999999,0.7844153333333334,-0.9972348149231954,-0.07431503148825402,15.0
2022-04-13 21:15:00,0.0,1.2345286666666666,23.73613333333333,82.39993333333334,0.6923333333333334,-0.36007605129461634,-0.9329229535626599,120.0
2022-04-13 23:15:00,0.0,1.1610533333333335,23.33106666666667,82.09073333333332,0.971286,0.9571104030019192,-0.28972344824936735,120.0
2022-04-14 01:15:00,0.0,1.2933133333333333,22.71946666666667,83.81320000000001,1.6410206666666667,-0.9866041261507504,0.16313276268829055,120.0
2022-04-14 03:15:00,0.0,1.3300733333333334,22.416066666666666,85.40213333333332,2.0634466666666667,-0.25295877641725417,0.9674770578331486,120.0
2022-04-14 05:15:00,0.0,1.3229266666666666,21.716866666666665,78.34186666666666,4.79882,-0.3094817313490143,0.9509053885435799,120.0
2022-04-14 05:45:00,0.0,1.3376066666666666,21.5408,76.82433333333333,4.427013333333333,-0.6519543756269838,0.7582581961975946,30.0
2022-04-14 06:00:00,0.0,2.84424,21.66033333333333,76.1166,4.115113333333333,-0.25718901420083634,0.9663611183064031,15.0
2022-04-14 06:15:00,22.333334,7.7681000000000004,21.73213333333333,76.03926666666666,3.6465733333333334,-0.6267711923546386,0.7792033575610057,15.0
2022-04-14 06:30:00,244.33333,16.3522,21.8422,75.6636,2.4551933333333333,-0.8932497037655392,0.4495608598652428,15.0
2022-04-14 06:45:00,618.3333,28.1338,21.878466666666668,75.88113333333334,1.127834,-0.580857349692221,-0.8140053681079314,15.0
2022-04-14 07:00:00,1190.3334,46.55,22.093533333333333,75.94953333333333,1.7546746666666666,-0.1254294041959081,-0.9921025474027669,15.0
2022-04-14 07:15:00,2417.3333,68.435,22.4422,75.02400000000002,2.1727866666666666,-0.2413709319256817,-0.9704329308207383,15.0
2022-04-14 07:30:00,3608.6667,167.803,23.585933333333333,70.7526,1.3279546666666666,0.9500105593605284,-0.31221777192129213,15.0
2022-04-14 07:45:00,6068.3335,225.66666666666666,25.550733333333334,62.6144,1.1796453333333332,0.06370951143260697,-0.9979684855510311,15.0
2022-04-14 08:00:00,7122.6665,317.99733333333336,26.852933333333333,59.6106,2.1441999999999997,0.8504935631058136,0.525985455231965,15.0
2022-04-14 08:15:00,8584.667,361.1046666666667,27.647066666666667,56.8154,2.3819866666666667,0.35160768698294875,0.936147442689719,15.0
2022-04-14 08:30:00,10113.333,401.25266666666664,28.098533333333332,55.5286,2.9709933333333334,0.988301251904191,0.1525143779602722,15.0
2022-04-14 08:45:00,11458.0,446.44066666666663,27.8424,55.221000000000004,3.2856266666666665,0.9952078620569106,0.09778195794784046,15.0
2022-04-14 09:00:00,12751.0,488.66266666666667,27.782,56.06846666666667,2.4656266666666666,0.9979367688977643,0.06420440235599208,15.0
2022-04-14 09:15:00,13872.0,527.9606666666666,28.4116,53.311,2.949653333333333,0.08043343465577325,-0.9967599824378361,15.0
2022-04-14 09:30:00,14984.0,565.128,28.052000000000003,54.0712,2.847373333333333,0.45762861639841934,-0.8891434358152055,15.0
2022-04-14 09:45:00,15931.0,599.814,28.82046666666667,52.04833333333333,2.7003,0.9010059131501802,0.43380680546576245,15.0
2022-04-14 10:00:00,16752.666,631.9193333333334,29.453266666666664,51.2014,1.9549266666666665,0.9809845627687293,0.1940857738461143,15.0
2022-04-14 10:15:00,17494.666,661.0213333333334,30.334533333333333,48.209799999999994,2.1801533333333336,0.8613677288893525,0.5079819245091294,15.0
2022-04-14 10:30:00,18154.334,687.7800000000001,31.063533333333332,46.78913333333333,2.3627666666666665,0.9157705960698286,0.40170164970275013,15.0
2022-04-14 10:45:00,18722.334,711.0473333333333,31.452733333333335,47.248799999999996,2.156433333333333,0.9784621640621125,-0.2064262422728457,15.0
2022-04-14 11:00:00,19224.334,732.4773333333334,31.891066666666667,46.0476,2.0872800000000002,0.9990150860245577,0.044371814199393574,15.0
2022-04-14 11:15:00,19457.334,629.7112666666667,32.053333333333335,45.71886666666667,1.9517200000000001,0.8985620436650379,-0.4388465035573493,15.0
2022-04-14 11:30:00,19924.0,752.1360000000001,30.713199999999997,49.410999999999994,2.0669999999999997,0.9925316809062591,0.12198714029517951,15.0
2022-04-14 11:45:00,20156.666,765.108,29.74566666666667,53.03506666666667,1.969,0.9789394243396183,-0.2041509330706492,15.0
2022-04-14 12:00:00,20616.334,770.9746666666667,29.3838,53.58193333333334,1.8615666666666668,0.9475425282497115,-0.31962971882812263,15.0
2022-04-14 12:15:00,20421.0,762.1920000000001,29.7464,52.379,1.87156,0.9198429516796033,-0.39228681375411417,15.0
2022-04-14 12:30:00,13812.667,769.77,30.08833333333333,52.465199999999996,1.9674866666666666,0.9533983700021302,-0.30171434847763057,15.0
2022-04-14 12:45:00,20580.0,590.6433333333333,29.653399999999998,54.32513333333333,1.4441899999999999,0.9641025106260569,-0.2655303165450867,15.0
2022-04-14 13:00:00,16809.0,681.1020000000001,28.524066666666666,59.8382,2.5092733333333332,0.8497209684304554,-0.5272326581402265,15.0
2022-04-14 13:15:00,20486.334,586.6933333333333,27.723533333333332,65.3542,2.83252,0.910851819374949,-0.4127335255844202,15.0
2022-04-14 13:30:00,7197.0,449.874,26.933333333333334,68.28893333333333,2.270033333333333,0.7583619152887218,-0.6518337253008789,15.0
2022-04-14 13:45:00,6291.6665,205.8682,26.845266666666664,67.3488,2.2651066666666666,0.7582633090261354,-0.651948429083724,15.0
2022-04-14 14:00:00,15362.667,436.65066666666667,26.504133333333336,68.38333333333334,2.7481066666666667,0.8034275446834923,-0.5954025364775121,15.0
2022-04-14 14:15:00,18411.666,600.7726666666666,27.2034,67.43193333333333,2.5963399999999996,0.7261748167234874,-0.6875100985124578,15.0
2022-04-14 14:30:00,14687.667,558.0573333333334,27.59893333333333,66.22186666666667,2.58428,0.8101235055755823,-0.5862592478707089,15.0
2022-04-14 14:45:00,16557.666,547.4066666666666,28.162133333333333,64.59813333333334,2.5749,0.780226665121378,-0.6254968833124376,15.0
2022-04-14 15:00:00,9902.667,375.5473333333333,27.701999999999998,65.72673333333333,2.5737,0.8329856251022604,-0.5532946307104348,15.0
2022-04-14 15:15:00,4875.0,126.91013333333333,26.907866666666667,67.52086666666666,1.6639533333333332,0.784235212544076,-0.6204636422917525,15.0
2022-04-14 15:30:00,6564.3335,195.91066666666666,26.144466666666666,68.89139999999999,1.4411146666666668,0.8636009445965988,-0.5041759697683561,15.0
2022-04-14 15:45:00,6588.6665,193.68646666666666,25.8786,69.21393333333334,1.447392,0.962601013296042,-0.2709230318770133,15.0
2022-04-14 16:00:00,5777.3335,178.66066666666666,25.686733333333333,70.66626666666666,1.3352973333333333,0.8910730730961122,-0.45385986648199106,15.0
2022-04-14 16:15:00,9167.667,318.2566666666667,25.945066666666666,69.78680000000001,1.1944093333333332,0.9488602176605897,-0.31569651144904703,15.0
2022-04-14 16:30:00,7564.3335,256.95933333333335,26.421133333333334,66.88466666666666,0.9895606666666666,0.992105511243077,-0.12540595903350366,15.0
2022-04-14 16:45:00,6166.6665,224.15133333333333,27.006266666666665,63.77833333333333,0.9442773333333334,0.9143826023015084,0.4048511536457833,15.0
2022-04-14 17:00:00,4963.0,103.98146666666666,27.0904,64.47866666666667,1.0588533333333332,0.9400701072071493,0.34098122167582584,15.0
2022-04-14 17:15:00,3708.0,59.0664,26.303066666666666,66.3962,0.93282,0.9598506727274959,0.2805114722512673,15.0
2022-04-14 17:30:00,2656.3333,57.06966666666666,26.07446666666667,68.19686666666666,1.2470299999999999,-0.9756069853847441,0.21952450903826576,15.0
2022-04-14 17:45:00,1332.6666,43.04653333333333,26.060866666666666,66.45406666666666,0.7604333333333333,0.8980910410793829,-0.4398095973633935,15.0
2022-04-14 18:00:00,853.6667,31.639866666666666,25.865599999999997,65.72546666666666,0.8203306666666667,0.8884496031716514,0.45897418513913724,15.0
2022-04-14 18:15:00,384.66666,18.703933333333335,25.549866666666667,68.58033333333333,1.12981,0.5305747017006972,-0.8476381810154708,15.0
2022-04-14 18:30:00,42.333332,7.309893333333333,25.030066666666666,69.5356,0.9206406666666667,0.1274166076776121,-0.9918492869826189,15.0
2022-04-14 18:45:00,0.0,2.1306133333333332,24.61593333333333,71.52766666666666,0.5478986666666666,0.4924783464595136,0.8703246970346775,15.0
2022-04-14 19:00:00,0.0,1.3224933333333333,24.151,73.86293333333333,0.7934846666666666,0.9083852242318105,0.4181342899085455,15.0
2022-04-14 19:15:00,0.0,1.3225200000000001,23.690733333333334,77.71759999999999,0.909582,-0.6114585429938847,-0.7912764688778479,15.0
2022-04-14 21:15:00,0.0,1.2345733333333333,22.511466666666664,85.16706666666667,1.2911166666666667,-0.9804936811743129,-0.1965506071658007,120.0
2022-04-14 23:15:00,0.0,1.32288,23.180333333333333,71.27573333333333,2.2529266666666667,0.8160351352862657,-0.5780022992846361,120.0
2022-04-15 01:15:00,0.0,1.2860533333333335,22.3218,91.46393333333334,2.9958,0.9987452445661275,-0.05007930167790137,120.0
2022-04-15 03:15:00,0.0,1.30084,21.778066666666668,86.44866666666667,3.12798,0.9973762412732144,0.0723922188064075,120.0
2022-04-15 05:15:00,0.0,1.27146,21.367399999999996,79.89833333333333,2.5592533333333334,0.9877909683233371,-0.15578511770655118,120.0
2022-04-15 05:45:00,0.0,1.3229133333333332,21.3402,79.54693333333333,2.7647333333333335,0.9955110115149923,-0.09464579204801839,30.0
2022-04-15 06:00:00,0.0,2.2341533333333334,21.382266666666666,78.50420000000001,3.101253333333333,0.9770914081391837,-0.21282006517381552,15.0
2022-04-15 06:15:00,14.333333,6.753900000000001,21.3632,78.01166666666667,3.1898866666666668,0.9843300780327041,-0.1763357521324888,15.0
2022-04-15 06:30:00,140.66667,11.96418,21.3864,77.65806666666667,3.4467266666666663,0.9839573572208433,-0.17840380929501934,15.0
2022-04-15 06:45:00,386.66666,18.424946666666663,21.3956,73.2496,4.078526666666667,0.99090743042147,-0.1345453987898491,15.0
2022-04-15 07:00:00,686.3333,27.802286666666667,21.391000000000002,73.22,4.06124,0.9832820378635583,-0.18208908263508816,15.0
2022-04-15 07:15:00,1268.3334,59.525999999999996,21.444599999999998,73.31373333333333,4.72132,0.9735230771664793,-0.2285887534948057,15.0
2022-04-15 07:30:00,1054.3334,40.9916,21.46146666666667,72.66873333333334,3.541933333333333,0.9922080485413963,-0.12459208807012609,15.0
2022-04-15 07:45:00,724.0,32.18878,21.16626666666667,79.06933333333333,4.001353333333333,0.9771688507119044,-0.21246420215738884,15.0
2022-04-15 08:00:00,1669.0,55.60386666666667,21.040133333333333,78.05633333333334,3.719933333333333,0.9966322365024215,-0.08200112904211414,15.0
2022-04-15 08:15:00,2482.6667,76.82126666666666,21.054199999999998,77.83766666666666,3.3768,0.9888399431410639,-0.14898176683331915,15.0
2022-04-15 08:30:00,3181.0,106.5214,21.081533333333333,77.58546666666666,4.254326666666667,0.995252573293911,-0.09732582058142779,15.0
2022-04-15 08:45:00,3238.0,101.1774,21.143733333333333,78.36973333333334,4.01358,0.9990211837504598,-0.0442343126750035,15.0
2022-04-15 09:00:00,4916.0,159.311,21.14946666666667,79.337,4.436293333333333,0.9826896199603098,-0.18525957687056777,15.0
2022-04-15 09:15:00,9744.333,319.278,21.6872,76.88313333333333,4.1223133333333335,0.9955730172278296,-0.09399131538538828,15.0
2022-04-15 09:30:00,8725.667,314.70866666666666,22.489733333333334,73.24113333333334,3.9521,0.9969541960188019,-0.07798930080789591,15.0
2022-04-15 09:45:00,12602.667,478.44800000000004,22.7226,71.5944,4.0078933333333335,0.9964333146479822,-0.0843839407685796,15.0
2022-04-15 10:00:00,16145.0,616.2919999999999,23.6138,67.64893333333333,3.9343733333333333,0.9974534953564982,-0.07131987521795177,15.0
2022-04-15 10:15:00,18969.334,732.0773333333333,24.4938,64.55566666666667,4.329646666666666,0.9920638705036132,-0.1257349467784913,15.0
2022-04-15 10:30:00,16503.666,716.972,25.061066666666665,62.398199999999996,4.347366666666667,0.9849092149007606,-0.17307177240546015,15.0
2022-04-15 10:45:00,19081.666,584.56,24.8868,60.99393333333333,4.300021428571428,0.9968495734357273,-0.07931537014355051,15.0
2022-04-15 11:00:00,18620.334,382.8559333333333,24.033866666666665,64.48366666666666,4.216026666666666,0.9980299417641518,-0.06273942414657352,15.0
2022-04-15 11:15:00,14309.333,557.1146666666666,23.7292,66.8842,5.32904,0.9831572280246257,-0.18276177112004105,15.0
2022-04-15 11:30:00,20432.334,756.2993333333333,24.1558,65.00406666666667,4.888586666666667,0.9874549948723375,-0.1579007064634986,15.0
2022-04-15 11:45:00,20703.0,722.4946666666667,24.442333333333334,61.98633333333333,4.151226666666667,0.9926223874058893,-0.12124683921914337,15.0
2022-04-15 12:00:00,20860.334,638.9333333333333,25.205133333333333,60.208800000000004,4.21054,0.9933442494424252,-0.11518334124197373,15.0
2022-04-15 12:15:00,20969.666,663.3446666666666,25.2172,59.70226666666667,4.183866666666666,0.9860092289930742,-0.16669073261727332,15.0
2022-04-15 12:30:00,20923.334,766.8886666666666,25.212600000000002,60.05766666666667,4.006713333333334,0.978327219876214,-0.20706484696654345,15.0
2022-04-15 12:45:00,20737.0,611.7652666666667,24.682866666666666,63.5126,5.49094,0.8681410712002495,-0.49631751983511857,15.0
2022-04-15 13:00:00,20351.0,746.5006666666667,24.542133333333332,62.457,5.21798,0.9480578680492979,-0.3180979076162244,15.0
2022-04-15 13:15:00,20058.666,724.5706666666666,24.483866666666664,62.982200000000006,4.616953333333333,0.9185889954006693,-0.39521419196277496,15.0
2022-04-15 13:30:00,19751.334,722.2726666666666,24.708199999999998,61.440933333333334,4.281153333333333,0.9652938719239009,-0.2611661173011605,15.0
2022-04-15 13:45:00,19237.334,701.1066666666667,24.610666666666667,61.3694,4.561706666666667,0.9130858140968836,-0.4077674534523708,15.0
2022-04-15 14:00:00,18772.334,574.1146666666666,24.545,61.592200000000005,5.0271333333333335,0.9270224950598042,-0.3750057248270957,15.0
2022-04-15 14:15:00,18232.0,656.734,24.217266666666667,64.20226666666666,4.875306666666666,0.9235987627080583,-0.383360568556736,15.0
2022-04-15 14:30:00,17474.666,611.4113333333333,24.050333333333334,65.38606666666666,4.727066666666667,0.9387931932516081,-0.34448126263187195,15.0
2022-04-15 14:45:00,16636.334,589.5413333333332,23.891000000000002,65.8412,4.716939999999999,0.9124803503706799,-0.4091205325908263,15.0
2022-04-15 15:00:00,15766.333,404.79966666666667,23.679266666666667,67.77286666666667,4.797700000000001,0.9068969898099272,-0.42135240580029065,15.0
2022-04-15 15:15:00,14741.0,493.3806666666667,23.354,69.15753333333333,4.577046666666666,0.9079921036065978,-0.418987278790258,15.0
2022-04-15 15:30:00,13355.0,480.75533333333334,23.247400000000003,67.7036,4.79858,0.9550703067779535,-0.2963793331375618,15.0
2022-04-15 15:45:00,12444.0,436.4493333333333,23.035933333333332,68.94833333333332,4.4675199999999995,0.9499716881058297,-0.3123360238546945,15.0
2022-04-15 16:00:00,11148.333,393.42533333333336,22.909933333333335,68.55799999999999,4.364879999999999,0.9357398289225657,-0.3526910440711069,15.0
2022-04-15 16:15:00,9728.333,339.60999999999996,22.794466666666665,68.12973333333333,3.9162733333333337,0.9692197386267186,-0.2461972750790617,15.0
2022-04-15 16:30:00,8300.0,247.87246666666667,22.614866666666668,68.6242,4.2576133333333335,0.950254039176556,-0.31147593972671517,15.0
2022-04-15 16:45:00,6554.3335,185.7522,22.333866666666665,69.88233333333332,3.3231866666666665,0.9754646606005204,-0.22015607172983326,15.0
2022-04-15 17:00:00,5186.3335,63.618453333333335,22.045133333333336,72.71813333333333,3.5790599999999997,0.9706182898000073,-0.24062446988140881,15.0
2022-04-15 17:15:00,3813.0,61.32086666666667,21.627866666666666,75.28746666666666,3.40598,0.9617887912332717,-0.2737924780888662,15.0
2022-04-15 17:30:00,2674.6667,38.286280000000005,21.437133333333335,76.7928,3.193033333333333,0.9807609840270659,-0.19521242842160785,15.0
2022-04-15 17:45:00,1261.0,41.53473333333333,21.294533333333334,78.54053333333333,2.92216,0.9925616000134295,-0.1217434605175194,15.0
2022-04-15 18:00:00,814.6667,29.979266666666668,21.0884,79.69533333333334,3.9727733333333335,0.9518130295007979,-0.30667891494609345,15.0
2022-04-15 18:15:00,333.0,15.15924,20.968200000000003,81.02073333333333,4.029486666666666,0.9592669830150272,-0.2825010713205307,15.0
2022-04-15 18:30:00,19.333334,5.893526666666667,20.791066666666666,81.99893333333333,3.6672599999999997,0.9734674595867966,-0.2288254905503941,15.0
2022-04-15 18:45:00,0.0,1.7196666666666665,20.707066666666666,83.25726666666667,2.8071333333333333,0.9930770702280516,-0.1174646014221714,15.0
2022-04-15 19:00:00,0.0,1.2273233333333333,20.6126,83.2576,3.3855066666666667,0.9820869791441488,-0.18842814385202708,15.0
2022-04-15 19:15:00,0.0,1.0876759999999999,20.5444,84.17226666666667,3.0368,0.9805345509816407,-0.19634661782478524,15.0
2022-04-15 21:15:00,0.0,0.6688373333333334,20.636266666666664,84.99433333333333,3.77138,0.9663671031048704,-0.25716652588682853,120.0
2022-04-15 23:15:00,0.0,0.8010666666666667,20.710733333333334,85.44233333333334,5.197093333333333,0.9697451779641573,-0.2441194171205253,120.0
2022-04-16 01:15:00,0.0,0.7202546666666667,20.2266,85.71353333333333,5.631413333333333,0.9776687010085725,-0.21015211411787058,120.0
2022-04-16 03:15:00,0.0,0.6615059999999999,20.088,84.13000000000001,5.30068,0.9834127194653509,-0.18138198144733955,120.0
2022-04-16 05:15:00,0.0,0.6615219999999999,19.739066666666666,85.84920000000001,6.0626,0.9720260801737468,-0.23487294323114516,120.0
2022-04-16 06:30:00,0.0,3.7560000000000002,19.56833333333333,85.01673333333333,4.932106666666667,0.9881222304002241,-0.15366996384748216,75.0
2022-04-16 06:45:00,0.0,5.836166666666667,19.5074,84.71340000000001,5.202766666666666,0.9936777140080745,-0.11227021280681411,15.0
2022-04-16 07:00:00,10.0,7.409139333333333,19.5208,85.15753333333333,4.633266666666667,0.9925579165305676,-0.12177348780624975,15.0
2022-04-16 07:15:00,81.333336,9.34234,19.517133333333334,84.36533333333334,5.454806666666667,0.9897642785808789,-0.14271185250452148,15.0
2022-04-16 07:30:00,157.33333,12.95136,19.4366,83.29606666666668,4.6237466666666664,0.9965367297769937,-0.08315375039873477,15.0
2022-04-16 07:45:00,297.66666,20.338666666666665,19.363666666666667,82.91306666666667,5.497126666666667,0.9873033357992896,-0.15884622475713742,15.0
2022-04-16 08:00:00,347.0,20.816466666666667,19.3138,82.52106666666667,4.97816,0.992200943424376,-0.12464865770548061,15.0
2022-04-16 08:15:00,535.3333,27.36573333333333,19.356,80.95146666666666,4.565026666666667,0.9973553101704793,-0.07268001977673776,15.0
2022-04-16 08:30:00,872.6667,41.19213333333333,19.311466666666668,80.83846666666666,6.264539999999999,0.9761497182331491,-0.21709842835300203,15.0
2022-04-16 08:45:00,1002.6667,31.173186666666666,19.333000000000002,78.827,5.5947466666666665,0.967492067005683,-0.25290136472757724,15.0
2022-04-16 09:00:00,1433.6666,63.56586666666667,19.401533333333337,78.73819999999999,5.585513333333334,0.937417788252731,-0.3482066775168994,15.0
2022-04-16 09:15:00,2025.0,81.40506666666667,19.543799999999997,78.0668,6.1003066666666665,0.9486866950155789,-0.3162175749391831,15.0
2022-04-16 09:30:00,1903.3334,76.08406666666666,19.568933333333334,76.3022,6.027866666666667,0.9206398254700969,-0.39041300152324526,15.0
2022-04-16 09:45:00,2145.3333,82.08213333333333,19.6072,75.04886666666667,4.796773333333333,0.9712645814381594,-0.23800233789556982,15.0
2022-04-16 10:00:00,2377.6667,84.75,19.612333333333332,75.83873333333332,4.83434,0.9565167823959019,-0.29167729598820485,15.0
2022-04-16 10:15:00,2490.0,93.15853333333332,19.567466666666668,74.95186666666667,5.808319999999999,0.9552897157921498,-0.29567136977014474,15.0
2022-04-16 10:30:00,3141.0,110.94533333333334,19.542933333333334,76.54520000000001,5.562266666666667,0.9519271513996302,-0.3063244985765673,15.0
2022-04-16 10:45:00,3042.0,114.586,19.6034,76.86713333333334,5.015573333333333,0.975305071623937,-0.2208619869163257,15.0
2022-04-16 11:00:00,3087.6667,101.05406666666666,19.561666666666667,77.6422,4.9874,0.9859968132368176,-0.1667641576803605,15.0
2022-04-16 11:15:00,3389.6667,105.22646666666667,19.572799999999997,78.26,5.349419999999999,0.9867209301811068,-0.16242477010151907,15.0
2022-04-16 11:30:00,3050.6667,111.12086666666667,19.604866666666666,78.54293333333334,4.825106666666667,0.98979315147961,-0.14251146369349288,15.0
2022-04-16 11:45:00,3075.6667,114.89186666666666,19.603533333333335,78.60040000000001,4.435793333333334,0.9916624682169525,-0.1288625202681592,15.0
2022-04-16 12:00:00,3296.6667,115.91266666666667,19.5908,78.27546666666667,4.6391,0.9705832821234047,-0.2407656380436365,15.0
2022-04-16 12:15:00,2991.6667,104.09633333333333,19.51706666666667,78.1474,4.162146666666667,0.9989429401782184,-0.04596740440895587,15.0
2022-04-16 12:30:00,3147.6667,106.91319999999999,19.630333333333333,78.8292,3.2945933333333333,0.9991843243246741,-0.04038175360041456,15.0
2022-04-16 12:45:00,4808.0,176.51133333333334,19.634733333333333,78.67346666666667,4.42626,0.9917904723386445,-0.1278736054793497,15.0
2022-04-16 13:00:00,5436.3335,204.4633333333333,20.026733333333333,77.63093333333333,3.8192066666666666,0.9990711242596418,-0.043091631096714794,15.0
2022-04-16 13:15:00,5304.0,189.084,20.049933333333335,77.30906666666667,4.8075133333333335,0.9903688553183047,-0.13845407330776105,15.0
2022-04-16 13:30:00,4782.0,173.74800000000002,20.020866666666667,77.3522,4.11254,0.9951227146950521,-0.0986447297018443,15.0
2022-04-16 13:45:00,4530.3335,156.9,19.900133333333333,77.90226666666666,4.499733333333333,0.9944231833552166,-0.10546341738099159,15.0
2022-04-16 14:00:00,4680.3335,163.7866666666667,19.850066666666667,77.44706666666667,4.251593333333333,0.9897576353976625,-0.14275791807121563,15.0
2022-04-16 14:15:00,3902.6667,147.87866666666665,19.770133333333334,77.67866666666667,3.7404133333333336,0.9978260753455868,-0.06590237750205492,15.0
2022-04-16 14:30:00,2327.6667,103.33453333333334,19.6636,78.4378,4.280766666666667,0.994013700341975,-0.10925549657776629,15.0
2022-04-16 14:45:00,1830.0,83.43260000000001,19.485866666666666,78.82173333333334,3.86468,0.9929712932302985,-0.11835544271620355,15.0
2022-04-16 15:00:00,1781.3334,85.54400000000001,19.391133333333336,80.08346666666667,4.419673333333334,0.9775680902294357,-0.21061963100616668,15.0
2022-04-16 15:15:00,1272.0,63.973533333333336,19.442600000000002,80.79633333333332,3.446266666666667,0.9931242797381437,-0.11706478973027434,15.0
2022-04-16 15:30:00,1050.6666,48.45986666666667,19.47286666666667,79.46086666666666,3.1494,0.9949484475798499,-0.10038718373600582,15.0
2022-04-16 15:45:00,742.3333,37.11333333333334,19.315800000000003,80.85853333333333,3.9412666666666665,0.978126791040289,-0.20800956864823994,15.0
2022-04-16 16:00:00,754.6667,36.312266666666666,19.198866666666667,79.92773333333334,2.9279266666666666,0.9982072457887119,-0.05985227192775683,15.0
2022-04-16 16:15:00,1423.3334,60.955933333333334,19.224333333333334,80.33313333333334,3.665093333333333,0.9897584659128138,-0.14275215989228807,15.0
2022-04-16 16:30:00,1833.6666,70.32,19.399266666666666,79.11306666666665,3.3084333333333333,0.9910308423023542,-0.1336333401718541,15.0
2022-04-16 16:45:00,1740.3334,66.56713333333333,19.56593333333333,78.97306666666667,2.68516,0.9910246216509161,-0.13367946469693315,15.0
2022-04-16 17:00:00,1554.3334,59.88026666666667,19.623533333333334,79.39926666666666,3.13048,0.9810120656658056,-0.19394671180019857,15.0
2022-04-16 17:15:00,1601.0,58.9904,19.661733333333334,79.83093333333333,3.091886666666667,0.9896759156465182,-0.14332334767659352,15.0
2022-04-16 17:30:00,1960.3334,70.89586666666668,19.804866666666666,78.92013333333333,2.4735066666666667,0.9993722930369688,-0.035426260175623774,15.0
2022-04-16 17:45:00,716.0,29.7292,19.85533333333333,78.30826666666667,2.1190866666666666,0.9999500512144125,0.009994752437847174,15.0
2022-04-16 18:00:00,84.0,9.370973333333334,19.834666666666667,77.1234,2.091946666666667,0.989246991772891,0.14625453588961165,15.0
2022-04-16 18:15:00,0.0,4.409719999999999,19.716066666666666,76.48773333333334,2.345313333333333,0.9772266624095743,0.2121981391903419,15.0
2022-04-16 18:30:00,0.0,2.4915599999999998,19.637800000000002,77.44993333333333,1.9945066666666666,0.9977395800475483,0.06719918456753807,15.0
2022-04-16 18:45:00,0.0,0.8084766666666667,19.586533333333332,78.25533333333333,2.7643,0.9922934909000724,0.12390975715151724,15.0
2022-04-16 20:45:00,0.0,0.6615373333333333,19.600466666666666,81.23626666666668,3.98122,0.9735738543675042,-0.2283723934542037,120.0
2022-04-16 22:45:00,0.0,0.6468233333333333,19.733333333333334,79.99766666666666,3.7736066666666668,0.9937850278381987,-0.11131629909690077,120.0
2022-04-17 00:45:00,0.0,0.6615319999999999,19.358999999999998,81.21386666666668,3.6159133333333333,0.984891286964292,-0.1731737649351675,120.0
2022-04-17 02:45:00,0.0,0.6615353333333334,19.026133333333334,82.60893333333334,4.671133333333333,0.9895002427510161,-0.14453120630396846,120.0
2022-04-17 04:45:00,0.0,0.6689026666666666,18.6682,80.4948,5.0236133333333335,0.9767888168465076,-0.21420459211604162,120.0
2022-04-17 06:15:00,0.0,5.681773333333334,18.629666666666665,76.44006666666668,3.8627333333333334,0.9822198165707952,-0.18773447188951067,90.0
2022-04-17 06:30:00,0.0,7.313566666666667,18.625733333333333,73.51060000000001,3.5309733333333333,0.9860004997351278,-0.1667423597112567,15.0
2022-04-17 06:45:00,66.333336,9.761286666666667,18.5564,76.37226666666668,3.77032,0.9834416204807778,-0.1812252165294384,15.0
2022-04-17 07:00:00,217.33333,14.039133333333332,18.5044,78.12206666666665,3.7791066666666664,0.9898416791062111,-0.14217401416643136,15.0
2022-04-17 07:15:00,249.0,18.177666666666667,17.851666666666667,83.097,4.279306666666667,0.9610468439687505,-0.27638553453048903,15.0
2022-04-17 07:30:00,291.0,30.0786,16.855866666666667,88.37393333333333,4.696013333333334,0.9112308219517993,-0.41189609020364387,15.0
2022-04-17 07:45:00,849.0,44.88366666666666,16.592000000000002,90.99780000000001,3.1285533333333335,0.9955797951966435,-0.0939194942288837,15.0
2022-04-17 08:00:00,920.3333,42.5184,16.714066666666668,91.4736,3.013546666666667,0.9925311131415777,-0.12199175974606108,15.0
2022-04-17 08:15:00,1305.3334,44.5558,16.903733333333335,90.75526666666666,3.4087,0.978616819223948,-0.20569181104750509,15.0
2022-04-17 08:30:00,1638.6666,51.78913333333333,17.162733333333332,89.42593333333333,3.5452999999999997,0.9735113729865991,-0.22863859399879716,15.0
2022-04-17 08:45:00,2026.6666,68.25659999999999,17.517999999999997,87.9192,2.952933333333333,0.9851676834844105,-0.17159439215184272,15.0
2022-04-17 09:00:00,3112.0,105.52206666666667,17.8046,85.71846666666667,3.0357600000000002,0.9830946505252223,-0.18309808330152175,15.0
2022-04-17 09:15:00,4906.3335,163.45133333333334,18.366266666666665,82.83713333333334,2.543226666666667,0.9991091833071644,-0.04219999800107803,15.0
2022-04-17 09:30:00,4875.0,151.85399999999998,18.870333333333335,80.8302,2.3613733333333333,0.9986316044252257,-0.052296449622317956,15.0
2022-04-17 09:45:00,4285.3335,144.85133333333334,18.8978,79.77386666666666,3.9969266666666665,0.9637578313985131,-0.2667786393586171,15.0
2022-04-17 10:00:00,5377.6665,181.26000000000002,18.9532,78.9182,3.3710466666666665,0.9814192405477173,-0.19187567402550484,15.0
2022-04-17 10:15:00,6860.3335,216.86533333333333,19.298000000000002,77.17053333333334,3.6291933333333333,0.9778473372732585,-0.2093193373475041,15.0
2022-04-17 10:30:00,9674.667,338.8306666666667,19.841133333333335,75.83713333333334,2.6765133333333333,0.9970469470435637,-0.07679443593847947,15.0
2022-04-17 10:45:00,9301.667,293.02253333333334,20.8972,71.21253333333334,2.5265733333333333,0.9930672260517274,-0.11754779683995573,15.0
2022-04-17 11:00:00,10429.667,390.65,20.706533333333333,71.99086666666668,3.2939133333333332,0.9537921466280698,-0.3004672045841586,15.0
2022-04-17 11:15:00,12580.0,477.74600000000004,21.3564,70.2668,3.9945333333333335,0.8818856096504674,-0.4714634360068908,15.0
2022-04-17 11:30:00,11896.667,417.75866666666667,21.37473333333333,69.856,4.107740000000001,0.9150507365158199,-0.40333875291354726,15.0
2022-04-17 11:45:00,10357.0,346.73466666666667,21.0216,70.2686,3.24404,0.976461180009501,-0.21569321717303225,15.0
2022-04-17 12:00:00,17332.334,581.1006666666667,21.4448,68.95886666666667,3.7285933333333334,0.9168562738534544,-0.39921745089056343,15.0
2022-04-17 12:15:00,17741.666,545.048,21.9318,65.35913333333333,4.045833333333333,0.8646789581459787,-0.5023248942065134,15.0
2022-04-17 12:30:00,14684.0,589.934,22.176333333333332,64.28760000000001,3.9504666666666663,0.8389682891791361,-0.5441803099633736,15.0
2022-04-17 12:45:00,13139.667,477.32933333333335,21.980999999999998,65.13706666666667,3.7180133333333334,0.8918027938617309,-0.45242433274572125,15.0
2022-04-17 13:00:00,9686.333,330.49066666666664,21.377599999999997,67.98233333333333,3.6517133333333334,0.8471342873592305,-0.531378865951939,15.0
2022-04-17 13:15:00,10888.0,370.384,20.9828,69.38346666666666,3.96608,0.9152177309257818,-0.40295968160482654,15.0
2022-04-17 13:30:00,8326.333,282.6706666666667,20.884466666666665,68.44206666666668,3.3722,0.9726587256785291,-0.23223910816531276,15.0
2022-04-17 13:45:00,7268.3335,250.94933333333336,20.91866666666667,69.17233333333334,2.3050333333333333,0.9990636888163813,-0.04326367631864848,15.0
2022-04-17 14:00:00,8015.6665,269.72533333333337,21.193133333333332,69.0208,2.4095266666666664,0.9971851335251157,-0.07497872682632763,15.0
2022-04-17 14:15:00,7122.0,223.16533333333334,20.88273333333333,70.3058,3.1382866666666667,0.9591916755359158,-0.282756661429227,15.0
2022-04-17 14:30:00,5912.6665,194.93466666666666,20.615599999999997,70.14153333333334,2.3169133333333334,0.9934822417633987,-0.11398699619154724,15.0
2022-04-17 14:45:00,4840.0,161.99133333333333,20.6016,69.56186666666666,2.7107266666666665,0.9878872116320593,-0.15517363530521208,15.0
2022-04-17 15:00:00,4231.6665,134.00799999999998,20.133666666666667,73.6464,3.0823866666666664,0.9779733206815335,-0.2087299308559612,15.0
2022-04-17 15:15:00,4379.0,137.82466666666667,19.93,76.14973333333334,2.613893333333333,0.9877603155734648,-0.15597935433322316,15.0
2022-04-17 15:30:00,3417.3333,114.34266666666666,19.846866666666664,76.79593333333334,2.9270066666666663,0.9799483591821784,-0.19925163320825312,15.0
2022-04-17 15:45:00,3370.3333,104.10633333333334,19.721533333333333,76.52866666666667,2.8083733333333334,0.9783553997245836,-0.20693165980523667,15.0
2022-04-17 16:00:00,2354.3333,71.97286666666668,19.6012,77.09306666666666,2.3785066666666665,0.9938914259275944,-0.1103622828126218,15.0
2022-04-17 16:15:00,2888.0,95.5944,19.6332,78.46733333333333,3.0495666666666663,0.9695579916018127,-0.244861799636161,15.0
2022-04-17 16:30:00,2648.6667,86.58013333333334,19.572333333333333,77.80586666666666,3.1531466666666663,0.9674225842024584,-0.2531670270296612,15.0
2022-04-17 16:45:00,2299.3333,59.360533333333336,19.6612,76.8696,2.8946533333333333,0.9784974669613685,-0.2062588353263579,15.0
2022-04-17 17:00:00,1924.0,64.31406666666666,19.615133333333333,77.16726666666666,2.85782,0.966638559731484,-0.2561442851992645,15.0
2022-04-17 17:15:00,1327.6666,46.873133333333335,19.554333333333332,78.60333333333332,2.6364333333333336,0.9880156057483256,-0.15435401775713253,15.0
2022-04-17 17:30:00,1002.3333,36.251999999999995,19.520666666666667,78.94059999999999,3.2828999999999997,0.9833544196408965,-0.18169778582226997,15.0
2022-04-17 17:45:00,640.3333,26.10346666666667,19.466066666666666,78.93333333333334,2.650253333333333,0.9930729693349365,-0.11749926627980425,15.0
2022-04-17 18:00:00,142.66667,10.920613333333334,19.468666666666664,78.65026666666667,2.244866666666667,0.9999360851166699,-0.011306002014327656,15.0
2022-04-17 18:15:00,8.666667,6.0630733333333335,19.373866666666668,79.66460000000001,2.4058533333333334,0.9994044348841902,-0.0345076155915266,15.0
2022-04-17 18:30:00,0.0,3.2926133333333336,19.479066666666665,79.30766666666666,2.0465,0.9968002123636145,0.07993332616533018,15.0
2022-04-17 18:45:00,0.0,1.2127493333333335,19.462,79.47973333333333,2.0615466666666666,0.9846017833026719,0.1748122659231849,15.0
2022-04-17 19:00:00,0.0,0.6761940000000001,19.447066666666668,79.666,1.8858286666666666,0.9941579989874446,0.10793457763515873,15.0
2022-04-17 21:00:00,0.0,0.6615353333333334,19.532666666666668,81.8876,2.086,0.9968202703177478,-0.07968280042551394,120.0
2022-04-17 23:00:00,0.0,0.6615300000000001,19.689866666666667,83.62766666666667,2.417913333333333,0.9991847001718169,-0.04037245276864185,120.0
2022-04-18 01:00:00,0.0,0.66152,19.5548,86.24486666666667,2.4674066666666667,0.9964404785711569,-0.08429930405930916,120.0
2022-04-18 03:00:00,0.0,0.6615293333333334,19.3508,87.0736,2.570533333333333,0.9987148793447936,-0.050681256646953554,120.0
2022-04-18 05:00:00,0.0,0.661536,19.14313333333333,86.15473333333333,2.8253866666666667,0.987155604987227,-0.15976173366079224,120.0
2022-04-18 05:45:00,0.0,0.7056353333333333,19.098333333333336,85.25433333333334,2.1372666666666666,0.9996915437364471,0.024835808459545666,45.0
2022-04-18 06:00:00,0.0,2.6314633333333335,19.105,84.36546666666666,1.9955266666666667,0.9994854708176253,0.03207481292961758,15.0
2022-04-18 06:15:00,121.0,11.635826666666667,19.1348,84.5882,1.8244266666666666,0.9997526980825708,0.022238315507697833,15.0
2022-04-18 06:30:00,228.66667,13.840906666666665,19.222066666666667,83.74613333333333,2.0417313333333333,0.9964564487809451,0.08411031852791813,15.0
2022-04-18 06:45:00,195.0,13.818666666666667,19.2742,84.20013333333333,1.7408133333333333,0.9974966292508425,0.07071403420260523,15.0
2022-04-18 07:00:00,684.0,27.4832,19.273533333333333,83.8804,2.21656,0.9976373515097479,-0.0687001810231661,15.0
2022-04-18 07:15:00,702.6667,30.65086666666667,19.3398,82.78413333333333,2.20702,0.9999328888968073,0.011585236401782674,15.0
2022-04-18 07:30:00,1130.3334,40.132799999999996,19.483533333333334,81.4524,1.5969866666666666,0.9931309524663405,0.11700816746406714,15.0
2022-04-18 07:45:00,815.0,32.2902,19.618666666666666,80.8316,1.7348533333333334,0.9993775581547867,0.035277418507820395,15.0
2022-04-18 08:00:00,757.0,36.47233333333334,19.542266666666666,81.06120000000001,2.021166666666667,0.9964477332928577,-0.08421350732231704,15.0
2022-04-18 08:15:00,1129.6666,47.688599999999994,19.624933333333335,80.7204,1.9195066666666667,0.9999025889814125,0.013957526581329234,15.0
2022-04-18 08:30:00,1243.6666,53.30413333333333,19.801733333333335,79.9582,1.6595733333333333,0.9938141363203457,0.1110561229732315,15.0
2022-04-18 08:45:00,2715.3333,85.46053333333333,20.09013333333333,79.3212,1.7008813333333335,0.7629843197270417,0.6464169922354017,15.0
2022-04-18 09:00:00,2433.6667,92.78733333333334,20.417933333333334,77.27413333333334,2.0888240000000002,0.9819373642559308,0.1892062701871039,15.0
2022-04-18 09:15:00,2179.6667,80.8542,20.373266666666666,76.5952,1.7973066666666666,0.9991457254875485,0.04132576968382283,15.0
2022-04-18 09:30:00,2406.6667,82.1194,20.449266666666666,76.02706666666667,1.8871666666666667,0.9945336865997323,0.10441621626139042,15.0
2022-04-18 09:45:00,2730.3333,95.1978,20.605666666666664,75.30366666666667,1.4233546666666668,0.9530269304289546,0.3028855722499251,15.0
2022-04-18 10:00:00,2614.6667,85.571,20.8538,74.592,1.0688959999999998,0.911627228647513,0.41101799959181223,15.0
2022-04-18 10:15:00,2971.3333,96.44693333333333,21.036800000000003,74.64913333333334,1.1874766666666665,0.7047331127579659,-0.7094725081230902,15.0
2022-04-18 10:30:00,3912.6667,130.70713333333333,21.350866666666665,73.43106666666667,1.3462933333333333,0.0017978045163888276,-0.9999983839481547,15.0
2022-04-18 10:45:00,5122.0,177.76266666666666,21.762666666666668,70.32646666666666,1.9987,0.12398791068696541,-0.9922837285794225,15.0
2022-04-18 11:00:00,6926.0,244.36333333333332,22.350933333333334,68.75386666666667,2.1837933333333335,0.391916463061202,0.9200008075983398,15.0
2022-04-18 11:15:00,11931.333,431.41066666666666,23.366,65.59606666666667,2.0787,0.7243935295545617,0.6893866943446794,15.0
2022-04-18 11:30:00,9730.333,351.34866666666665,25.008733333333332,60.3914,1.9729733333333332,0.6204781509213323,0.7842237335284137,15.0
2022-04-18 11:45:00,8095.6665,257.75466666666665,25.043066666666668,60.55413333333333,1.6869726666666667,0.7765905423388066,0.6300056583475407,15.0
2022-04-18 12:00:00,5729.6665,161.31453333333332,24.481066666666667,62.96726666666667,1.6583560000000002,0.7806893313969309,0.624919329068171,15.0
2022-04-18 12:15:00,4357.0,144.42293333333333,23.6832,65.19273333333334,1.6554473333333335,0.5645479590502482,0.8254002677078554,15.0
2022-04-18 12:30:00,5614.3335,188.78733333333332,23.0662,68.4132,1.4776319999999998,0.9427460802560051,0.33351136136860166,15.0
2022-04-18 12:45:00,4774.0,126.63206666666666,23.1068,67.30113333333334,1.6689666666666665,0.6725146762896613,0.7400837859154948,15.0
2022-04-18 13:00:00,3349.3333,114.52466666666666,23.012733333333337,67.55613333333334,1.2479386666666665,0.35761113612376355,0.9338705881010875,15.0
2022-04-18 13:15:00,5031.3335,156.0944,22.7174,69.68813333333334,1.2680793333333333,0.4117062937993631,0.9113165902396337,15.0
2022-04-18 13:30:00,3537.0,120.07333333333332,23.1348,66.69173333333333,1.441088,0.9977916331094644,0.0664218103995062,15.0
2022-04-18 13:45:00,2997.3333,104.46793333333333,22.93326666666667,66.2996,1.4962466666666667,0.03027125239048852,-0.9995417206293649,15.0
2022-04-18 14:00:00,2400.3333,80.74486666666667,22.680600000000002,67.30073333333333,1.2421753333333332,0.16634745819196398,-0.9860672001202924,15.0
2022-04-18 14:15:00,2468.0,91.3284,22.48593333333333,68.54853333333334,1.1629273333333332,0.4848568697823392,0.8745935146254354,15.0
2022-04-18 14:30:00,2939.0,108.66226666666667,22.371733333333335,68.48366666666668,1.4368213333333333,0.16434206794383557,-0.986403408704544,15.0
2022-04-18 14:45:00,2465.0,85.42293333333333,22.39806666666667,68.96286666666667,1.7332133333333333,-0.8512474874982647,-0.5247644376554985,15.0
2022-04-18 15:00:00,2489.6667,85.2642,22.300333333333334,69.7706,2.0072666666666668,-0.9776898961855143,0.2100534858000657,15.0
2022-04-18 15:15:00,1824.3334,64.8066,22.157333333333334,71.17360000000001,1.2298386666666665,0.5350342373176602,-0.8448303764057669,15.0
2022-04-18 15:30:00,1184.0,44.83253333333334,22.0016,72.6026,1.3849693333333333,-0.7692668254888405,-0.6389276572526202,15.0
2022-04-18 15:45:00,1196.3334,37.81482666666667,21.599266666666665,73.3144,1.5882273333333332,-0.5529479693672055,-0.8332157842796091,15.0
2022-04-18 16:00:00,1142.0,42.48153333333333,21.368466666666666,74.3462,2.39248,-0.590905496408789,0.80674078508148,15.0
2022-04-18 16:15:00,810.0,29.893733333333333,21.133,74.47293333333333,2.8599466666666666,-0.1890725917218182,0.9819631128813315,15.0
2022-04-18 16:30:00,585.6667,25.830266666666667,20.910933333333332,75.37013333333333,3.05068,-0.30108307398426565,0.9535979145112395,15.0
2022-04-18 16:45:00,497.66666,19.12867333333333,20.603599999999997,76.64113333333333,3.57768,-0.21520123073150565,0.9765697262825862,15.0
2022-04-18 17:00:00,618.3333,27.962600000000002,20.46033333333333,77.86526666666667,3.18042,-0.9774841188725015,0.21100899827270214,15.0
2022-04-18 17:15:00,690.3333,26.60414666666667,20.459066666666665,77.9686,2.5608346666666666,-0.9626040394753018,0.2709122795035907,15.0
2022-04-18 17:30:00,350.0,18.416999999999998,20.383933333333335,77.71346666666666,2.48204,-0.983894271775304,0.1787513971071118,15.0
2022-04-18 17:45:00,146.66667,11.008999999999999,20.175,78.40873333333334,3.09132,-0.8256474386906034,0.5641864115552999,15.0
2022-04-18 18:00:00,21.333334,6.893479999999999,19.8974,78.52573333333333,3.0784466666666663,-0.14912116103272724,0.9888189315199479,15.0
2022-04-18 18:15:00,0.0,4.269933333333333,19.706733333333332,78.9336,3.4882666666666666,-0.5417103326357429,-0.8405652357287166,15.0
2022-04-18 18:30:00,0.0,2.1974,19.5682,79.25193333333333,3.6409333333333334,-0.5333744848788105,0.84587922239541,15.0
2022-04-18 18:45:00,0.0,1.0215593333333333,19.3612,79.765,4.211486666666667,-0.985226146286936,0.17125840321745647,15.0
2022-04-18 20:45:00,0.0,0.661536,18.8948,80.64613333333334,3.478493333333333,-0.10828853792576316,0.9941195061731263,120.0
2022-04-18 22:45:00,0.0,0.6615353333333334,19.5638,76.80513333333333,2.7584733333333333,-0.9866144746998273,-0.16307016377248096,120.0
2022-04-19 00:45:00,0.0,0.6615386666666667,19.0342,79.4202,2.5065999999999997,-0.795363331172315,0.606132965137583,120.0
2022-04-19 02:45:00,0.0,0.676246,18.15713333333333,85.80753333333334,3.0234733333333335,-0.9860986234279908,0.1661610811033123,120.0
2022-04-19 04:45:00,0.0,0.7424339999999999,17.7404,88.56826666666666,3.385353333333333,-0.9868209805754694,-0.16181579742432112,120.0
2022-04-19 06:30:00,0.0,4.9251,17.659266666666667,89.30479999999999,2.33938,-0.5339660606624828,-0.845505911310258,105.0
2022-04-19 06:45:00,0.0,6.490866666666666,17.769533333333335,89.0498,1.6579533333333332,-0.8154835266821163,0.5787802844863481,15.0
2022-04-19 07:00:00,24.666666,7.703753333333333,17.865000000000002,88.65946666666667,2.07526,-0.8555615390279201,-0.5177011231745366,15.0
2022-04-19 07:15:00,85.333336,10.269233333333334,17.926,88.16153333333334,1.972578,-0.249179761225484,-0.9684572507837457,15.0
2022-04-19 07:30:00,198.33333,13.723666666666666,17.837466666666668,87.5968,2.46516,-0.9881918618776826,-0.15322155239625768,15.0
2022-04-19 07:45:00,392.33334,20.0012,17.84466666666667,87.40813333333334,2.2194066666666665,-0.5669588469066439,-0.8237461173895078,15.0
2022-04-19 08:00:00,430.0,18.85484,17.9402,87.0266,2.6851399999999996,-0.9731086779397962,0.23034648015166642,15.0
2022-04-19 08:15:00,261.0,14.65,17.933733333333336,87.02806666666667,3.1094533333333336,-0.8298689011121787,0.5579584276331572,15.0
2022-04-19 08:30:00,364.66666,18.553066666666666,17.93593333333333,88.66900000000001,2.7692133333333335,-0.8680274558548674,0.4965161990128079,15.0
2022-04-19 08:45:00,1245.6666,47.56726666666667,17.94546666666667,90.55513333333333,2.2967533333333336,-0.17353243154798717,-0.9848281551626371,15.0
2022-04-19 09:00:00,1003.3333,39.78933333333334,17.961066666666667,91.11993333333334,2.5642666666666667,-0.9696718788812856,0.24441040752561558,15.0
2022-04-19 09:15:00,1095.3334,42.9288,17.951666666666664,90.96866666666666,2.3430933333333335,-0.9789369300923917,-0.20416289305670582,15.0
2022-04-19 09:30:00,1468.3334,57.923,17.9344,92.65079999999999,2.271246666666667,0.2394346721298803,-0.9709124768907117,15.0
2022-04-19 09:45:00,1875.3334,74.02773333333333,17.925333333333334,93.83846666666666,2.352793333333333,0.556384073510763,-0.8309252449790955,15.0
2022-04-19 10:00:00,2443.6667,85.4654,18.008933333333335,94.44653333333332,2.2827333333333333,-0.5836073620152173,-0.8120359887354988,15.0
2022-04-19 10:15:00,2151.6667,81.88560000000001,18.081933333333332,94.03893333333333,2.4829066666666666,-0.516703727839823,-0.8561642702404896,15.0
2022-04-19 10:30:00,1769.0,70.14546666666666,18.183933333333336,93.3252,2.2793066666666664,0.14671104623691075,-0.9891793916737606,15.0
2022-04-19 10:45:00,1885.3334,73.80199999999999,18.1192,92.05613333333334,2.8023000000000002,-0.8335383188567076,-0.5524616466303645,15.0
2022-04-19 11:00:00,2178.0,76.225,18.228666666666665,92.29606666666668,2.052773333333333,0.3770380569488725,0.9261977670088709,15.0
2022-04-19 11:15:00,2205.0,72.64733333333334,18.277800000000003,91.98966666666666,2.093906666666667,0.8520860884209777,-0.5234016602184577,15.0
2022-04-19 11:30:00,2432.6667,80.40946666666667,18.151866666666667,91.54266666666668,2.47366,-0.8670568468430966,-0.49820921744033086,15.0
2022-04-19 11:45:00,2018.6666,58.79066666666667,18.00293333333333,90.99186666666667,2.58186,0.5698579389607792,-0.8217432259552694,15.0
2022-04-19 12:00:00,1689.0,63.79613333333334,17.8232,92.00146666666666,3.009306666666667,0.19463302379462347,-0.980876131857923,15.0
2022-04-19 12:15:00,1524.6666,58.48166666666667,17.411800000000003,94.31559999999999,3.1640333333333333,-0.9874639774662969,-0.15784452225668374,15.0
2022-04-19 12:30:00,1263.3334,52.8874,17.133933333333335,95.51686666666666,3.3471933333333337,-0.5082489988715343,0.8612101689750784,15.0
2022-04-19 12:45:00,1472.0,47.11873333333333,16.8984,96.02666666666667,2.84314,-0.9746127323739873,0.22389734677863116,15.0
2022-04-19 13:00:00,2015.3334,63.2618,16.898466666666668,96.44160000000001,3.6193400000000002,-0.4916578661531419,0.8707884603333574,15.0
2022-04-19 13:15:00,2302.0,65.72506666666666,16.877599999999997,96.83633333333334,3.561513333333333,-0.9773403099649216,0.21167408560726308,15.0
2022-04-19 13:30:00,2815.0,76.75413333333333,16.959533333333333,97.22106666666667,3.09546,-0.516486501430581,0.8562953309694025,15.0
2022-04-19 13:45:00,2641.6667,66.92373333333333,17.118333333333332,97.43939999999999,2.9801133333333336,-0.7998763192320787,0.6001648722907246,15.0
2022-04-19 14:00:00,2967.0,50.6336,17.133266666666668,97.30680000000001,3.152686666666667,-0.5323287323036371,0.8465377255409252,15.0
2022-04-19 14:15:00,3732.6667,116.06533333333333,17.335866666666668,97.21733333333333,3.3102266666666664,-0.9684142101679908,0.24934698222498403,15.0
2022-04-19 14:30:00,3414.3333,113.52199999999999,17.3902,96.7508,2.874573333333333,-0.5479681169072839,-0.836499218680499,15.0
2022-04-19 14:45:00,4649.6665,174.66,17.691266666666667,96.276,2.6562333333333332,-0.5305682909187691,-0.8476421937772661,15.0
2022-04-19 15:00:00,3854.6667,151.88533333333334,18.126666666666665,93.76246666666665,2.6061666666666667,-0.859354649361021,-0.5113800803918712,15.0
2022-04-19 15:15:00,3314.6667,115.01766666666667,18.2704,90.9792,3.0054333333333334,-0.8297353340014937,-0.5581570348113779,15.0
2022-04-19 15:30:00,2776.6667,101.116,18.264400000000002,90.25399999999999,3.5425866666666668,-0.8092667227938332,0.5874413769718041,15.0
2022-04-19 15:45:00,3326.0,105.06793333333333,18.233866666666664,89.89633333333333,2.63746,-0.8519447681043626,-0.5236316568921362,15.0
2022-04-19 16:00:00,4237.3335,142.18066666666667,18.385066666666667,88.92086666666667,3.0628333333333333,-0.9736197994717257,0.22817643628700265,15.0
2022-04-19 16:15:00,7372.6665,220.94866666666667,18.8358,88.625,2.8271666666666664,0.14221029366331306,-0.9898364674915722,15.0
2022-04-19 16:30:00,5624.6665,191.9,19.219800000000003,85.87899999999999,3.0404533333333332,-0.9809822208500463,0.19409761043379956,15.0
2022-04-19 16:45:00,4846.0,164.844,19.382133333333336,83.79006666666668,3.1047066666666665,-0.969567877176086,0.2448226532579417,15.0
2022-04-19 17:00:00,2723.0,104.38239999999999,19.456666666666663,82.87573333333333,1.9758466666666665,0.9931492926212082,0.11685239649230061,15.0
2022-04-19 17:15:00,1794.0,64.00346666666667,19.271133333333335,83.22306666666667,2.0444133333333334,0.15840507755176045,-0.9873742104216723,15.0
2022-04-19 17:30:00,884.6667,34.153533333333336,19.090866666666667,84.45853333333334,1.9555866666666666,0.9902236643859654,0.13948868946990278,15.0
2022-04-19 17:45:00,473.33334,20.04918,18.7636,86.16126666666668,1.9585599999999999,0.8833879222490005,0.46864248508281214,15.0
2022-04-19 18:00:00,109.333336,5.666638000000001,18.543,86.736,1.534386,0.9673423528539562,0.2534734155192062,15.0
2022-04-19 18:15:00,4.3333335,4.755439999999999,18.3702,87.7464,1.8254666666666668,-0.5893050320822557,-0.8079106257269622,15.0
2022-04-19 18:30:00,0.0,1.7493733333333334,18.193533333333335,89.1168,2.055143333333333,-0.9836378053440082,0.1801573420597201,15.0
2022-04-19 18:45:00,0.0,0.8011820000000001,18.093666666666667,89.7064,1.7701686666666667,-0.809495742673876,-0.5871257468318605,15.0
2022-04-19 19:00:00,0.0,0.7129713333333333,18.02153333333333,89.70553333333334,1.9766066666666666,-0.8849991226562073,0.4655926899101223,15.0
2022-04-19 21:00:00,0.0,1.0879653333333332,17.47666666666667,90.76913333333333,1.8910466666666668,-0.9952004217407197,0.0978576546167633,120.0
2022-04-19 23:00:00,0.0,0.9115246666666666,17.5258,87.68093333333333,3.1234800000000003,-0.4784863030134252,0.878095016401155,120.0
2022-04-20 01:00:00,0.0,1.014408,18.223333333333336,84.5078,2.3405600000000004,-0.9716630672788142,0.2363702258879628,120.0
2022-04-20 03:00:00,0.0,0.9482406666666667,17.975933333333334,89.16460000000001,1.8855466666666667,-0.981915238925945,-0.18932105948627162,120.0
2022-04-20 05:00:00,0.0,0.9335273333333334,18.046866666666666,89.06686666666666,2.499886666666667,-0.46142626293311695,0.8871785636925511,120.0
2022-04-20 06:15:00,0.0,4.204526666666667,17.9524,90.18333333333334,2.08958,0.33296382496598015,0.9429396010689254,75.0
2022-04-20 06:30:00,0.6666667,6.64504,17.939,90.30760000000001,2.1122266666666665,0.274279874651043,0.9616499104983103,15.0
2022-04-20 06:45:00,68.666664,9.350086666666668,17.959733333333336,90.64746666666666,1.394588,0.6460955612333752,0.7632565268338882,15.0
2022-04-20 07:00:00,143.0,12.180066666666667,17.969266666666666,90.9412,1.2728113333333333,0.7813825291159435,0.6240523561307749,15.0
2022-04-20 07:15:00,184.33333,13.789866666666667,17.975133333333336,90.98666666666666,1.62174,0.43773644956039015,0.8991033315065983,15.0
2022-04-20 07:30:00,467.33334,13.172533333333332,18.0424,90.8308,2.1918266666666666,0.3625220809408514,0.9319751825184589,15.0
2022-04-20 07:45:00,847.0,32.165600000000005,18.1438,91.3578,1.7171200000000002,0.4726286966991786,0.8812616609477777,15.0
2022-04-20 08:00:00,859.0,36.156666666666666,18.26813333333333,91.27046666666666,2.3369733333333333,0.9631809006405189,-0.2688541475248597,15.0
2022-04-20 08:15:00,893.0,37.6994,18.4074,91.34066666666668,2.03234,0.738961841549633,0.6737472795741554,15.0
2022-04-20 08:30:00,1110.3334,46.07106666666667,18.48706666666667,91.96666666666667,1.30471,0.7548071292022511,0.6559467948739869,15.0
2022-04-20 08:45:00,1357.3334,45.159800000000004,18.529666666666667,92.0972,1.6370733333333334,0.4169270909451075,0.9089399324686148,15.0
2022-04-20 09:00:00,1078.3334,46.35086666666667,18.59306666666667,91.99579999999999,2.0746733333333336,0.5128515886365121,-0.8584772845177708,15.0
2022-04-20 09:15:00,1703.0,58.6326,18.514799999999997,92.58066666666667,2.365753333333333,-0.9793608989090649,-0.2021193451602998,15.0
2022-04-20 09:30:00,1943.3334,76.35386666666666,18.633866666666666,92.65286666666667,2.1913733333333334,-0.21033219912979875,-0.977629973972373,15.0
2022-04-20 09:45:00,3007.3333,118.06093333333334,19.064133333333334,90.85766666666667,1.9151933333333333,-0.8852861315648951,-0.4650467344889794,15.0
2022-04-20 10:00:00,5427.0,229.546,19.740599999999997,86.62626666666667,1.9127933333333333,0.6098079805014,0.7925491952660126,15.0
2022-04-20 10:15:00,13163.333,470.46733333333333,21.5172,78.9366,1.81518,0.9062035108649468,0.42284181072363736,15.0
2022-04-20 10:30:00,14553.667,486.25533333333334,23.594666666666665,70.0882,1.8985666666666667,0.435084643544402,0.9003895562209951,15.0
2022-04-20 10:45:00,13820.667,494.33799999999997,24.765066666666666,64.85513333333333,1.5811166666666667,0.6692896072116641,0.7430016296607003,15.0
2022-04-20 11:00:00,13842.667,396.70799999999997,24.297866666666668,67.08893333333333,1.2875013333333334,0.9873327062330383,0.1586635660841678,15.0
2022-04-20 11:15:00,17206.666,601.0966666666667,22.389133333333334,73.5072,1.8678,0.9325130195880528,-0.3611363569329068,15.0
2022-04-20 11:30:00,22693.334,643.4753333333333,22.838,73.09259999999999,1.4966760000000001,0.9333191493605862,-0.359047859535232,15.0
2022-04-20 11:45:00,18208.0,769.4106666666667,23.6554,67.85340000000001,1.6217906666666666,0.9681269526186264,-0.2504599840560805,15.0
2022-04-20 12:00:00,15846.667,617.0373333333333,23.1182,69.24013333333333,1.9115466666666667,0.8789342332547693,-0.4769429878013207,15.0
2022-04-20 12:15:00,20894.666,606.3823333333333,23.809466666666665,66.53960000000001,1.9894333333333334,0.883565732308017,-0.4683071606232362,15.0
2022-04-20 12:30:00,19076.666,714.8033333333333,23.6736,66.6206,3.188346666666667,0.7562799309781558,-0.654248168510754,15.0
2022-04-20 12:45:00,14576.667,538.3433333333334,23.342666666666666,67.3468,3.13456,0.7730879533543976,-0.6342988383863782,15.0
2022-04-20 13:00:00,14500.0,602.3593333333333,23.399333333333335,68.41206666666668,3.4036133333333334,0.7584453378045537,-0.6517366566049024,15.0
2022-04-20 13:15:00,17961.666,563.0713333333333,23.655666666666665,65.84733333333334,3.486746666666667,0.7735010917289709,-0.6337949677096609,15.0
2022-04-20 13:30:00,15735.667,514.694,23.776999999999997,63.702533333333335,3.3231733333333335,0.7244606650565392,-0.6893161428443678,15.0
2022-04-20 13:45:00,18402.0,644.2639999999999,23.489466666666665,62.58526666666667,3.61086,0.7225972584045443,-0.6912692689149694,15.0
2022-04-20 14:00:00,16537.0,616.1293333333334,23.756933333333333,62.32899999999999,3.5898666666666665,0.7448164213094368,-0.6672694347471668,15.0
2022-04-20 14:15:00,15101.667,462.622,23.287,64.48033333333333,3.483773333333333,0.7350566124595622,-0.678005734842614,15.0
2022-04-20 14:30:00,8264.333,281.4306666666667,22.5426,67.0622,3.1148733333333336,0.7312664061052596,-0.6820919610301074,15.0
2022-04-20 14:45:00,9379.333,322.108,22.4734,68.49326666666667,3.52416,0.7023849901057738,-0.711797250397971,15.0
2022-04-20 15:00:00,13354.667,383.92199999999997,22.630533333333332,68.48046666666666,2.9571066666666668,0.7271819783977709,-0.6864447321478284,15.0
2022-04-20 15:15:00,13386.333,530.4153333333334,22.8696,67.37053333333333,2.8680066666666666,0.7711210666939474,-0.636688542774871,15.0
2022-04-20 15:30:00,8906.667,378.24,22.422933333333333,68.5424,2.484366666666667,0.7651686702431694,-0.6438298735522451,15.0
2022-04-20 15:45:00,7742.6665,312.46933333333334,22.0894,70.29066666666668,2.76766,0.7207527836081407,-0.6931921991202128,15.0
2022-04-20 16:00:00,7435.6665,230.4586666666667,21.823666666666668,72.0948,2.4808133333333333,0.7398268350880196,-0.6727973350747194,15.0
2022-04-20 16:15:00,5918.0,187.26086666666666,21.688333333333333,72.7898,2.3337999999999997,0.7169511658588015,-0.6971233935062754,15.0
2022-04-20 16:30:00,6618.3335,198.5384,21.4778,73.36893333333335,1.97936,0.7487860776968076,-0.6628117454054585,15.0
2022-04-20 16:45:00,5559.0,183.61733333333333,21.150066666666664,74.25646666666667,2.1145066666666668,0.8209100771612207,-0.5710574797821659,15.0
2022-04-20 17:00:00,5835.3335,145.12213333333332,21.150533333333332,74.4216,2.1045133333333337,0.7793889984112612,-0.626540333223242,15.0
2022-04-20 17:15:00,1961.3334,70.7764,20.970666666666666,73.76586666666667,2.411086666666667,0.8157541609222173,-0.578398780201073,15.0
2022-04-20 17:30:00,1581.0,50.60333333333333,20.532933333333336,74.05846666666666,2.1246933333333335,0.8356348395205002,-0.5492853675272515,15.0
2022-04-20 17:45:00,738.0,30.229666666666667,20.360133333333334,75.44293333333333,1.3243,0.9579771641312773,-0.2868444752875604,15.0
2022-04-20 18:00:00,395.33334,20.744066666666665,20.349933333333333,76.5704,1.3286373333333332,0.9117883258297366,-0.4106605031904166,15.0
2022-04-20 18:15:00,58.333332,8.1052,20.28853333333333,77.54786666666668,0.8985806666666666,0.9191284635318586,-0.3939579514688908,15.0
2022-04-20 18:30:00,0.0,2.1090066666666667,20.185266666666667,78.84706666666666,1.3045386666666665,0.8681786056750248,-0.49625186009542555,15.0
2022-04-20 18:45:00,0.0,1.35954,20.1274,79.89293333333333,2.0168733333333333,0.6964557231362716,-0.7175997670782321,15.0
2022-04-20 19:00:00,0.0,1.3007933333333335,20.131266666666665,80.7708,1.85264,0.7401946570067284,-0.6723926455120488,15.0
2022-04-20 21:00:00,0.0,1.0582786666666666,20.26446666666667,80.20413333333333,0.963404,0.3697127025381072,-0.9291461228364294,120.0
2022-04-20 23:00:00,0.0,0.6835886666666667,19.573533333333334,84.0322,2.2736333333333336,-0.8015074990641725,0.5979847230020977,120.0
2022-04-21 01:00:00,0.0,0.852608,20.09606666666667,82.916,0.9951613333333333,0.998606296793853,0.052777495238662014,120.0
2022-04-21 03:00:00,0.0,0.801126,19.6564,87.51106666666666,0.8408926666666666,0.999813055655053,-0.01933529781787842,120.0
2022-04-21 05:00:00,0.0,0.8820433333333334,19.783733333333334,88.02066666666666,1.5402013333333333,0.8617157871403096,0.5073912713017011,120.0
2022-04-21 05:45:00,0.0,1.6831866666666666,19.802599999999998,87.95946666666667,1.93488,0.5759694546334517,-0.8174712149851174,45.0
2022-04-21 06:00:00,0.0,5.15976,19.704,88.25466666666667,1.1160313333333332,0.9288871418685115,0.37036289996616534,15.0
2022-04-21 06:15:00,284.66666,17.772299999999998,19.631733333333333,88.7338,0.6733753333333333,0.9571461292272714,0.2896053993026572,15.0
2022-04-21 06:30:00,664.3333,17.845866666666666,19.667466666666666,89.83606666666667,0.5924433333333333,0.99957281133504,0.029226611842030455,15.0
2022-04-21 06:45:00,965.0,30.37822,19.8824,90.1006,0.7663793333333333,0.9821029805667671,0.18834472533594374,15.0
2022-04-21 07:00:00,1950.0,85.23913333333333,20.1296,89.1786,1.029884,0.9692927441653041,-0.2459096909609183,15.0
2022-04-21 07:15:00,2747.3333,74.42699999999999,20.38086666666667,88.49033333333334,1.2693966666666665,0.717332294385016,-0.6967312103188207,15.0
2022-04-21 07:30:00,1410.0,52.32886666666666,20.414466666666666,88.97913333333332,1.2854946666666665,0.8176208231524884,-0.5757570577487064,15.0
2022-04-21 07:45:00,1223.3334,42.852533333333334,20.235333333333337,89.64233333333333,0.6511653333333334,0.985030604066904,-0.17237954940070538,15.0
2022-04-21 08:00:00,2770.3333,75.11486666666666,20.324933333333334,90.67286666666668,1.076232,0.9945186110189741,0.10455970704286892,15.0
2022-04-21 08:15:00,4010.3333,56.31626666666667,20.528000000000002,89.6238,1.1073793333333335,0.9975395583112334,-0.07010584572080582,15.0
2022-04-21 08:30:00,4006.0,107.53960000000001,20.787333333333333,88.21746666666667,1.2764553333333335,0.9243960944318733,-0.3814339531283223,15.0
2022-04-21 08:45:00,5788.6665,198.42933333333335,20.953533333333333,88.14346666666667,1.6179933333333334,0.8554426081081496,-0.5178976194511099,15.0
2022-04-21 09:00:00,5861.0,213.9586666666667,21.365000000000002,86.86533333333334,1.4006753333333333,0.8894791241033432,-0.45697580656348696,15.0
2022-04-21 09:15:00,8166.3335,302.99600000000004,21.73753333333333,85.17246666666666,1.5590446666666666,0.8512345427069262,-0.5247854354900965,15.0
2022-04-21 09:30:00,9131.0,382.1766666666666,22.5668,81.70613333333334,1.8490199999999999,0.8346492497966483,-0.5507818350435063,15.0
2022-04-21 09:45:00,9284.0,345.28799999999995,22.4898,82.07833333333333,1.8554133333333334,0.8199854106889325,-0.5723844217458253,15.0
2022-04-21 10:00:00,13622.667,409.916,22.677,81.65786666666666,2.373953333333333,0.838156885343463,-0.5454292213948067,15.0
2022-04-21 10:15:00,12276.667,455.436,23.384933333333333,78.54780000000001,2.328326666666667,0.7979627781201164,-0.6027067319474918,15.0
2022-04-21 10:30:00,16936.0,542.5086666666667,23.661600000000004,77.74753333333334,2.5220333333333333,0.8349951514540661,-0.550257300767742,15.0
2022-04-21 10:45:00,15439.667,506.0493333333333,24.014666666666667,76.89573333333333,3.0010266666666667,0.7996567127947684,-0.6004574436896135,15.0
2022-04-21 11:00:00,13227.333,580.2433333333333,24.1386,76.53806666666667,3.1090933333333335,0.7687674247627897,-0.6395284564611557,15.0
2022-04-21 11:15:00,18413.0,545.4613333333333,24.5732,74.57860000000001,2.9143866666666667,0.8007592499057072,-0.5989863301365476,15.0
2022-04-21 11:30:00,16144.0,488.00466666666665,24.001733333333334,76.901,2.9180800000000002,0.8122396634467033,-0.5833238629817797,15.0
2022-04-21 11:45:00,14452.667,550.0300000000001,24.06706666666667,76.65413333333332,2.7714733333333332,0.7801975523294716,-0.6255331960328735,15.0
2022-04-21 12:00:00,19529.0,725.0246666666667,23.897,77.20546666666665,2.8693666666666666,0.8506826870803649,-0.5256795277559608,15.0
2022-04-21 12:15:00,20946.666,769.5806666666666,24.55026666666667,74.99140000000001,3.405686666666667,0.7690054915158163,-0.6392421716521195,15.0
2022-04-21 12:30:00,20673.666,755.41,24.784200000000002,73.816,2.9456333333333333,0.7553580664449709,-0.655312285446042,15.0
2022-04-21 12:45:00,21026.334,755.4993333333333,25.109066666666664,72.3788,2.8181,0.7972750039926344,-0.6036162423332766,15.0
2022-04-21 13:00:00,12558.667,536.2986666666667,24.66353333333333,73.55133333333333,3.405553333333333,0.8082434666166072,-0.588848451362122,15.0
2022-04-21 13:15:00,18342.0,604.922,24.547266666666665,74.05113333333334,3.3431333333333333,0.7782723744109392,-0.6279268358883532,15.0
2022-04-21 13:30:00,19069.0,631.5733333333334,24.923466666666666,73.31513333333334,3.3222666666666667,0.7562875434500717,-0.6542393687498911,15.0
2022-04-21 13:45:00,13385.333,727.438,24.828933333333335,73.52593333333333,3.608166666666667,0.7713580758791714,-0.6364013818149536,15.0
2022-04-21 14:00:00,18162.334,635.322,24.883266666666668,74.04526666666668,3.2731066666666666,0.7907323126460429,-0.6121620779968656,15.0
2022-04-21 14:15:00,17102.666,597.3746666666666,24.738533333333333,75.29486666666666,3.414146666666667,0.7544270673346446,-0.6563838816369941,15.0
2022-04-21 14:30:00,17109.666,570.3293333333334,24.709400000000002,74.8916,3.25364,0.7705132427757893,-0.6374239897486897,15.0
2022-04-21 14:45:00,16116.667,547.0346666666667,24.3518,76.6222,2.9196666666666666,0.7602926039513209,-0.649580754315366,15.0
2022-04-21 15:00:00,15268.667,523.064,24.066466666666667,76.9258,2.8293000000000004,0.7550453594118794,-0.655672559461341,15.0
2022-04-21 15:15:00,14560.333,491.05533333333335,24.06226666666667,77.30266666666667,3.1030733333333336,0.7181748798915482,-0.6958626602230934,15.0
2022-04-21 15:30:00,13298.0,454.74133333333333,23.705199999999998,78.9376,2.6904,0.785892869387531,-0.6183626750102509,15.0
2022-04-21 15:45:00,12056.667,402.25533333333334,23.75453333333333,78.60406666666667,2.771166666666667,0.767769363038135,-0.6407263106662754,15.0
2022-04-21 16:00:00,10510.667,353.22333333333336,23.556466666666665,79.64926666666666,2.77666,0.7049478778324638,-0.7092591131169945,15.0
2022-04-21 16:15:00,9464.333,314.718,23.176533333333335,82.01073333333333,2.20442,0.832534697580155,-0.5539729030603571,15.0
2022-04-21 16:30:00,8209.333,275.27000000000004,22.651400000000002,84.52426666666666,1.8356733333333333,0.7794181580783368,-0.6265040581335231,15.0
2022-04-21 16:45:00,6692.0,176.86326666666668,22.1696,87.06819999999999,2.31154,0.7871647126370656,-0.6167428274240456,15.0
2022-04-21 17:00:00,5075.3335,96.15386666666667,21.986800000000002,88.44519999999999,2.2893600000000003,0.8025607173177906,-0.5965704443050741,15.0
2022-04-21 17:15:00,2913.3333,72.34179999999999,21.828,89.16093333333333,2.597566666666667,0.8198455263132516,-0.5725847648900095,15.0
2022-04-21 17:30:00,1905.6666,45.170433333333335,21.624866666666666,90.4056,2.353153333333333,0.8152558404156907,-0.5791009537793095,15.0
2022-04-21 17:45:00,802.3333,24.422586666666668,21.505733333333335,91.1634,2.85988,0.8172052577055122,-0.576346741795655,15.0
2022-04-21 18:00:00,527.0,23.07982666666667,21.2928,91.93793333333333,2.538946666666667,0.7807576766329692,-0.6248339382417442,15.0
2022-04-21 18:15:00,165.33333,14.108593333333333,21.21193333333333,91.78713333333333,2.0117333333333334,0.7664930068093498,-0.6422526531765844,15.0
2022-04-21 18:30:00,11.0,7.15004,21.079400000000003,91.61266666666667,1.84992,0.6529624664688768,-0.757390267552258,15.0
2022-04-21 18:45:00,0.0,2.549993333333333,20.971333333333334,91.9678,1.2681733333333334,0.49259571029128,-0.8702582755726195,15.0
2022-04-21 19:00:00,0.0,1.4109933333333333,20.943266666666666,92.43313333333334,0.7248406666666667,0.9860408256755586,0.1665037239855695,15.0
2022-04-21 19:15:00,0.0,1.3302399999999999,20.919866666666667,92.73106666666666,0.845564,0.941001315991142,-0.33840290084888286,15.0
2022-04-21 21:15:00,0.0,1.39634,21.469533333333334,93.74633333333333,0.916786,0.7896426951798814,-0.6135669596295525,120.0
2022-04-21 23:15:00,0.0,1.6462333333333334,21.733933333333333,94.2602,0.8765533333333334,0.9993875740967376,-0.03499252407354714,120.0
2022-04-22 01:15:00,0.0,1.6168266666666669,21.627533333333336,95.43466666666667,1.271614,0.8692275539829989,-0.49441223629349296,120.0
2022-04-22 03:15:00,0.0,1.6608866666666666,21.725199999999997,94.67466666666665,0.530222,0.6769273573042515,-0.7360498304687545,120.0
2022-04-22 05:15:00,0.0,1.6388466666666666,21.781066666666668,94.74393333333335,0.5913213333333334,0.9191357976268378,-0.393940840128155,120.0
2022-04-22 05:45:00,0.0,2.4326466666666664,21.581933333333332,96.12153333333335,1.8150873333333333,0.5768695975628528,-0.8168362549542425,30.0
2022-04-22 06:00:00,0.0,5.967853333333333,21.5484,96.52546666666667,1.5893173333333335,0.8158147262278579,-0.5783133514538336,15.0
2022-04-22 06:15:00,28.333334,7.320139999999999,21.503066666666665,96.8086,1.1053126666666666,0.7638410882206134,-0.6454043631289993,15.0
2022-04-22 06:30:00,87.0,12.442313333333335,21.515,97.1506,1.2586373333333332,0.8077155719591191,-0.5895723490927581,15.0
2022-04-22 06:45:00,191.33333,19.2328,21.491066666666665,97.49766666666666,1.1170693333333332,0.9945217737432104,-0.10452962044635315,15.0
2022-04-22 07:00:00,584.3333,30.029533333333333,21.524533333333334,97.6738,0.8570273333333333,0.9624157468607931,-0.27158043043338326,15.0
2022-04-22 07:15:00,998.3333,51.29226666666667,21.508266666666668,97.85040000000001,1.0059093333333333,0.9229013875498251,-0.3850363993944048,15.0
2022-04-22 07:30:00,1670.0,46.43320000000001,21.541733333333333,97.92486666666667,0.5360353333333333,0.8871381321815309,-0.4615039917806395,15.0
2022-04-22 07:45:00,1853.3334,37.11493333333333,21.7586,97.96053333333333,0.591168,0.9679001209938076,-0.25133514632890613,15.0
2022-04-22 08:00:00,1260.0,44.27973333333333,21.67053333333333,97.82873333333333,1.2261686666666667,0.7512026945039398,-0.6600715959424556,15.0
2022-04-22 08:15:00,1004.3333,30.447799999999997,21.669800000000002,98.05826666666667,1.5703933333333333,0.6858437565712019,-0.7277488176371721,15.0
2022-04-22 08:30:00,1266.3334,45.4932,21.619133333333334,98.09833333333333,1.7274733333333332,0.7843579273801847,-0.6203085053067231,15.0
2022-04-22 08:45:00,2459.0,48.57973333333334,21.704933333333333,98.17506666666667,1.5842466666666666,0.670935824515357,-0.7415154208658765,15.0
2022-04-22 09:00:00,3787.0,64.9394,21.865266666666667,98.05293333333334,0.9568693333333333,0.6817855890433643,-0.7315520559555504,15.0
2022-04-22 09:15:00,2851.0,86.13686666666666,22.018866666666668,97.72986666666667,1.5840693333333333,0.6610150636689981,-0.7503726311657898,15.0
2022-04-22 09:30:00,2581.0,98.24126666666668,22.292466666666666,97.07993333333334,1.9563,0.7046176973119638,-0.7095871339270363,15.0
2022-04-22 09:45:00,4151.3335,117.92433333333334,22.356466666666666,95.9062,2.1456933333333335,0.625996064416324,-0.7798262161118165,15.0
2022-04-22 10:00:00,3428.3333,138.64440000000002,22.614933333333333,94.07026666666667,2.499906666666667,0.7151968411913396,-0.6989230847167159,15.0
2022-04-22 10:15:00,3381.6667,124.00586666666666,22.8726,91.6322,2.2474866666666666,0.7009839518689236,-0.713177046196964,15.0
2022-04-22 10:30:00,2481.3333,119.3568,22.905666666666665,90.70139999999999,2.2314933333333333,0.7388161446029435,-0.6739070443867183,15.0
2022-04-22 10:45:00,3420.3333,124.39586666666668,23.0034,90.28926666666666,2.0753133333333333,0.6683087438812858,-0.7438840116925608,15.0
2022-04-22 11:00:00,6252.3335,163.78933333333333,23.029333333333334,90.1414,2.5011933333333336,0.7476126581691068,-0.6641350113834703,15.0
2022-04-22 11:15:00,5458.3335,126.22173333333333,22.987466666666666,90.34833333333333,2.28888,0.7423033846162487,-0.6700639411185038,15.0
2022-04-22 11:30:00,5610.0,142.70746666666668,23.0482,90.34666666666666,1.79656,0.7634354179499528,-0.645884171209963,15.0
2022-04-22 11:45:00,6676.6665,149.1488666666667,23.193666666666665,89.97793333333334,1.4386113333333335,0.8005013033765316,-0.599331013124195,15.0
2022-04-22 12:00:00,7432.3335,177.89960000000002,23.1458,89.81320000000001,1.1101713333333334,0.5423046804136855,-0.8401819050666411,15.0
2022-04-22 12:15:00,10603.0,218.66733333333332,23.412,89.26746666666666,2.0422266666666666,0.5976997770521899,-0.801720011295566,15.0
2022-04-22 12:30:00,10213.333,285.1333333333333,23.5868,88.14920000000001,2.207173333333333,0.7815640255266598,-0.6238250347674119,15.0
2022-04-22 12:45:00,6911.6665,221.79533333333333,23.915200000000002,87.02860000000001,2.3749466666666668,0.7717947811959633,-0.6358716975292068,15.0
2022-04-22 13:00:00,6130.6665,221.85933333333332,24.022466666666666,86.41746666666667,2.425046666666667,0.6775009615670149,-0.7355218875572433,15.0
2022-04-22 13:15:00,5167.3335,137.67520000000002,23.855999999999998,86.62913333333333,1.8989733333333334,0.7763178502515532,-0.6303416497271991,15.0
2022-04-22 13:30:00,6830.3335,285.48199999999997,23.718866666666667,88.86200000000001,2.4459,0.7507647532605661,-0.6605696672279171,15.0
2022-04-22 13:45:00,8042.6665,292.416,24.674733333333332,84.33713333333334,2.01706,0.7529970938218263,-0.6580238420421282,15.0
2022-04-22 14:00:00,9550.0,281.70133333333337,24.570266666666665,84.43446666666667,1.7534066666666666,0.7321625983023273,-0.6811298919054902,15.0
2022-04-22 14:15:00,8302.333,225.524,24.560533333333336,84.23613333333333,1.6819866666666667,0.7507340081390841,-0.6606046086907248,15.0
2022-04-22 14:30:00,10664.667,524.534,24.7716,83.9722,1.6305893333333334,0.768052585168428,-0.6403867787642828,15.0
2022-04-22 14:45:00,9200.333,369.4353333333333,25.292266666666666,81.44073333333333,1.8765533333333333,0.8077018517688542,-0.589591145327984,15.0
2022-04-22 15:00:00,7202.0,249.07266666666666,25.210933333333333,81.4808,1.583328,0.7318058591779333,-0.6815131579601723,15.0
2022-04-22 15:15:00,7697.0,199.80266666666665,24.89333333333333,82.74353333333333,1.6872933333333333,0.7743926440821857,-0.632705328562516,15.0
2022-04-22 15:30:00,8781.667,201.42066666666668,24.510133333333332,84.88126666666668,2.177313333333333,0.6992891476018684,-0.7148389245461192,15.0
2022-04-22 15:45:00,7024.0,219.92533333333333,24.410933333333332,85.0526,2.3668066666666667,0.6797485886922073,-0.7334451964332115,15.0
2022-04-22 16:00:00,4149.0,164.31866666666667,24.059266666666666,86.29346666666667,1.6482346666666667,0.7852448907129164,-0.6191853208929133,15.0
2022-04-22 16:15:00,5752.0,195.54533333333333,23.867933333333333,87.4814,1.5554533333333334,0.8390379323867491,-0.5440729252739647,15.0
2022-04-22 16:30:00,5515.0,188.7133333333333,23.709400000000002,87.78566666666667,2.00514,0.7605268591608102,-0.6493064734738081,15.0
2022-04-22 16:45:00,3404.0,105.49446666666667,23.779066666666665,87.18426666666667,1.9510466666666666,0.7435884462260767,-0.6686375869176733,15.0
2022-04-22 17:00:00,2109.3333,54.638733333333334,23.444599999999998,88.33826666666667,1.4088753333333335,0.7202686685554247,-0.6936952105192854,15.0
2022-04-22 17:15:00,1904.0,40.784,23.185799999999997,89.41253333333334,1.1429433333333334,0.7072055050254802,-0.707008043562204,15.0
2022-04-22 17:30:00,782.3333,25.1426,23.033399999999997,90.50346666666665,1.7912066666666666,0.45833934061809006,-0.8887772774108114,15.0
2022-04-22 17:45:00,682.0,23.813066666666664,23.0024,90.93366666666667,1.3053306666666666,0.705863328722638,-0.7083480508652488,15.0
2022-04-22 18:00:00,598.6667,22.535,22.85686666666667,91.51193333333335,1.1339926666666666,0.4496827810306312,-0.8931883320132196,15.0
2022-04-22 18:15:00,199.0,11.491793333333334,22.80826666666667,91.8378,0.8772486666666667,0.634559665588117,-0.772873877685549,15.0
2022-04-22 18:30:00,8.333333,4.269139999999999,22.649733333333334,92.36120000000001,0.850888,0.5376724614073795,-0.8431537963172141,15.0
2022-04-22 18:45:00,0.0,2.645366666666667,22.5224,93.27726666666668,0.8835219999999999,0.8467173012000321,-0.5320430545064321,15.0
2022-04-22 19:00:00,0.0,2.1677733333333333,22.5716,93.8026,0.70381,0.968450494969893,0.2492060167663881,15.0
2022-04-22 19:15:00,0.0,1.9914266666666667,22.663200000000003,93.53746666666666,0.9382066666666666,0.9235594599451579,-0.3834552437323141,15.0
2022-04-22 21:15:00,0.0,3.0643266666666666,22.4674,95.26520000000001,0.6363013333333334,0.5939853440820823,-0.8044758610522074,120.0
2022-04-22 23:15:00,0.0,3.8506133333333334,22.518733333333333,97.01846666666667,0.6383926666666666,0.7710105987150425,-0.6368223116922582,120.0
2022-04-23 01:15:00,0.0,4.401713333333333,22.593799999999998,96.73666666666666,0.697106,0.9739788681277586,-0.2266388414208168,120.0
2022-04-23 03:15:00,0.0,6.0257266666666665,22.626066666666667,98.28960000000001,0.9285180000000001,0.1272146429538968,-0.9918752112126367,120.0
2022-04-23 05:15:00,0.0,7.142853333333333,22.618666666666666,98.58986666666667,0.735106,0.8373779694163388,-0.546624310048656,120.0
2022-04-23 05:30:00,0.0,9.950093333333333,22.6112,98.6592,1.048492,0.7813825291159435,-0.624052356130775,15.0
2022-04-23 05:45:00,0.0,11.169866666666667,22.623733333333334,98.70453333333333,1.203172,0.3867216919061902,-0.9221964720216694,15.0
2022-04-23 06:00:00,3.3333333,15.784866666666666,22.624666666666666,98.81179999999999,1.7046033333333335,0.16038654420456616,-0.9870542824171914,15.0
2022-04-23 06:15:00,183.33333,26.461866666666666,22.617066666666666,98.84706666666666,1.175886,0.2069396283757635,-0.9783537142606966,15.0
2022-04-23 06:30:00,812.6667,45.4348,22.726533333333336,98.92353333333334,0.5756533333333334,0.8800058297159147,-0.47496288240872536,15.0
2022-04-23 06:45:00,882.3333,51.885400000000004,22.8428,98.8976,0.620358,0.994035165171569,0.10906003118618504,15.0
2022-04-23 07:00:00,1507.6666,82.7654,22.903133333333336,98.8724,0.9434313333333333,0.8843127523460338,-0.4668950160776857,15.0
2022-04-23 07:15:00,3047.0,135.8,23.1954,98.90286666666665,1.2264113333333335,0.6371531974745891,-0.7707371815008714,15.0
2022-04-23 07:30:00,3103.6667,104.73173333333334,23.147533333333335,98.68599999999999,1.1647166666666666,0.899677690140736,-0.4365547547135754,15.0
2022-04-23 07:45:00,2015.6666,82.6848,23.097533333333335,98.55646666666667,0.9765060000000001,0.898351871207096,-0.43927658200581227,15.0
2022-04-23 08:00:00,2865.6667,91.0102,23.055999999999997,98.58693333333333,0.956396,0.8658316072351364,-0.5003355153420757,15.0
2022-04-23 08:15:00,3336.3333,156.87393333333333,23.477733333333333,98.72399999999999,0.9142166666666667,0.9909649502313003,-0.13412109234969968,15.0
2022-04-23 08:30:00,5054.0,217.74266666666668,23.582733333333334,97.941,0.8605706666666666,0.9506439789321557,-0.3102837819159085,15.0
2022-04-23 08:45:00,8301.333,281.44093333333336,24.094733333333334,96.73906666666667,1.3678086666666667,0.752322931163047,-0.6587945106376047,15.0
2022-04-23 09:00:00,7658.3335,437.20933333333335,25.067400000000003,92.3146,1.8530799999999998,0.7640212893336137,-0.6451910332955678,15.0
2022-04-23 09:15:00,13149.667,384.80933333333337,25.824133333333336,86.75406666666666,2.286106666666667,0.6564102157096793,-0.7544041547552428,15.0
2022-04-23 09:30:00,14412.0,416.00933333333336,26.195066666666666,84.62646666666666,2.5355866666666667,0.7312267223660083,-0.682134503230752,15.0
2022-04-23 09:45:00,10246.667,326.99666666666667,25.614266666666666,87.06493333333333,2.5179199999999997,0.7523459269713108,-0.6587682492118752,15.0
2022-04-23 10:00:00,13715.333,355.26733333333334,25.78353333333333,86.7662,2.667186666666667,0.7162045065145277,-0.6978904676582722,15.0
2022-04-23 10:15:00,17363.666,502.8006666666667,26.514799999999997,83.5478,2.89588,0.6924034687483492,-0.7215105241541898,15.0
2022-04-23 10:30:00,12843.0,334.1786666666667,26.665133333333333,82.31106666666666,3.0003,0.719008327092858,-0.6950014572438894,15.0
2022-04-23 10:45:00,19493.0,454.7613333333333,26.227800000000002,84.24273333333333,2.4256666666666664,0.7320119995944981,-0.6812917381340129,15.0
2022-04-23 11:00:00,16883.334,645.8253333333333,26.52426666666667,83.12519999999999,2.6025133333333335,0.8055285723589517,-0.5925569332252802,15.0
2022-04-23 11:15:00,15137.667,567.5766666666666,27.022,81.21679999999999,2.7123133333333334,0.6935611071946128,-0.7203978002374679,15.0
2022-04-23 11:30:00,15100.667,684.5740000000001,27.538933333333333,79.44233333333334,2.9170266666666667,0.7136744019539611,-0.7004775856482889,15.0
2022-04-23 11:45:00,10859.0,517.372,26.933333333333334,81.1358,2.33396,0.8014556599348243,-0.5980541991813412,15.0
2022-04-23 12:00:00,12365.0,376.78333333333336,26.203466666666667,84.32133333333333,2.30894,0.8528771788851106,-0.5221115950991465,15.0
2022-04-23 12:15:00,10219.667,406.16433333333333,25.73186666666667,86.78466666666667,2.0713173333333335,0.9120709820098513,-0.41003234479195133,15.0
2022-04-23 12:30:00,8984.667,385.29266666666666,26.84326666666667,81.07106666666667,1.2421513333333334,0.9921643518772021,-0.12493958085447353,15.0
2022-04-23 12:45:00,8356.0,404.53866666666664,27.464,78.56673333333333,1.3181733333333334,0.9988887784746145,0.04712969591979624,15.0
2022-04-23 13:00:00,10910.0,371.5946666666667,27.4918,78.00006666666667,0.9777393333333334,0.9574786256353894,0.28850421392306524,15.0
2022-04-23 13:15:00,7174.3335,280.75866666666667,27.151666666666664,79.30513333333333,1.4225513333333335,0.9783505839412869,-0.2069544271131762,15.0
2022-04-23 13:30:00,9672.0,263.70533333333333,26.0156,84.90339999999999,1.9861146666666667,0.8933326973430932,-0.4493959188262768,15.0
2022-04-23 13:45:00,18046.666,531.6126666666667,26.202533333333335,83.67913333333334,1.3142986666666665,0.9092569355909458,-0.41623530013654864,15.0
2022-04-23 14:00:00,16018.333,520.61,26.745133333333335,81.58380000000001,2.1531266666666666,0.8551049698386536,-0.5184549069661076,15.0
2022-04-23 14:15:00,11555.0,495.64933333333335,27.09,80.5726,1.8606866666666666,0.8804861793834529,-0.47407181725423214,15.0
2022-04-23 14:30:00,14471.667,547.1020000000001,27.125933333333332,79.8488,1.532416,0.7326537767252068,-0.6806015305964943,15.0
2022-04-23 14:45:00,15495.0,440.42266666666666,27.892733333333336,76.45573333333333,1.64422,0.6884136542088448,-0.7253183030220767,15.0
2022-04-23 15:00:00,12658.667,379.2533333333333,28.070066666666666,74.43180000000001,2.0749893333333334,0.3861958471643007,-0.9224168079740569,15.0
2022-04-23 15:15:00,14585.0,342.94,28.185666666666666,72.5154,2.16048,0.13309827455209927,-0.9911028449718293,15.0
2022-04-23 15:30:00,13478.0,260.188,27.904733333333336,72.72666666666667,2.18564,-0.14124680679636653,-0.989974413593518,15.0
2022-04-23 15:45:00,11212.667,237.37199999999999,27.1948,75.2122,2.3931666666666667,-0.3465645881025588,-0.9380261117225382,15.0
2022-04-23 16:00:00,10926.667,288.05400000000003,27.134333333333334,75.0072,2.5086,-0.27148524427180964,-0.9624426019990365,15.0
2022-04-23 16:15:00,7139.3335,187.34653333333333,26.863333333333333,76.18966666666667,2.6268000000000002,-0.21679175116630836,-0.9762178735437318,15.0
2022-04-23 16:30:00,6469.6665,191.35933333333332,26.4818,77.4348,2.74574,-0.3346403066249292,-0.9423459371069487,15.0
2022-04-23 16:45:00,5942.0,156.58873333333335,26.265866666666668,77.76373333333335,2.99104,-0.28431655278689005,-0.958730461501761,15.0
2022-04-23 17:00:00,5689.6665,97.75566666666667,26.182133333333336,78.37079999999999,2.7601266666666664,-0.24921953886191903,-0.9684470153030843,15.0
2022-04-23 17:15:00,3340.0,85.07833333333333,25.9774,79.7194,2.3353800000000002,-0.20555516835802845,-0.9786455296793127,15.0
2022-04-23 17:30:00,2477.0,64.38806666666667,25.788400000000003,80.8912,2.228402,-0.2130758598101392,-0.977035658492652,15.0
2022-04-23 17:45:00,1024.3334,21.003946666666664,25.479133333333333,82.66046666666666,2.16796,-0.350501628219442,-0.9365621221336683,15.0
2022-04-23 18:00:00,753.3333,28.953533333333333,25.282933333333336,83.1686,1.1652646666666666,-0.4960851726240397,-0.8682738631921249,15.0
2022-04-23 18:15:00,306.66666,16.905133333333332,25.27586666666667,82.99633333333333,1.4383766666666666,-0.3599859526883814,-0.9329577235154005,15.0
2022-04-23 18:30:00,24.333334,7.104653333333333,25.011733333333332,84.218,2.299693333333333,-0.1095030029043931,-0.9939864648751111,15.0
2022-04-23 18:45:00,0.0,2.58616,24.915066666666668,84.96966666666667,1.4492873333333334,-0.1896438426742424,-0.9818529487330306,15.0
2022-04-23 19:00:00,0.0,1.3739933333333334,24.6676,86.0304,1.6016273333333333,-0.32948192269119675,-0.9441618836935286,15.0
2022-04-23 19:15:00,0.0,1.3152533333333334,24.4638,87.05266666666667,2.061804,-0.307733052062931,-0.9514727366919314,15.0
2022-04-23 21:15:00,0.0,1.98404,24.058733333333333,90.93706666666667,0.5609006666666667,0.40451598773249203,-0.9145309265786512,120.0
2022-04-23 23:15:00,0.0,2.28536,23.568466666666666,94.28913333333334,1.2185,0.014811485974201496,-0.9998903039250036,120.0
2022-04-24 01:15:00,0.0,3.255386666666667,23.175733333333334,96.60106666666667,0.6661086666666667,-0.40182311858040054,-0.9157173042890046,120.0
2022-04-24 03:15:00,0.0,3.2553533333333333,23.1474,96.29119999999999,0.609928,-0.669502338547689,-0.7428099478865207,120.0
2022-04-24 05:15:00,0.0,3.2921666666666667,23.164666666666665,95.53933333333333,0.9102006666666667,0.41414471517388624,-0.9102110496437299,120.0
2022-04-24 05:45:00,0.0,4.34294,22.927866666666667,96.08919999999999,0.44883999999999996,0.7530583422000359,-0.6579537470392076,30.0
2022-04-24 06:00:00,0.0,8.979953333333333,22.9212,96.50066666666666,0.4385566666666667,0.584540475348832,-0.8113645498041935,15.0
2022-04-24 06:15:00,231.66667,18.775066666666664,22.950066666666665,96.596,0.48147266666666666,-0.5062424939858663,-0.8623911741680629,15.0
2022-04-24 06:30:00,765.0,31.333866666666665,23.0856,96.65706666666667,0.7133473333333333,-0.4747977033665441,-0.88009496128421,15.0
2022-04-24 06:45:00,1002.6667,19.348673333333334,23.290733333333332,96.7204,0.5008466666666667,0.9608175427073319,0.27718161848478423,15.0
2022-04-24 07:00:00,1553.0,66.96613333333333,23.462933333333336,96.38426666666668,0.48833066666666664,0.7973304854361001,-0.6035429537275976,15.0
2022-04-24 07:15:00,2270.0,57.98726666666666,23.749000000000002,95.60300000000001,0.5465953333333334,0.6054699494232644,-0.7958681676919801,15.0
2022-04-24 07:30:00,2121.3333,63.53426666666667,24.051266666666667,94.9308,0.5155993333333334,0.8034067607247477,-0.5954305810266786,15.0
2022-04-24 07:45:00,4325.0,216.41733333333335,24.264466666666667,94.79140000000001,0.759694,0.9830837835353189,-0.1831564209900443,15.0
2022-04-24 08:00:00,4293.0,188.46120000000002,25.287933333333335,89.77166666666668,1.459772,0.9928434727352881,-0.11942294020385452,15.0
2022-04-24 08:15:00,10398.667,311.7,25.858133333333335,85.92506666666667,1.3779213333333333,0.9399244143731582,-0.34138262296911903,15.0
2022-04-24 08:30:00,9393.0,441.418,26.2426,83.4704,1.5797973333333333,0.8420886099938101,-0.5393392002429387,15.0
2022-04-24 08:45:00,12612.333,471.2393333333333,27.278399999999998,80.4206,1.7997340000000002,0.8033603396824532,-0.5954932112335902,15.0
2022-04-24 09:00:00,10027.333,290.13,27.495600000000003,79.32106666666667,2.3604533333333335,0.5730616347565624,-0.8195122712748945,15.0
2022-04-24 09:15:00,9478.0,338.4859333333333,26.863,81.94586666666667,2.4642733333333333,0.6458752881917946,-0.7634429331018568,15.0
2022-04-24 09:30:00,12094.667,471.08799999999997,26.94386666666667,81.51413333333333,2.5221999999999998,0.6739672177646934,-0.7387612533007658,15.0
2022-04-24 09:45:00,8850.333,349.1186666666666,26.377066666666668,83.55586666666666,2.48646,0.7337852016789628,-0.6793815406654525,15.0
2022-04-24 10:00:00,8960.0,597.288,26.532466666666668,83.1476,2.2638666666666665,0.7901407491669472,-0.6129254412291069,15.0
2022-04-24 10:15:00,13256.333,703.6613333333333,27.407866666666667,80.29973333333334,2.5354666666666663,0.8166952747373856,-0.5770691710892433,15.0
2022-04-24 10:30:00,6626.6665,358.4413333333333,27.517733333333336,78.90926666666668,2.2164733333333335,0.7034691337004181,-0.710725810654702,15.0
2022-04-24 10:45:00,8977.667,301.12,27.300333333333334,80.02206666666666,1.7697800000000001,0.7048736005266482,-0.7093329311970502,15.0
2022-04-24 11:00:00,6806.3335,182.20333333333335,26.582266666666666,82.37393333333333,1.7517586666666667,0.7990904399171151,-0.6012108355918674,15.0
2022-04-24 11:15:00,9483.667,301.9786666666667,26.531533333333336,83.55206666666666,1.3678,0.8451679363502218,-0.534500850668647,15.0
2022-04-24 11:30:00,18687.0,613.3080000000001,27.26993333333333,80.9968,2.078945333333333,0.8185175268119332,-0.5744815561022618,15.0
2022-04-24 11:45:00,15323.333,480.7506666666667,28.5072,75.6324,2.11606,0.788275731794764,-0.6153221681878764,15.0
2022-04-24 12:00:00,13112.333,487.864,28.488999999999997,73.65706666666667,3.0002933333333335,0.5242534580159267,-0.8515622770874383,15.0
2022-04-24 12:15:00,16435.666,534.6266666666667,28.5154,75.36773333333333,2.55764,0.6610936388826182,-0.75030340571594,15.0
2022-04-24 12:30:00,13970.667,301.26800000000003,28.434866666666668,76.20126666666667,2.64378,0.7272219129028209,-0.6864024252535549,15.0
2022-04-24 12:45:00,16713.666,596.9573333333334,28.180533333333333,77.3458,2.7985200000000003,0.7609724263251868,-0.6487842217353611,15.0
2022-04-24 13:00:00,11812.667,485.4866666666667,28.373933333333333,74.86746666666666,3.4432466666666666,0.5853162297270444,-0.8108051006364709,15.0
2022-04-24 13:15:00,22089.0,695.87,28.27926666666667,76.85293333333334,3.0883933333333333,0.8081955029958272,-0.5889142797872385,15.0
2022-04-24 13:30:00,19086.0,733.8553333333333,28.640333333333334,75.685,3.5403666666666664,0.7771679284092496,-0.6292932631548469,15.0
2022-04-24 13:45:00,10187.667,549.4626666666667,29.1492,73.48946666666667,2.539893333333333,0.828261852022755,-0.5603412393210372,15.0
2022-04-24 14:00:00,9532.0,308.584,28.089266666666667,76.0472,2.5266533333333334,0.2833012580720325,-0.959030967787174,15.0
2022-04-24 14:15:00,9014.0,385.33799999999997,27.587933333333336,77.3848,2.4958066666666667,-0.00653912032767435,-0.999978619724112,15.0
2022-04-24 14:30:00,13626.0,451.69666666666666,28.6052,73.31946666666666,2.118473333333333,0.40396045031573985,-0.9147764506045751,15.0
2022-04-24 14:45:00,12770.0,295.8693333333333,28.486266666666666,72.63433333333334,2.80804,0.04409598499371813,-0.9990272989800798,15.0
2022-04-24 15:00:00,11897.0,389.92466666666667,27.993266666666667,74.41226666666667,2.8241333333333336,0.12073748213005886,-0.992684471727494,15.0
2022-04-24 15:15:00,13013.0,429.116,27.830133333333333,74.71173333333333,3.0784066666666665,0.14311261256937938,-0.9897064110753081,15.0
2022-04-24 15:30:00,14393.333,493.1886666666667,27.980466666666665,74.44713333333333,3.0953933333333334,0.1533077878208792,-0.9881784870120722,15.0
2022-04-24 15:45:00,13495.0,457.04266666666666,27.958933333333334,73.97946666666667,3.039846666666667,0.10657644656522029,-0.9943045112225584,15.0
2022-04-24 16:00:00,9160.333,339.51800000000003,27.3414,76.47686666666667,2.7999799999999997,-0.07508315139801194,-0.9971772763035384,15.0
2022-04-24 16:15:00,10179.0,347.18333333333334,26.939933333333332,77.48086666666667,2.919173333333333,-0.06568178145528071,-0.9978406203321554,15.0
2022-04-24 16:30:00,8985.0,319.08799999999997,26.93113333333333,77.6108,2.693633333333333,-0.00431676760969813,-0.999990682715296,15.0
2022-04-24 16:45:00,4552.0,187.209,26.71493333333333,80.86186666666666,3.5689800000000003,0.1072590076392986,-0.9942311126092529,15.0
2022-04-24 17:00:00,4981.6665,71.38873333333335,26.285466666666665,82.46786666666667,3.6017733333333335,0.15872100650408144,-0.9873234738900576,15.0
2022-04-24 17:15:00,3400.0,119.38266666666667,26.392,83.79653333333334,2.5794066666666664,0.5634203113307678,-0.8261704138856225,15.0
2022-04-24 17:30:00,3110.6667,105.1648,26.3476,85.32026666666667,2.46334,0.7148551975499592,-0.6992725123553827,15.0
2022-04-24 17:45:00,2109.6667,41.974000000000004,26.013133333333332,86.59853333333334,2.575146666666667,0.7174133578864893,-0.6966477402001904,15.0
2022-04-24 18:00:00,871.3333,18.336133333333333,25.736666666666668,87.71986666666666,2.3595333333333333,0.6600366326665715,-0.7512334148173744,15.0
2022-04-24 18:15:00,204.0,13.040073333333334,25.463,88.41073333333334,3.120766666666667,0.4110689138201555,-0.9116042716501046,15.0
2022-04-24 18:30:00,10.333333,6.30346,25.107266666666664,90.41366666666666,3.440393333333333,0.2625484717151393,-0.9649188048742986,15.0
2022-04-24 18:45:00,0.0,2.8579466666666664,25.050733333333334,90.99626666666667,2.3305333333333333,0.38023112816101906,-0.9248915013002329,15.0
2022-04-24 19:00:00,0.0,1.7706666666666668,24.92846666666667,91.57386666666666,2.6262666666666665,0.29976240753652683,-0.9540138882783128,15.0
2022-04-24 19:15:00,0.0,1.5575933333333334,24.81113333333333,91.99806666666667,2.7336066666666667,0.27071245841488756,-0.9626602541182262,15.0
2022-04-24 21:15:00,0.0,1.83688,24.901666666666664,93.89426666666667,3.0862933333333333,0.3685139842414626,-0.9296222046715984,120.0
2022-04-24 23:15:00,0.0,2.0645533333333335,24.871733333333335,95.0386,3.205373333333333,0.10875121040826062,-0.9940689987293327,120.0
2022-04-25 01:15:00,0.0,2.41004,24.603599999999997,96.14526666666667,3.07528,0.15059369023183386,-0.9885957416772331,120.0
2022-04-25 03:15:00,0.0,2.4248866666666666,24.38906666666667,96.7472,2.63596,0.07857509179543072,-0.9969081978544161,120.0
2022-04-25 05:15:00,0.0,2.32208,24.3848,97.06853333333333,2.09086,-0.20427964370052407,-0.9789125738132016,120.0
2022-04-25 05:30:00,0.0,2.586606666666667,24.3684,97.1304,2.295313333333333,-0.07651020420559965,-0.9970687983546659,15.0
2022-04-25 05:45:00,0.0,3.8211133333333334,24.387733333333337,97.21973333333334,1.99712,-0.029829069389997246,-0.9995550143035283,15.0
2022-04-25 06:00:00,14.333333,9.46452,24.3854,97.24133333333333,2.44984,-0.1266375718508542,-0.9919490538307498,15.0
2022-04-25 06:15:00,300.66666,16.58494,24.386866666666666,97.15866666666666,2.791393333333333,0.022966513487832678,-0.9997362348430776,15.0
2022-04-25 06:30:00,645.3333,27.166733333333333,24.513466666666666,96.95886666666667,2.9952400000000003,0.10605581535509247,-0.9943601782198273,15.0
2022-04-25 06:45:00,2208.0,67.4486,24.655733333333334,96.65633333333334,3.6036799999999998,0.09151320537367123,-0.9958038628375752,15.0
2022-04-25 07:00:00,2060.6667,92.5578,24.991733333333332,95.49346666666666,2.8575466666666665,0.1955467790670083,-0.9806943750203315,15.0
2022-04-25 07:15:00,3745.6667,90.85926666666667,25.193466666666666,94.5248,3.088246666666667,0.17561873506611764,-0.9844582570600832,15.0
2022-04-25 07:30:00,5393.6665,105.68633333333334,25.401400000000002,93.24906666666668,3.3947599999999998,0.15604371543570586,-0.9877501500242966,15.0
2022-04-25 07:45:00,5814.0,128.62406666666666,25.6178,91.73573333333334,3.7197466666666665,0.21096085380429425,-0.9774945105534676,15.0
2022-04-25 08:00:00,5121.0,143.1226,25.494533333333333,91.9242,3.2121399999999998,0.11022003892498512,-0.9939072104675439,15.0
2022-04-25 08:15:00,6073.0,251.45600000000002,25.900066666666664,90.435,3.1993066666666667,0.15638849576807706,-0.987695620315995,15.0
2022-04-25 08:30:00,8278.0,267.18933333333337,26.0518,89.36319999999999,3.0524,0.061071767169806,-0.9981333774875766,15.0
2022-04-25 08:45:00,5871.3335,398.49066666666664,26.8476,86.82213333333333,2.710106666666667,0.18950674829227937,-0.9818794184377666,15.0
2022-04-25 09:00:00,4883.0,428.72999999999996,27.750466666666668,82.51206666666667,2.5559933333333333,0.2839707188995088,-0.9588329525040825,15.0
2022-04-25 09:15:00,5227.0,285.496,27.909333333333333,81.04806666666667,2.656946666666667,0.1728689278146083,-0.984944837945876,15.0
2022-04-25 09:30:00,9963.0,223.17000000000002,27.505266666666667,82.38173333333334,1.6487113333333334,0.22502587992983755,-0.9743527869112923,15.0
2022-04-25 09:45:00,13804.333,453.142,27.751466666666666,81.35493333333334,2.2258799999999996,0.16775530535389171,-0.9858286654006478,15.0
2022-04-25 10:00:00,11041.667,287.21133333333336,28.073066666666666,79.26126666666667,2.2340733333333334,0.025746578873071618,-0.9996685018926688,15.0
2022-04-25 10:15:00,17354.0,404.67533333333336,27.456200000000003,81.64293333333333,2.68504,0.03422503926920298,-0.9994141517344156,15.0
2022-04-25 10:30:00,18760.334,690.1826666666667,28.56253333333333,77.58826666666667,3.08032,0.19833024615993358,-0.9801352526351351,15.0
2022-04-25 10:45:00,13614.333,732.492,29.488266666666668,72.29166666666667,2.9143066666666666,0.07996696118148613,-0.9967975146033414,15.0
2022-04-25 11:00:00,17261.334,617.062,29.373933333333333,71.95053333333334,2.9177000000000004,0.25295877641725406,-0.9674770578331486,15.0
2022-04-25 11:15:00,17151.666,796.348,29.74866666666667,70.27526666666667,3.1495466666666667,0.04882652650814042,-0.9988072738567485,15.0
2022-04-25 11:30:00,22222.0,786.4786666666666,29.789333333333335,69.48853333333334,3.094826666666667,0.311428395493299,-0.9502696219918163,15.0
2022-04-25 11:45:00,17332.0,640.0333333333333,30.460066666666666,66.85966666666667,2.982626666666667,0.2894439101183248,-0.9571949764261276,15.0
2022-04-25 12:00:00,22072.0,694.9133333333334,30.294266666666665,66.94033333333333,3.27396,0.3153177975114623,-0.9489861361329366,15.0
2022-04-25 12:15:00,14572.0,781.944,30.657533333333333,64.47833333333332,2.3576866666666665,0.1498114504791737,-0.9887145843494604,15.0
2022-04-25 12:30:00,0.0,746.0673333333333,31.202533333333335,62.99253333333333,2.4337933333333335,0.21523531931458958,-0.9765622137475659,15.0
2022-04-25 12:45:00,13861.667,690.4973333333332,30.767133333333334,64.8734,2.79902,0.1791570921667895,-0.9838204797250057,15.0
2022-04-25 13:00:00,22589.666,609.1593333333333,30.158466666666666,66.70766666666667,3.0766666666666667,0.22882662323106132,-0.9734671933355895,15.0
2022-04-25 13:15:00,17893.0,624.302,29.8642,68.0074,3.9907133333333333,0.25966187574449173,-0.9656995962952725,15.0
2022-04-25 13:30:00,22199.0,425.07286666666664,29.665266666666664,68.35066666666667,4.045073333333333,0.26251478953487317,-0.9649279689569896,15.0
2022-04-25 13:45:00,16825.0,691.9393333333334,29.706266666666668,69.135,3.4804999999999997,0.25466946012763153,-0.9670281619882126,15.0
2022-04-25 14:00:00,19142.0,633.23,29.52306666666667,70.2328,3.498213333333333,0.13852782309909617,-0.9903585422600371,15.0
2022-04-25 14:15:00,19548.0,608.842,29.663866666666664,70.4594,2.93366,0.16762912696898885,-0.9858501284635585,15.0
2022-04-25 14:30:00,19282.334,653.232,29.420133333333336,70.74226666666667,3.537853333333333,0.04401461537434997,-0.9990308872269406,15.0
2022-04-25 14:45:00,17365.666,579.4853333333334,28.863133333333334,72.44053333333333,3.5995333333333335,0.009692243358779211,-0.9999530291062046,15.0
2022-04-25 15:00:00,16735.666,539.32,28.7306,72.61106666666666,3.4325466666666666,-0.02845666032272711,-0.9995950272401704,15.0
2022-04-25 15:15:00,11951.0,550.992,28.272466666666666,74.23613333333333,3.9956066666666668,-0.0888942968664412,-0.9960410654107696,15.0
2022-04-25 15:30:00,13007.0,503.928,28.321666666666665,74.53653333333334,3.5336133333333333,0.16272900938833634,-0.9866708009784676,15.0
2022-04-25 15:45:00,12661.333,460.16200000000003,28.157466666666668,75.25126666666667,3.4733066666666668,0.08724847238312373,-0.996186580950984,15.0
2022-04-25 16:00:00,12204.333,420.9866666666667,27.963466666666665,75.84066666666666,3.841126666666667,0.17583636991990031,-0.9844194080844769,15.0
2022-04-25 16:15:00,8071.6665,396.26733333333334,27.854666666666667,76.11486666666666,3.205773333333333,-0.050197834796689836,-0.9987392940010542,15.0
2022-04-25 16:30:00,3230.0,236.77153333333334,27.442666666666664,77.24406666666667,2.452293333333333,-0.2707796641191733,-0.9626413524773947,15.0
2022-04-25 16:45:00,2340.3333,82.89453333333333,26.929933333333334,79.9722,2.8851066666666667,0.16401467968527111,-0.9864578981627842,15.0
2022-04-25 17:00:00,2038.0,56.827400000000004,26.669266666666665,81.46133333333334,3.071606666666667,0.1746564572124541,-0.9846294338247228,15.0
2022-04-25 17:15:00,1753.3334,63.3668,26.470066666666664,82.42646666666666,2.9282866666666667,-0.036783240915149645,-0.9993232676105256,15.0
2022-04-25 17:30:00,1092.6666,38.66773333333333,26.151466666666668,83.74973333333334,3.6299066666666664,0.043805377870795574,-0.9990400837151615,15.0
2022-04-25 17:45:00,843.3333,32.69573333333333,25.932266666666667,85.0602,3.0895533333333334,0.03850407834729587,-0.9992584430219368,15.0
2022-04-25 18:00:00,818.0,26.416853333333332,25.8264,86.3,2.3624066666666668,-0.05600738219776491,-0.9984303546764559,15.0
2022-04-25 18:15:00,485.0,9.264073333333332,25.743133333333333,87.92673333333333,2.4196466666666665,-0.02250121264517794,-0.9997468156635941,15.0
2022-04-25 18:30:00,209.66667,11.248306666666668,25.575866666666666,88.4198,2.526726666666667,-0.02847992194756936,-0.9995943647529534,15.0
2022-04-25 18:45:00,10.666667,5.899866666666666,25.45426666666667,89.08446666666667,2.7856733333333334,0.07467705122679241,-0.9972077707379094,15.0
2022-04-25 19:00:00,0.0,1.5944333333333334,25.355733333333333,89.94506666666666,2.632913333333333,-0.055554303123690904,-0.9984556672203534,15.0
2022-04-25 19:15:00,0.0,1.3593133333333334,25.3956,90.0028,2.1935000000000002,0.021326306554041323,-0.9997725684618293,15.0
2022-04-25 19:30:00,0.0,1.38872,25.352866666666667,90.31166666666667,2.7681400000000003,0.1852664373338107,-0.9826883265805274,15.0
2022-04-25 21:30:00,0.0,1.4401466666666667,25.127266666666667,92.41366666666666,1.7904466666666667,0.21798426420290423,-0.9759522839565049,120.0
2022-04-25 23:30:00,0.0,1.6018666666666665,24.779333333333334,92.9436,1.7719606666666665,-0.24424691853189703,-0.9697130724021786,120.0
2022-04-26 01:30:00,0.0,1.7268266666666667,24.723333333333336,92.6038,1.560216,-0.047315656681148115,-0.99887998710197,120.0
2022-04-26 03:30:00,0.0,1.74154,24.4948,93.66413333333334,1.3505399999999999,-0.336525562380504,-0.9416743311062936,120.0
2022-04-26 05:30:00,0.0,1.9399666666666666,24.313,95.91873333333334,1.5906200000000001,0.24646905034405597,-0.9691506628086777,120.0
2022-04-26 05:45:00,0.0,2.9025733333333337,24.257066666666667,96.1788,1.346964,0.11653206317955708,-0.9931869301652714,15.0
2022-04-26 06:00:00,10.0,4.342786666666667,24.246733333333335,96.31526666666667,1.9451266666666667,0.18373404364901433,-0.9829759921810818,15.0
2022-04-26 06:15:00,151.0,12.587426666666666,24.299533333333333,96.26833333333335,2.1144066666666665,0.1822927286354597,-0.9832443038668663,15.0
2022-04-26 06:30:00,504.66666,29.3052,24.418066666666668,95.78906666666667,2.01336,0.024350753686545514,-0.9997034764343361,15.0
2022-04-26 06:45:00,375.0,20.905933333333333,24.568466666666666,95.04126666666666,2.10844,0.06910645663397823,-0.9976092910811808,15.0
2022-04-26 07:00:00,1262.6666,43.744733333333336,24.686866666666667,94.81233333333333,1.9919133333333332,0.18839843330350628,-0.9820926790933655,15.0
2022-04-26 07:15:00,3713.0,133.5798,24.961866666666666,93.587,2.5861733333333334,0.030980454064658346,-0.9995199905284274,15.0
2022-04-26 07:30:00,4066.3333,150.12913333333333,25.764733333333332,89.63433333333333,2.4968999999999997,0.01972094202691624,-0.9998055233121944,15.0
2022-04-26 07:45:00,3062.3333,151.37266666666667,25.691066666666664,89.45253333333334,2.6067533333333333,0.054787527909337774,-0.998498035444028,15.0
2022-04-26 08:00:00,3475.6667,172.66533333333334,25.831200000000003,88.79299999999999,2.87778,-0.0825067190074809,-0.9965905083426294,15.0
2022-04-26 08:15:00,4732.6665,179.347,26.036733333333334,87.55213333333333,2.9677333333333333,0.007923711886392668,-0.9999686069022075,15.0
2022-04-26 08:30:00,5517.6665,218.00426666666667,26.178066666666666,86.84020000000001,2.9022,-0.0737835873497983,-0.997274276334146,15.0
2022-04-26 08:45:00,6934.6665,182.826,26.049933333333335,86.56253333333333,2.753633333333333,0.1348970471205985,-0.9908596200664063,15.0
2022-04-26 09:00:00,6113.0,212.35866666666666,26.37973333333333,85.45406666666666,2.8146533333333332,0.044061112335491474,-0.9990288376116874,15.0
2022-04-26 09:15:00,8330.333,282.01933333333335,26.614733333333334,84.75240000000001,2.3815,0.17661520311494844,-0.9842799754280616,15.0
2022-04-26 09:30:00,5533.6665,361.4426666666667,27.003533333333333,82.40466666666666,2.6493800000000003,0.1550092605259257,-0.9879130169965399,15.0
2022-04-26 09:45:00,8620.0,434.532,27.706933333333332,79.04446666666666,2.7183066666666664,0.08331840154839543,-0.9965229771377178,15.0
2022-04-26 10:00:00,7534.6665,343.3326666666666,27.691866666666666,78.70893333333333,3.2731133333333333,0.037271597980147904,-0.9993051725994448,15.0
2022-04-26 10:15:00,11751.0,332.92086666666665,27.418400000000002,79.74626666666667,2.8303266666666667,0.06621585055153291,-0.9978053222626831,15.0
2022-04-26 10:30:00,17634.334,320.752,27.968866666666667,76.40366666666667,2.8995866666666665,0.24932095302952395,-0.9684209117839463,15.0
2022-04-26 10:45:00,22355.666,554.4113333333333,28.6862,74.05793333333334,1.8058833333333335,0.20513382818329143,-0.9787339334747048,15.0
2022-04-26 11:00:00,16673.666,182.94133333333332,28.960333333333335,72.94340000000001,2.8365733333333334,0.11079825201568659,-0.9938429188509965,15.0
2022-04-26 11:15:00,16702.666,695.05,29.1258,72.40113333333333,2.7499466666666668,0.06303438158650805,-0.9980113560165568,15.0
2022-04-26 11:30:00,17818.334,709.26,29.6658,70.13486666666667,2.7752399999999997,0.23557184273524942,-0.9718569374709011,15.0
2022-04-26 11:45:00,13554.333,621.1313333333333,29.5838,69.95613333333334,3.4279466666666667,0.060223937168899684,-0.9981848913862984,15.0
2022-04-26 12:00:00,18540.334,639.5046666666666,29.801266666666667,69.063,3.45072,0.18883264722757423,-0.9820092827163226,15.0
2022-04-26 12:15:00,17788.334,647.2573333333333,29.9208,68.2838,3.6911199999999997,0.19682463314548826,-0.9804387098575535,15.0
2022-04-26 12:30:00,13495.333,613.038,30.305799999999998,67.2796,2.6463933333333336,0.22245611174246113,-0.9749427051619114,15.0
2022-04-26 12:45:00,23507.334,585.1893333333334,29.4278,70.49733333333333,3.69856,0.23611459327562825,-0.9717252177659509,15.0
2022-04-26 13:00:00,17979.334,818.828,29.8932,69.26906666666667,3.6042666666666667,0.1673652905657766,-0.9858949535897996,15.0
2022-04-26 13:15:00,11380.333,743.1013333333334,29.96173333333333,68.87206666666665,3.628546666666667,0.16656223653286262,-0.9860309434095721,15.0
2022-04-26 13:30:00,6225.3335,656.1106666666667,29.637066666666666,70.10486666666665,3.693786666666667,0.17218126452844948,-0.9850652831895884,15.0
2022-04-26 13:45:00,6834.0,402.114,29.9646,68.61746666666666,3.594133333333333,0.3317769830612336,-0.9433578501877142,15.0
2022-04-26 14:00:00,9504.0,592.0306666666667,29.2088,71.58773333333333,3.761793333333333,0.30845257170201434,-0.9512397232088311,15.0
2022-04-26 14:15:00,7945.6665,416.89599999999996,28.921466666666667,72.77906666666667,3.3546466666666666,0.26314347077973954,-0.9647567122264517,15.0
2022-04-26 14:30:00,7460.0,331.2573333333333,28.493733333333335,74.51726666666667,3.32968,0.1727887047662275,-0.9849589146280212,15.0
2022-04-26 14:45:00,5655.0,278.808,28.06673333333333,76.03866666666666,3.2106800000000004,0.13834344718129632,-0.9903843146082211,15.0
2022-04-26 15:00:00,5510.6665,338.37600000000003,28.360400000000002,74.89853333333333,3.7944866666666663,0.29098050708479994,-0.956728981737604,15.0
2022-04-26 15:15:00,7248.6665,276.9886666666667,27.779466666666668,77.23733333333332,3.9191733333333336,0.12274700435574089,-0.9924379944972339,15.0
2022-04-26 15:30:00,8553.333,253.772,27.8068,77.31853333333333,3.3278866666666667,0.24930968492367647,-0.9684238126994076,15.0
2022-04-26 15:45:00,5020.3335,254.36866666666668,27.6724,77.98933333333333,3.4940533333333335,0.17336170136111356,-0.9848582235536139,15.0
2022-04-26 16:00:00,3828.3333,191.97533333333334,27.414466666666666,79.07546666666667,3.1757666666666666,0.05151094813728579,-0.9986724298898002,15.0
2022-04-26 16:15:00,5544.3335,193.35199999999998,27.255533333333332,80.08486666666666,3.1302133333333333,0.24468693520270401,-0.9696021368278371,15.0
2022-04-26 16:30:00,3090.3333,126.87866666666667,27.2312,80.64006666666667,2.7193133333333335,0.19575217092628452,-0.9806533982899599,15.0
2022-04-26 16:45:00,1819.6666,63.74493333333333,26.9534,81.40673333333334,2.7449333333333334,0.25498449934700673,-0.966945140684184,15.0
2022-04-26 17:00:00,1382.6666,32.6452,26.3188,84.36999999999999,2.64184,0.061873100236506676,-0.9980840242520282,15.0
2022-04-26 17:15:00,1821.0,68.71173333333333,26.248733333333334,85.30573333333334,2.9425000000000003,0.1594332230179565,-0.9872087152158385,15.0
2022-04-26 17:30:00,1325.6666,49.87126666666666,26.224066666666666,85.78466666666667,3.2714866666666667,0.2298798819297007,-0.9732190092080953,15.0
2022-04-26 17:45:00,513.6667,26.454066666666666,26.04553333333333,86.9768,2.755486666666667,0.02766575599131803,-0.9996172297161693,15.0
2022-04-26 18:00:00,109.0,12.540606666666667,25.896333333333335,88.05186666666667,2.9277333333333337,0.10581284416462927,-0.9943860628597888,15.0
2022-04-26 18:15:00,27.666666,6.567826666666666,25.758733333333335,88.88533333333334,2.1462533333333336,0.13511609815106268,-0.9908297734830299,15.0
2022-04-26 18:30:00,0.0,3.7616066666666668,25.678933333333337,89.43746666666667,2.647253333333333,0.19260189089749208,-0.9812769800737764,15.0
2022-04-26 18:45:00,0.0,2.4172133333333337,25.611933333333337,89.6114,2.6749466666666666,-0.06656414627370774,-0.997782147781194,15.0
2022-04-26 19:00:00,0.0,1.4180466666666667,25.514200000000002,90.065,2.3849533333333333,0.29516335875742383,-0.9554468021020512,15.0
2022-04-26 21:00:00,0.0,1.3519266666666667,25.3186,91.36413333333333,2.0392986666666664,0.04331714957246113,-0.9990613717649767,120.0
2022-04-26 23:00:00,0.0,1.4327933333333334,25.13086666666667,94.0136,2.038553333333333,0.08496478720476201,-0.9963839545753682,120.0
2022-04-27 01:00:00,0.0,1.4768466666666666,25.200466666666667,94.4508,1.2675366666666668,-0.3933536245721959,-0.9193872557502175,120.0
2022-04-27 03:00:00,0.0,1.5870866666666668,24.939133333333334,95.35326666666667,1.3298293333333333,-0.139898967910693,-0.990165783481495,120.0
2022-04-27 05:00:00,0.0,1.5944266666666667,24.767466666666667,96.69666666666667,1.2483146666666665,0.17505742664730914,-0.9845582244720837,120.0
2022-04-27 05:30:00,0.0,1.8662733333333332,24.698933333333333,96.94993333333333,1.1310426666666666,0.2699394980647215,-0.9628772857350859,30.0
2022-04-27 05:45:00,0.0,3.710646666666667,24.612466666666666,96.73240000000001,1.5713953333333335,-0.25469196382585413,-0.9670222352989252,15.0
2022-04-27 06:00:00,42.0,10.191346666666668,24.590866666666667,96.41713333333334,1.560658,-0.3328963487707347,-0.9429634250463341,15.0
2022-04-27 06:15:00,418.66666,22.98379333333333,24.6446,96.14439999999999,1.3861526666666668,-0.29686381077488366,-0.9549198279710261,15.0
2022-04-27 06:30:00,904.3333,47.409200000000006,24.815733333333334,95.54473333333334,1.1541306666666666,-0.45323352084857144,-0.8913918193360356,15.0
2022-04-27 06:45:00,1760.6666,69.2188,24.907333333333334,94.07273333333335,1.2120853333333335,-0.2939402332097754,-0.955823801388406,15.0
2022-04-27 07:00:00,2255.0,121.87126666666667,25.4436,92.48053333333334,1.020456,0.32529420075293564,-0.9456128610359045,15.0
2022-04-27 07:15:00,1983.3334,187.764,26.0806,90.72486666666667,1.6261866666666667,0.8678926411381267,-0.49675181273779645,15.0
2022-04-27 07:30:00,2104.6667,187.17333333333332,26.5858,88.28653333333334,1.354672,0.7682239361487201,-0.6401812117894177,15.0
2022-04-27 07:45:00,2489.6667,90.14573333333333,26.754933333333334,86.97266666666665,1.5084333333333333,0.956483856255092,-0.2917852510381365,15.0
2022-04-27 08:00:00,7407.0,177.27733333333333,26.379666666666665,89.7026,1.2971806666666665,0.9706935566822302,-0.24032065873661754,15.0
2022-04-27 08:15:00,10899.0,411.5953333333334,27.050666666666665,88.12453333333333,1.9169733333333334,0.8717217051735648,-0.49000129462001685,15.0
2022-04-27 08:30:00,11330.333,390.7936,28.3596,82.25553333333333,2.034946666666667,0.7784184785462304,-0.6277457066820703,15.0
2022-04-27 08:45:00,12853.0,498.572,28.2276,82.0026,2.641,0.8495184629884078,-0.5275588886956727,15.0
2022-04-27 09:00:00,11833.333,497.254,28.744666666666667,80.64439999999999,3.2068333333333334,0.7848196373595541,-0.6197242425585899,15.0
2022-04-27 09:15:00,14223.333,533.8413333333333,29.71173333333333,76.84893333333333,2.858613333333333,0.7208656932496063,-0.693074781171386,15.0
2022-04-27 09:30:00,15206.333,557.792,29.811866666666667,74.7908,2.671066666666667,0.7604815271642228,-0.6493595666824132,15.0
2022-04-27 09:45:00,16045.0,624.16,30.700466666666667,70.40906666666666,2.824953333333333,0.7035435568759301,-0.7106521396424308,15.0
2022-04-27 10:00:00,14812.0,646.1419999999999,30.46066666666667,69.57426666666667,2.7822999999999998,0.6729953013303992,-0.7396467564906948,15.0
2022-04-27 10:15:00,17588.666,681.636,30.5928,67.48533333333333,2.82622,0.45213376403294103,-0.8919501440223018,15.0
2022-04-27 10:30:00,19095.334,586.7653333333333,30.667933333333334,66.26006666666667,2.92968,0.5141301892753117,-0.8577121594542846,15.0
2022-04-27 10:45:00,17479.334,570.5474666666667,31.0188,67.7572,3.0679066666666666,0.6497311305109671,-0.7601640994186326,15.0
2022-04-27 11:00:00,17562.0,715.006,31.333666666666666,64.7578,2.7769600000000003,0.5736050298020919,-0.8191320221952877,15.0
2022-04-27 11:15:00,15412.0,739.5686666666667,31.617466666666665,63.980199999999996,3.076533333333333,0.37482234875114995,-0.9270966545493902,15.0
2022-04-27 11:30:00,13340.667,765.9566666666667,31.670399999999997,63.67166666666667,3.4577066666666667,0.42442068227981733,-0.9054651205061045,15.0
2022-04-27 11:45:00,18278.666,701.2013333333333,31.485733333333332,63.99053333333333,3.89924,0.5267580022196093,-0.8500152981550426,15.0
2022-04-27 12:00:00,11582.0,779.3886666666666,31.232333333333333,66.4632,3.6480933333333336,0.4421217131440735,-0.8969550661914729,15.0
2022-04-27 12:15:00,20672.0,789.5766666666666,30.971666666666668,67.06873333333334,3.6466066666666666,0.1212110351139056,-0.9926267601503677,15.0
2022-04-27 12:30:00,22803.666,780.4773333333334,30.939466666666664,67.267,3.8642266666666667,0.37360306480498373,-0.9275886749892558,15.0
2022-04-27 12:45:00,13156.0,782.5833333333334,30.49566666666667,68.28500000000001,3.6866866666666667,0.26639734821911726,-0.963863295733281,15.0
2022-04-27 13:00:00,21146.0,735.9093333333333,30.619333333333334,68.93993333333333,3.9193466666666668,0.3447958359029434,-0.9386777037641784,15.0
2022-04-27 13:15:00,15825.0,721.8326666666667,30.470266666666664,69.00993333333334,3.3225933333333333,0.3614943895972795,-0.9323742844425141,15.0
2022-04-27 13:30:00,16441.0,621.246,30.662533333333332,69.14833333333334,3.6771266666666667,0.5362491685601691,-0.8440597308357551,15.0
2022-04-27 13:45:00,16151.667,611.8753333333334,30.4652,72.44406666666667,2.8925466666666666,0.7721719791460201,-0.6354135933561056,15.0
2022-04-27 14:00:00,12797.333,681.7086666666667,30.267666666666667,70.93286666666667,3.4685866666666665,0.54565350701916,-0.8380108891164192,15.0
2022-04-27 14:15:00,18021.666,556.5233333333333,30.135933333333334,70.20453333333333,3.6360333333333332,0.2922715591199484,-0.9563353678127744,15.0
2022-04-27 14:30:00,16989.334,599.06,29.689133333333334,71.07446666666667,3.5104533333333334,0.045455976335649906,-0.9989663428841699,15.0
2022-04-27 14:45:00,15841.0,512.798,29.855133333333335,70.55613333333334,2.9658466666666663,0.14806257617061694,-0.9889779944658629,15.0
2022-04-27 15:00:00,15722.0,510.6853333333333,30.188133333333333,69.2072,2.496464,0.20257080868210278,-0.979267617901194,15.0
2022-04-27 15:15:00,7164.6665,448.5806666666667,30.194866666666666,68.741,2.434946666666667,0.21160910626926505,-0.9773543810429883,15.0
2022-04-27 15:30:00,10631.333,400.59133333333335,29.829733333333333,70.23646666666667,3.0729466666666667,0.3610929554150896,-0.9325298266273289,15.0
2022-04-27 15:45:00,6965.3335,300.08799999999997,29.3726,72.89253333333333,2.7623666666666664,0.38100582993219034,-0.9245726350902252,15.0
2022-04-27 16:00:00,4313.0,189.95733333333334,29.1112,75.56406666666666,2.3737266666666668,0.4100079360612634,-0.9120819548520752,15.0
2022-04-27 16:15:00,9842.0,250.418,28.629933333333334,78.00293333333335,2.2356553333333333,0.4841887217762172,-0.8749635887879638,15.0
2022-04-27 16:30:00,4812.3335,113.113,28.435866666666666,79.6806,2.93508,0.4465934647788652,-0.8947369877326009,15.0
2022-04-27 16:45:00,4062.3333,72.43033333333332,27.831533333333333,82.4242,2.99066,0.46589252440942003,-0.8848413166774131,15.0
2022-04-27 17:00:00,2123.3333,64.57626666666667,27.464266666666667,83.54986666666667,2.8777666666666666,0.29677492151508156,-0.9549474571722347,15.0
2022-04-27 17:15:00,2845.6667,77.67386666666667,27.477066666666666,83.53479999999999,1.8577800000000002,0.39068828582483245,-0.9205230379079353,15.0
2022-04-27 17:30:00,2122.3333,66.1074,27.3852,84.14833333333333,2.2582999999999998,0.2995736939275605,-0.9540731638121871,15.0
2022-04-27 17:45:00,1487.6666,22.697799999999997,27.2228,85.00213333333333,2.2130466666666666,0.33851895817806693,-0.9409595713706493,15.0
2022-04-27 18:00:00,890.0,28.353333333333335,27.136533333333333,85.71679999999999,2.1988933333333334,0.3192790969335927,-0.9476607295130834,15.0
2022-04-27 18:15:00,291.33334,13.398533333333335,27.0182,86.15259999999999,2.2234866666666666,0.1394035430332728,-0.9902356548770451,15.0
2022-04-27 18:30:00,56.333332,7.33844,26.486733333333333,88.80233333333334,2.7414066666666668,0.11664762493725273,-0.9931733643209014,15.0
2022-04-27 18:45:00,0.0,3.14414,26.2654,89.91186666666665,2.8394866666666667,0.2682361317096102,-0.963353194651611,15.0
2022-04-27 19:00:00,0.0,1.844,26.063066666666668,90.75626666666668,1.8248400000000002,0.11857727167697776,-0.9929448275919686,15.0
2022-04-27 19:15:00,0.0,1.5501466666666668,25.991533333333333,91.30993333333335,1.8256006666666666,0.16150047692849698,-0.9868726341083068,15.0
2022-04-27 21:15:00,0.0,1.3225466666666668,25.7532,93.01213333333334,2.5606999999999998,0.6251790892209894,-0.7804813299501879,120.0
2022-04-27 23:15:00,0.0,1.4033799999999998,25.65213333333333,94.60466666666666,4.0527,0.3232568471344367,-0.9463112652720053,120.0
2022-04-28 01:15:00,0.0,1.4107066666666668,25.579066666666666,94.5826,4.115186666666667,0.24408895155679325,-0.96975284672328,120.0
2022-04-28 03:15:00,0.0,1.4841066666666667,25.253666666666668,93.85633333333334,3.54342,0.1720093355814647,-0.9850953194857963,120.0
2022-04-28 05:15:00,0.0,1.7561333333333333,25.156333333333336,95.17006666666666,1.6217666666666666,0.7725193521885079,-0.6349912208009243,120.0
2022-04-28 05:45:00,0.0,2.777486666666667,25.039333333333335,96.181,2.427194,0.22255820628386241,-0.9749194042666859,30.0
2022-04-28 06:00:00,0.0,5.98824,24.999933333333335,96.02446666666667,1.8859593333333333,0.40124447981086697,-0.9159709970415585,15.0
2022-04-28 06:15:00,35.0,9.008253333333332,25.042333333333332,95.26206666666667,2.4712866666666664,0.4279363471347634,-0.9038088751505792,15.0
2022-04-28 06:30:00,245.0,16.473599999999998,25.217399999999998,94.7042,2.196813333333333,0.5870036710746716,-0.8095842699465318,15.0
2022-04-28 06:45:00,417.0,24.606733333333334,25.4122,95.52220000000001,1.5367826666666669,0.722500731963072,-0.6913701557869165,15.0
2022-04-28 07:00:00,506.66666,26.8552,25.421666666666667,95.99373333333332,1.2913693333333334,0.712075063786303,-0.7021033424886485,15.0
2022-04-28 07:15:00,1030.6666,52.75946666666667,25.4522,96.4084,1.1508386666666666,0.7820885409077806,-0.6231673243846623,15.0
2022-04-28 07:30:00,1573.3334,47.74993333333334,25.63426666666667,96.44493333333334,1.6004133333333332,0.6566384108327801,-0.754205540565038,15.0
2022-04-28 07:45:00,2223.6667,80.11486666666666,25.7198,96.07893333333332,1.4303786666666667,0.7072713132585906,-0.706942210821697,15.0
2022-04-28 08:00:00,2689.3333,112.87546666666667,25.903133333333336,95.5752,1.7410606666666666,0.6928063282328025,-0.7211237005955236,15.0
2022-04-28 08:15:00,2544.3333,118.64106666666666,26.321133333333332,94.6378,1.91256,0.7418354108805658,-0.6705820033103052,15.0
2022-04-28 08:30:00,2324.6667,71.46806666666666,26.445800000000002,93.5094,2.0084,0.7482691351683423,-0.6633952828852652,15.0
2022-04-28 08:45:00,2846.6667,104.5098,26.6838,92.38273333333333,1.77916,0.7775558550658758,-0.6288138772743289,15.0
2022-04-28 09:00:00,3266.6667,136.36073333333334,26.708199999999998,92.13753333333334,1.83232,0.7239230676132611,-0.6898807086572328,15.0
2022-04-28 09:15:00,8434.667,336.9433333333333,27.06093333333333,91.18493333333332,1.7448533333333331,0.7288332070179842,-0.6846912854329901,15.0
2022-04-28 09:30:00,9627.0,260.00866666666667,27.860733333333332,85.72506666666666,2.0248133333333334,0.8012259645318438,-0.5983618919684113,15.0
2022-04-28 09:45:00,4865.6665,184.07133333333334,27.52926666666667,85.8762,1.9793666666666667,0.728817273330918,-0.6847082459664744,15.0
2022-04-28 10:00:00,7124.0,285.03066666666666,27.888333333333332,85.73266666666667,2.729473333333333,0.7472184209116278,-0.6645785367060341,15.0
2022-04-28 10:15:00,6386.3335,241.898,28.212600000000002,83.50033333333334,2.191173333333333,0.7064400347956193,-0.7077728994797443,15.0
2022-04-28 10:30:00,7349.6665,303.99466666666666,28.298066666666667,84.382,2.20248,0.8038499394854058,-0.594832140010364,15.0
2022-04-28 10:45:00,6925.3335,323.638,28.32766666666667,84.37446666666666,2.8243533333333333,0.8241920874013837,-0.5663103416546,15.0
2022-04-28 11:00:00,17853.0,600.4653333333333,28.96786666666667,81.72186666666667,2.6482533333333333,0.8175806257346313,-0.5758141370471628,15.0
2022-04-28 11:15:00,8939.0,344.804,29.057066666666667,81.29866666666666,2.51684,0.7836573190865765,-0.6211933726642932,15.0
2022-04-28 11:30:00,13274.667,461.1706666666667,29.210266666666666,80.74393333333335,2.5537533333333333,0.79259481671444,-0.6097486830796793,15.0
2022-04-28 11:45:00,11588.0,413.60333333333335,29.026266666666668,81.95366666666668,2.7919533333333333,0.8083256774919512,-0.5887355935453352,15.0
2022-04-28 12:00:00,7669.0,250.994,28.559,83.78500000000001,3.6435000000000004,0.8033790472569847,-0.5954679726303167,15.0
2022-04-28 12:15:00,5491.3335,199.01773333333333,27.542199999999998,86.32566666666666,3.709146666666667,0.8469734938762619,-0.5316351198623335,15.0
2022-04-28 12:30:00,7687.0,275.6542666666667,27.455466666666666,86.18453333333333,3.77556,0.8374580997262794,-0.5465015381523176,15.0
2022-04-28 12:45:00,9168.0,303.66066666666666,27.708466666666666,85.37246666666667,3.5487466666666667,0.8358840112675149,-0.5489061119238235,15.0
2022-04-28 13:00:00,7925.3335,281.14000000000004,27.6588,85.5996,3.5616666666666665,0.8180158854749142,-0.5751956285566607,15.0
2022-04-28 13:15:00,11248.333,337.246,27.637866666666664,84.79066666666667,3.8128466666666667,0.8460939467119153,-0.5330338013085613,15.0
2022-04-28 13:30:00,11208.667,371.9879333333334,27.68406666666667,83.48886666666667,3.1254666666666666,0.8000477948303586,-0.5999362682711226,15.0
2022-04-28 13:45:00,14505.333,516.212,28.53193333333333,81.31506666666668,3.414486666666667,0.7937852193340277,-0.608198179516208,15.0
2022-04-28 14:00:00,8904.333,469.534,28.272733333333335,82.23073333333333,3.5399533333333335,0.7553809406987951,-0.6552859180762267,15.0
2022-04-28 14:15:00,7344.0,344.3146666666667,28.5338,81.55066666666667,3.37676,0.7512718129207722,-0.6599929265611384,15.0
2022-04-28 14:30:00,6996.6665,247.4813333333333,27.7314,83.90086666666666,3.359013333333333,0.7890340494873868,-0.6143494679329804,15.0
2022-04-28 14:45:00,6712.3335,219.786,27.3688,85.78306666666667,3.434066666666667,0.7285782206675313,-0.6849626094677972,15.0
2022-04-28 15:00:00,5609.3335,214.10399999999998,27.232466666666667,86.41673333333333,3.3336200000000002,0.7216233053034783,-0.692285927376025,15.0
2022-04-28 15:15:00,11535.667,353.69533333333334,27.512,85.47586666666666,3.108433333333333,0.726910358498071,-0.6867323574058571,15.0
2022-04-28 15:30:00,5767.3335,254.4813333333333,27.776400000000002,83.41326666666667,3.0750733333333335,0.6809935745240716,-0.7322893905123353,15.0
2022-04-28 15:45:00,4632.0,144.30960000000002,27.462266666666668,84.56426666666667,3.3673933333333332,0.6562785373487364,-0.7545187084595074,15.0
2022-04-28 16:00:00,4992.6665,155.58859999999999,27.07186666666667,87.0272,2.792173333333333,0.66874140493295,-0.7434950795589061,15.0
2022-04-28 16:15:00,6720.6665,151.32933333333332,27.133666666666667,86.4336,3.1796733333333336,0.688379895616547,-0.7253503424628349,15.0
2022-04-28 16:30:00,2614.3333,115.42486666666667,26.932666666666666,87.31693333333334,2.9726066666666666,0.7068516808019493,-0.7073617895726764,15.0
2022-04-28 16:45:00,3767.0,137.77,26.731333333333332,88.18193333333333,3.2161933333333335,0.6885992998089704,-0.7251420580152524,15.0
2022-04-28 17:00:00,2256.6667,97.91333333333334,26.583199999999998,88.9528,3.21768,0.6836135326189219,-0.7298441874950284,15.0
2022-04-28 17:15:00,2264.6667,56.349000000000004,26.417666666666666,89.83266666666667,2.9793066666666665,0.6907814590859933,-0.7230636042444856,15.0
2022-04-28 17:30:00,972.3333,39.24993333333334,26.424666666666667,89.88493333333334,2.6513666666666666,0.5962902614263262,-0.8027689107882314,15.0
2022-04-28 17:45:00,660.6667,29.090866666666667,26.099533333333333,91.369,2.2473666666666663,0.631506179243032,-0.7753708439049456,15.0
2022-04-28 18:00:00,354.0,21.6354,25.918333333333333,92.2578,2.61436,0.5975785005479938,-0.8018104113085657,15.0
2022-04-28 18:15:00,95.333336,14.113066666666667,25.725733333333334,92.85926666666667,2.274653333333333,0.671643008764097,-0.7408749346403286,15.0
2022-04-28 18:30:00,7.0,6.4870866666666664,25.4828,93.65339999999999,2.1705200000000002,0.784184673986781,-0.62052751517096,15.0
2022-04-28 18:45:00,0.0,3.04152,25.339066666666668,94.52446666666667,2.0183133333333334,0.8435539531019686,-0.53704443783177,15.0
2022-04-28 19:00:00,0.0,1.8881933333333334,25.19766666666667,95.5304,1.6942066666666666,0.9406709065107184,-0.3393202700168432,15.0
2022-04-28 19:15:00,0.0,1.8442133333333333,25.1692,96.0434,1.9666933333333332,0.9727041044704081,-0.2320489714401283,15.0
2022-04-28 21:15:00,0.0,1.87348,24.920866666666665,97.03046666666665,2.2116800000000003,0.8834387381098302,-0.4685466849812416,120.0
2022-04-28 23:15:00,0.0,1.9912133333333335,24.835266666666666,97.67166666666667,2.198306666666667,0.7317424178822514,-0.6815812745900789,120.0
2022-04-29 01:15:00,0.0,2.57158,24.850533333333335,97.5184,1.4864399999999998,0.956383985070843,-0.2921124322927965,120.0
2022-04-29 03:15:00,0.0,2.6670466666666663,24.6528,97.58033333333333,2.252393333333333,0.6889620222778212,-0.7247974419510977,120.0
2022-04-29 05:15:00,0.0,2.689293333333333,24.382866666666665,97.90726666666666,1.09171,0.8038623974443087,-0.594815304086141,120.0
2022-04-29 05:45:00,0.0,4.335213333333333,24.300133333333335,97.98939999999999,1.2405673333333334,0.6641350113834701,-0.7476126581691069,30.0
2022-04-29 06:00:00,0.0,8.722006666666665,24.271133333333335,98.08033333333333,1.7968466666666667,0.8791721965938892,-0.4765041959272508,15.0
2022-04-29 06:15:00,272.66666,16.863866666666667,24.22126666666667,98.23386666666667,1.67286,0.8306995574738687,-0.5567209760847158,15.0
2022-04-29 06:30:00,1423.3334,35.34513333333334,24.301733333333335,98.3114,1.82158,0.7233689626317081,-0.6904616889452494,15.0
2022-04-29 06:45:00,2391.6667,132.04693333333333,24.643866666666668,98.33213333333333,1.8300933333333333,0.5728995207562274,-0.8196256091150916,15.0
2022-04-29 07:00:00,3211.0,154.28266666666664,25.248066666666666,96.68853333333333,1.9899866666666668,0.8589718124766197,-0.5120228758274681,15.0
2022-04-29 07:15:00,3160.3333,158.08440000000002,25.81726666666667,93.11873333333332,2.2276533333333335,0.8460257163529414,-0.5331420891933897,15.0
2022-04-29 07:30:00,5463.3335,194.988,25.7556,92.68086666666666,1.89428,0.8401503536373958,-0.5423535592977692,15.0
2022-04-29 07:45:00,5588.6665,168.93066666666667,26.184866666666668,89.92186666666666,1.9571466666666666,0.7488092137351727,-0.6627856074367581,15.0
2022-04-29 08:00:00,5399.3335,198.32933333333332,26.28193333333333,89.51433333333333,2.2088733333333335,0.797513736989918,-0.6033007867659181,15.0
2022-04-29 08:15:00,9839.333,324.606,26.884400000000003,86.91846666666667,2.2245399999999997,0.8617631847132434,-0.5073107661708829,15.0
2022-04-29 08:30:00,8724.333,230.64333333333335,26.7002,86.95213333333332,2.1109466666666665,0.9175373002595798,-0.39764972354116096,15.0
2022-04-29 08:45:00,13218.0,413.98266666666666,26.822400000000002,87.7328,2.5127533333333334,0.8530897347048328,-0.5217642231326693,15.0
2022-04-29 09:00:00,7373.0,348.01599999999996,27.571,84.1884,2.8084333333333333,0.7564321609611203,-0.6540721564656989,15.0
2022-04-29 09:15:00,9333.0,461.45466666666664,27.940800000000003,83.1986,2.709506666666667,0.7654158267553949,-0.6435360224201558,15.0
2022-04-29 09:30:00,14788.333,546.7353333333334,28.526133333333334,80.23053333333334,2.7862133333333334,0.7713210502422188,-0.6364462565317205,15.0
2022-04-29 09:45:00,15575.0,655.3306666666666,28.666133333333335,79.66433333333333,2.71976,0.8090580275551773,-0.5877287708190964,15.0
2022-04-29 10:00:00,15730.333,678.9713333333333,29.157333333333334,77.96006666666668,2.8262066666666663,0.8011841890388055,-0.5984178266347282,15.0
2022-04-29 10:15:00,12246.333,629.376,29.236733333333333,77.36393333333334,3.4303866666666663,0.7626156469803209,-0.6468518957078093,15.0
2022-04-29 10:30:00,17544.0,680.9173333333333,29.714466666666667,75.95046666666667,3.2989200000000003,0.7006934570380164,-0.7134624582023313,15.0
2022-04-29 10:45:00,12007.0,494.8706666666667,29.781,75.37393333333333,3.3417933333333334,0.7552055478999746,-0.6554880475043761,15.0
2022-04-29 11:00:00,12168.333,430.90933333333334,28.9026,78.27433333333333,3.071853333333333,0.7557925198507345,-0.6548111689164114,15.0
2022-04-29 11:15:00,6261.3335,206.3674,28.295666666666666,79.72966666666666,2.9117200000000003,0.7407498830618957,-0.671780924665019,15.0
2022-04-29 11:30:00,4022.0,141.03866666666667,27.173800000000004,84.11819999999999,2.929753333333333,0.7110776867897803,-0.7031134498426943,15.0
2022-04-29 11:45:00,7495.0,219.61,26.9212,86.11066666666667,2.691386666666667,0.7464833559370164,-0.6654040872349745,15.0
2022-04-29 12:00:00,12837.667,454.76733333333334,27.531200000000002,83.75833333333334,2.6868,0.7294463537727024,-0.6840380230423667,15.0
2022-04-29 12:15:00,11383.0,481.0733333333334,28.477333333333334,79.77706666666667,2.7384733333333333,0.6757960679434692,-0.7370886476890998,15.0
2022-04-29 12:30:00,8291.0,325.25600000000003,28.276733333333333,80.01093333333333,2.4573866666666664,0.7169673884626825,-0.6971067091062895,15.0
2022-04-29 12:45:00,20183.334,512.0506666666666,28.216,80.77713333333332,2.74732,0.7529434961387678,-0.6580851704926418,15.0
2022-04-29 13:00:00,18752.0,643.1386666666666,28.955733333333335,78.10593333333333,2.9232799999999997,0.7407733321885754,-0.6717550672069652,15.0
2022-04-29 13:15:00,11394.333,564.538,28.94046666666667,78.51613333333333,3.121573333333333,0.774201200268237,-0.6329395717627562,15.0
2022-04-29 13:30:00,11831.0,626.9979999999999,29.09146666666667,76.9818,2.653766666666667,0.7506802002634478,-0.660665752807295,15.0
2022-04-29 13:45:00,12719.667,583.0893333333333,28.9226,77.43306666666668,2.3312133333333334,0.7584605041998719,-0.6517190066039782,15.0
2022-04-29 14:00:00,17688.666,613.7199999999999,28.858933333333333,76.2268,2.59396,0.7577472397539216,-0.652548174961292,15.0
2022-04-29 14:15:00,15768.333,586.4393333333334,28.75586666666667,77.15113333333333,2.4092466666666668,0.8347325525373874,-0.5506555781379299,15.0
2022-04-29 14:30:00,15873.667,586.936,28.609133333333332,78.44773333333333,2.5141133333333334,0.781934073123488,-0.6233611355294071,15.0
2022-04-29 14:45:00,12197.333,557.9933333333333,29.104400000000002,77.46073333333334,2.4919266666666666,0.762163873358088,-0.6473841441893649,15.0
2022-04-29 15:00:00,11297.0,515.2773333333333,29.250733333333336,76.182,2.7203999999999997,0.7822386114594251,-0.6229789360339807,15.0
2022-04-29 15:15:00,10686.333,453.41200000000003,29.034466666666667,76.13553333333333,1.8870993333333332,0.7496468938472888,-0.6618379972055939,15.0
2022-04-29 15:30:00,7622.0,326.986,28.778866666666666,76.0968,2.5293133333333335,-0.10016490761615449,-0.9949708494635645,15.0
2022-04-29 15:45:00,11256.667,392.31333333333333,28.276866666666667,78.23973333333333,2.22452,0.26529809951415395,-0.9641664370813672,15.0
2022-04-29 16:00:00,9632.333,360.4566666666667,28.500333333333334,78.04026666666667,2.114733333333333,0.5541085134447915,-0.8324444457908308,15.0
2022-04-29 16:15:00,9617.333,331.6553333333333,28.4454,80.03413333333333,2.381693333333333,0.805107792001296,-0.5931285217040214,15.0
2022-04-29 16:30:00,6383.3335,257.63666666666666,28.382066666666667,80.34786666666668,1.5730953333333335,0.6420733727362637,-0.7666431921194363,15.0
2022-04-29 16:45:00,3806.0,150.8548,27.845866666666666,81.02279999999999,1.3277619999999999,-0.18031314256570583,-0.9836092570823434,15.0
2022-04-29 17:00:00,1827.0,70.35079999999999,27.503133333333334,81.34006666666667,1.4653426666666667,-0.426347727086364,-0.9045593488590404,15.0
2022-04-29 17:15:00,1835.0,67.87293333333334,27.132066666666667,82.81166666666667,1.2509866666666667,-0.2403850370426738,-0.970677615877688,15.0
2022-04-29 17:30:00,1804.0,50.78313333333333,26.911733333333334,83.71733333333333,1.1605993333333333,-0.4729096307689554,-0.8811109357657356,15.0
2022-04-29 17:45:00,1248.3334,44.30726666666667,26.78173333333333,84.23786666666666,1.995436666666667,-0.7574003975454953,-0.6529507162090611,15.0
2022-04-29 18:00:00,596.6667,24.7622,26.594266666666666,84.91159999999999,0.8578673333333333,-0.3393147974096024,-0.9406728805801092,15.0
2022-04-29 18:15:00,261.66666,15.639800000000001,26.352733333333333,85.91686666666666,1.10417,-0.20061058538376725,-0.9796710636902481,15.0
2022-04-29 18:30:00,36.666668,8.000073333333335,26.218799999999998,86.805,1.2627066666666666,0.4400593297081684,-0.8979687000874794,15.0
2022-04-29 18:45:00,0.0,2.9385733333333333,25.993933333333334,88.14086666666667,0.9703833333333333,0.768410124810014,-0.6399577174231581,15.0
2022-04-29 19:00:00,0.0,2.10118,25.871333333333332,88.73533333333333,0.6061113333333333,0.4744160103915569,-0.880300771943407,15.0
2022-04-29 19:15:00,0.0,2.3878866666666667,25.791999999999998,88.97426666666667,0.8154993333333334,0.9815576272329761,-0.1911664835183458,15.0
2022-04-29 21:15:00,0.0,2.56424,25.31673333333333,92.11373333333333,0.5662453333333333,0.974117132185809,-0.22604382933868208,120.0
2022-04-29 23:15:00,0.0,2.5864333333333334,24.915733333333332,95.3532,0.5980066666666667,-0.8644825647552671,-0.5026628047052573,120.0
2022-04-30 01:15:00,0.0,3.0789133333333334,24.576733333333333,96.60653333333333,0.9613133333333334,0.8400822559636926,-0.54245903367439,120.0
2022-04-30 03:15:00,0.0,3.0201599999999997,24.45606666666667,96.7904,1.5579800000000001,-0.5606575898165036,0.828047744385038,120.0
2022-04-30 05:15:00,0.0,3.0348466666666667,24.35846666666667,97.49600000000001,1.1045206666666667,0.6358935192583661,0.7717768020387824,120.0
2022-04-30 06:45:00,0.0,14.600733333333332,23.708066666666664,98.423,6.252466666666667,0.9416061794501281,-0.33671620516591283,90.0
2022-04-30 07:00:00,0.6666667,8.648773333333335,23.474733333333333,98.69946666666667,5.50752,0.9710226000723888,-0.2389876778176182,15.0
2022-04-30 07:15:00,91.666664,13.439666666666666,23.412133333333333,98.9348,5.61512,0.9524383574457354,-0.30473131651681223,15.0
2022-04-30 07:30:00,88.0,15.0858,23.263266666666667,98.97146666666667,6.11344,0.9401732191011132,-0.3406968125548729,15.0
2022-04-30 07:45:00,379.33334,24.10953333333333,23.190066666666667,99.05706666666667,6.053393333333333,0.9153817577359947,-0.402586931735446,15.0
2022-04-30 08:00:00,167.33333,20.1194,23.151133333333334,99.0912,4.881813333333333,0.9638496559049681,-0.2664466941282528,15.0
2022-04-30 08:15:00,472.66666,32.03853333333333,23.081466666666664,99.03173333333334,5.313813333333333,0.9591752237969206,-0.28281246446033365,15.0
2022-04-30 08:30:00,406.33334,29.694733333333332,22.968466666666664,98.98186666666668,4.776493333333334,0.9766677807137847,-0.21475578249632885,15.0
2022-04-30 08:45:00,371.66666,24.279333333333334,22.872200000000003,98.91573333333332,4.807086666666667,0.9654095555664636,-0.26073816372169856,15.0
2022-04-30 09:00:00,391.66666,20.568326666666668,22.725933333333334,98.73426666666667,4.234546666666667,0.983589529635482,-0.1804207227328704,15.0
2022-04-30 09:15:00,532.0,35.501533333333334,22.714133333333333,98.65366666666667,4.6289066666666665,0.9659878353657132,-0.25858751308882616,15.0
2022-04-30 09:30:00,709.0,39.57253333333333,22.686866666666667,98.41053333333333,4.794053333333333,0.9607536591487968,-0.2774029675980368,15.0
2022-04-30 09:45:00,859.6667,41.82866666666666,22.62366666666667,98.30626666666667,4.422233333333334,0.967351259134008,-0.25343942363383265,15.0
2022-04-30 10:00:00,660.3333,41.25573333333333,22.578266666666664,98.27886666666667,4.384986666666666,0.980442373941407,-0.19680638043553939,15.0
2022-04-30 10:15:00,992.3333,48.90726666666667,22.538,98.1848,4.408533333333334,0.9751596645846875,-0.2215031118677113,15.0
2022-04-30 10:30:00,1385.0,75.2658,22.590266666666665,98.06126666666665,4.67514,0.9594524939926486,-0.28187038115290947,15.0
2022-04-30 10:45:00,1652.3334,66.47160000000001,22.634200000000003,97.5754,4.138046666666667,0.9873736574776258,-0.15840852413697923,15.0
2022-04-30 11:00:00,1597.3334,63.294666666666664,22.6096,96.99293333333334,3.987393333333333,0.9894207174338838,-0.14507461498352683,15.0
2022-04-30 11:15:00,1591.0,64.5098,22.541666666666668,96.4138,4.44994,0.9804794536520836,-0.19662156790675753,15.0
2022-04-30 11:30:00,1410.3334,55.26513333333333,22.459533333333333,96.19699999999999,3.9968733333333333,0.9845836751289533,-0.174914226607111,15.0
2022-04-30 11:45:00,1250.3334,50.18493333333333,22.44386666666667,95.82333333333332,3.69386,0.9865818518276206,-0.16326741758349336,15.0
2022-04-30 12:00:00,1438.0,56.84813333333333,22.355133333333335,95.36606666666667,3.80984,0.9939063127067056,-0.11022813416619376,15.0
2022-04-30 12:15:00,1439.6666,64.3068,22.43113333333333,95.07133333333333,3.44256,0.9927343990230673,-0.12032627724777936,15.0
2022-04-30 12:30:00,1358.6666,56.9506,22.4096,94.62373333333333,3.1216533333333336,0.9998970224261405,-0.01435076804001505,15.0
2022-04-30 12:45:00,1123.6666,49.12486666666667,22.400466666666667,94.29493333333333,3.0359399999999996,0.9937745321104708,-0.111409960634652,15.0
2022-04-30 13:00:00,968.0,42.8786,22.387666666666668,94.13066666666667,3.101206666666667,0.9974583061828017,-0.07125256084476021,15.0
2022-04-30 13:15:00,1019.3333,41.593133333333334,22.3082,94.41306666666667,3.0595266666666663,0.9837647737649613,-0.1794627256540326,15.0
2022-04-30 13:30:00,1035.0,46.72233333333334,22.2686,94.02066666666666,2.776413333333333,0.9927854116761479,-0.11990465530170899,15.0
2022-04-30 13:45:00,1469.0,50.455333333333336,22.241333333333333,93.78866666666666,3.182373333333333,0.9801269441373425,-0.19837130179538265,15.0
2022-04-30 14:00:00,1625.6666,52.248533333333334,22.299933333333332,93.63873333333332,2.25466,0.9984905037470271,-0.0549246204084112,15.0
2022-04-30 14:15:00,1206.0,43.18066666666667,22.3794,93.12979999999999,2.6732799999999997,0.9954165842540202,-0.09563380046855327,15.0
2022-04-30 14:30:00,1510.6666,53.29913333333333,22.320933333333336,93.55753333333334,2.7862666666666667,0.9919958430699845,-0.12627053231799854,15.0
2022-04-30 14:45:00,1277.0,38.947466666666664,22.37633333333333,92.97426666666667,2.3111866666666665,0.9956225295106905,-0.09346538787558806,15.0
2022-04-30 15:00:00,1045.6666,38.367266666666666,22.346466666666668,92.9154,2.6047599999999997,0.9911602082365221,-0.13267042476955543,15.0
2022-04-30 15:15:00,1126.0,47.082,22.308466666666668,92.7828,3.0238066666666668,0.9656826749478056,-0.2597247991733766,15.0
2022-04-30 15:30:00,1311.3334,62.645999999999994,22.347266666666666,93.07146666666668,3.17784,0.8786116074387192,-0.47753705958171455,15.0
2022-04-30 15:45:00,1068.0,52.358266666666665,22.3798,92.64386666666665,3.110446666666667,0.9510712570745165,-0.3089716232386058,15.0
2022-04-30 16:00:00,986.6667,42.28386666666667,22.413933333333333,92.247,2.6149600000000004,0.9834854516224889,-0.18098719967696336,15.0
2022-04-30 16:15:00,741.3333,34.516333333333336,22.414466666666666,91.934,2.966353333333333,0.9629316036012422,-0.2697456705601412,15.0
2022-04-30 16:30:00,912.0,35.3172,22.401733333333333,92.25053333333334,2.85746,0.9734083194892306,-0.2290769380560865,15.0
2022-04-30 16:45:00,451.0,26.03533333333333,22.399866666666664,92.33913333333334,2.5564733333333334,0.9902837701541546,-0.13906133383968913,15.0
2022-04-30 17:00:00,381.33334,22.023733333333332,22.411266666666666,92.4378,2.5376333333333334,0.9696596206933502,-0.24445903541662786,15.0
2022-04-30 17:15:00,342.66666,19.9588,22.418400000000002,92.37226666666668,2.22102,0.9920932495218368,-0.1255029252774711,15.0
2022-04-30 17:30:00,600.3333,29.041133333333335,22.536133333333336,92.676,2.434413333333333,0.9744764846946566,-0.22448960059910275,15.0
2022-04-30 17:45:00,256.0,17.790466666666664,22.56586666666667,92.45686666666667,1.95022,0.9828622851245089,-0.18434133687219603,15.0
2022-04-30 18:00:00,244.66667,16.732333333333333,22.508266666666668,92.55106666666667,2.72486,0.9637652808877423,-0.2667517260588416,15.0
2022-04-30 18:15:00,73.0,9.060599999999999,22.526866666666667,91.79426666666667,2.23142,0.9890768333284906,-0.14740087439661026,15.0
2022-04-30 18:30:00,0.0,4.35764,22.56253333333333,91.93086666666666,1.9009,0.9947869223004857,-0.10197538536297625,15.0
2022-04-30 18:45:00,0.0,2.1531066666666665,22.558666666666667,91.83773333333333,2.2321466666666665,0.9768129867460359,-0.21409434584848042,15.0
2022-04-30 19:00:00,0.0,1.8444533333333333,22.514799999999997,92.02266666666667,2.75492,0.9442423631284029,-0.3292512105880391,15.0
2022-04-30 21:00:00,0.0,2.0943666666666667,22.740066666666667,92.8216,2.4073133333333336,0.999979923128368,-0.006336666330421074,120.0
2022-04-30 23:00:00,0.0,3.013006666666667,22.325666666666667,95.38693333333335,3.256286666666667,0.9873079560309582,-0.15881750520006088,120.0
2022-05-01 01:00:00,0.0,2.8074999999999997,22.196733333333334,95.76386666666667,3.612153333333333,0.9700590947708824,-0.2428690030701661,120.0
2022-05-01 03:00:00,0.0,3.04998,22.2756,93.93786666666666,3.903186666666666,0.9694755979005466,-0.2451878159195061,120.0
2022-05-01 05:00:00,0.0,2.9837599999999997,21.868933333333334,93.28806666666667,3.5288600000000003,0.9996503145469532,-0.026443309667616495,120.0
2022-05-01 06:30:00,0.0,5.5267333333333335,21.352533333333334,92.43,3.58448,0.9906774367198764,0.1362285446378085,90.0
2022-05-01 06:45:00,0.0,8.047206666666666,21.168999999999997,93.39553333333333,3.2353799999999997,0.9707593721111334,0.24005466347979595,15.0
2022-05-01 07:00:00,44.333332,12.052666666666665,20.361933333333337,94.52473333333334,4.34786,-0.9913350571137476,-0.13135754465306793,15.0
2022-05-01 07:15:00,246.0,17.2558,19.615333333333336,95.76113333333333,4.27482,-0.5440603411573776,-0.8390460924047725,15.0
2022-05-01 07:30:00,428.0,22.650100000000002,19.157,96.5484,4.294153333333333,-0.9926975758833889,-0.12062969300816129,15.0
2022-05-01 07:45:00,649.6667,35.925266666666666,18.919933333333333,96.8056,4.231433333333333,-0.8153381049452496,0.578985124700358,15.0
2022-05-01 08:00:00,663.0,31.245293333333333,18.814866666666667,96.88933333333334,4.82166,-0.8408602025725509,-0.5412523623317025,15.0
2022-05-01 08:15:00,392.0,27.144533333333335,18.730133333333335,96.67980000000001,4.900499999999999,-0.8451876382009912,-0.5344696962712016,15.0
2022-05-01 08:30:00,985.3333,44.910666666666664,18.657866666666667,96.87586666666667,4.282886666666667,-0.8504947687669581,-0.5259835057300167,15.0
2022-05-01 08:45:00,1073.3334,51.8572,18.585533333333334,97.09966666666668,4.5823,-0.9563305046307584,0.29228747135770117,15.0
2022-05-01 09:00:00,1429.6666,65.74293333333334,18.576533333333334,97.0796,4.481413333333333,-0.8026087284674288,0.5965058499192586,15.0
2022-05-01 09:15:00,1905.0,78.76986666666667,18.607933333333335,97.08846666666666,4.531626666666667,-0.8503553475968736,-0.526208877550921,15.0
2022-05-01 09:30:00,1586.6666,66.15599999999999,18.672666666666665,97.1264,4.50688,-0.9922841455039539,-0.12398457396582878,15.0
2022-05-01 09:45:00,1515.3334,64.3342,18.57133333333333,97.08253333333333,4.423266666666667,-0.9681269905036605,0.2504598376153856,15.0
2022-05-01 10:00:00,1564.0,69.38553333333333,18.502000000000002,97.35279999999999,4.717193333333333,-0.783009417061538,0.6220098494340347,15.0
2022-05-01 10:15:00,1746.6666,53.89,18.4074,97.38266666666667,4.607793333333333,-0.9859853684413729,-0.16683181117379908,15.0
2022-05-01 10:30:00,2353.0,87.9396,18.3234,97.45053333333334,4.51344,-0.21977026643453013,-0.9755516541892058,15.0
2022-05-01 10:45:00,3032.0,105.70626666666666,18.2666,97.25753333333334,5.106046666666667,-0.5725473700978471,-0.819871641779394,15.0
2022-05-01 11:00:00,3756.0,150.47333333333333,18.303866666666668,97.2562,5.670166666666668,-0.9683712568076955,0.2495137450896928,15.0
2022-05-01 11:15:00,4205.0,163.80333333333334,18.338933333333333,97.13086666666666,5.74558,-0.8008609306666752,0.5988503734086728,15.0
2022-05-01 11:30:00,5670.3335,229.76866666666666,18.466333333333335,96.99746666666667,5.580593333333334,-0.7843891064955768,0.6202690783934588,15.0
2022-05-01 11:45:00,5048.6665,172.218,18.493933333333334,96.26273333333333,5.79238,-0.9881398610319712,-0.1535565532294754,15.0
2022-05-01 12:00:00,3994.3333,133.20206666666667,18.384333333333334,95.89673333333333,5.528286666666667,-0.9638573379190258,0.26641890349532044,15.0
2022-05-01 12:15:00,4229.0,164.73,18.233066666666666,95.78939999999999,6.405846666666666,-0.10428545260783215,0.9945474068008924,15.0
2022-05-01 12:30:00,3745.0,143.34720000000002,18.137866666666664,95.17853333333332,6.930166666666667,-0.9688019116489052,0.24783634920129635,15.0
2022-05-01 12:45:00,2523.3333,100.82326666666667,18.034133333333333,95.09413333333333,6.913773333333334,-0.5033575985764827,0.86407819550971,15.0
2022-05-01 13:00:00,3756.0,129.57866666666666,17.922933333333333,95.41460000000001,6.97414,-0.9684340373807581,0.24926996458138423,15.0
2022-05-01 13:15:00,4934.6665,177.83333333333334,17.7576,96.06,7.33944,-0.7891370451201765,0.6142171635659465,15.0
2022-05-01 13:30:00,5058.6665,185.38666666666668,17.695066666666666,96.5146,8.394226666666667,-0.9901254495198747,-0.14018414394312248,15.0
2022-05-01 13:45:00,3294.6667,127.84793333333333,17.548133333333332,96.65093333333333,8.064993333333334,-0.08822208775963696,0.996100829851743,15.0
2022-05-01 14:00:00,2896.3333,109.54233333333333,17.318733333333334,96.69946666666667,7.045386666666667,-0.08479088410534351,0.9963987685523473,15.0
2022-05-01 14:15:00,4202.3335,166.62933333333334,17.315,96.8178,7.775386666666666,-0.7913448641066861,0.6113700238415115,15.0
2022-05-01 14:30:00,3257.0,137.20066666666668,17.1906,96.391,7.291146666666666,-0.46885421253384846,0.8832755670736425,15.0
2022-05-01 14:45:00,3363.3333,136.18666666666667,17.176133333333333,96.27153333333334,7.054033333333334,-0.9824596420209212,-0.18647533831615232,15.0
2022-05-01 15:00:00,3064.3333,120.54733333333334,17.12366666666667,95.86533333333334,7.439973333333333,0.2276068302200682,-0.9737531159576195,15.0
2022-05-01 15:15:00,2287.0,83.08166666666666,17.018,95.98859999999999,7.449086666666667,-0.9840289497422752,-0.17800849999119395,15.0
2022-05-01 15:30:00,1340.0,64.96173333333334,16.872066666666665,96.42386666666667,7.76492,-0.795534397433683,0.6059084274870477,15.0
2022-05-01 15:45:00,1466.6666,60.712133333333334,16.709600000000002,96.39713333333334,8.655006666666667,-0.7890519841873004,0.614326432973614,15.0
2022-05-01 16:00:00,1702.0,70.9372,16.6194,96.47353333333334,8.453153333333335,-0.9634886196768155,0.2677492852525747,15.0
2022-05-01 16:15:00,928.0,40.403400000000005,16.539666666666665,96.34286666666667,8.94984,-0.4505390380703516,0.8927567278797972,15.0
2022-05-01 16:30:00,960.6667,43.18366666666667,16.449866666666665,96.31060000000001,9.078021428571429,-0.8130961890388337,0.5821293562177785,15.0
2022-05-01 16:45:00,1247.0,56.2124,16.439933333333332,96.09740000000001,9.01208,-0.4862044265595793,0.8738450981689322,15.0
2022-05-01 17:00:00,568.6667,29.061733333333333,16.467933333333335,95.47133333333333,8.677746666666668,-0.478600924575072,0.8780325477998445,15.0
2022-05-01 17:15:00,348.0,21.975133333333336,16.4696,94.95646666666667,9.843233333333334,-0.968004115089358,0.2509343204308029,15.0
2022-05-01 17:30:00,206.66667,18.115599999999997,16.372933333333332,95.06179999999999,9.07548,-0.800640403791461,0.5991451775793963,15.0
2022-05-01 17:45:00,100.333336,13.550099999999999,16.284066666666668,96.05673333333334,8.88592,-0.7908871305326755,0.6119620468278983,15.0
2022-05-01 18:00:00,26.0,9.719646666666668,16.070800000000002,97.03833333333334,8.446900000000001,-0.7903658368523137,0.612635163810193,15.0
2022-05-01 18:15:00,2.0,7.984513333333334,16.008266666666668,97.62126666666667,8.270478571428571,-0.9895694856034761,0.14405635412043333,15.0
2022-05-01 18:30:00,0.0,4.073053333333333,15.922666666666666,97.84546666666667,8.390086666666667,-0.11588488822535163,0.9932626504006872,15.0
2022-05-01 18:45:00,0.0,2.9261399999999997,15.921199999999999,97.98433333333334,9.154366666666668,-0.10146144748591182,0.9948394718114393,15.0
2022-05-01 19:00:00,0.0,2.6615266666666666,15.950866666666666,97.98479999999999,7.91592,-0.11150362118278763,0.9937640275553978,15.0
2022-05-01 21:00:00,0.0,2.4409533333333333,15.726,98.79406666666667,7.713480000000001,-0.4791179023926612,0.8777505543187406,120.0
2022-05-01 23:00:00,0.0,2.404233333333333,15.482733333333332,98.74433333333333,6.85768,-0.7924907961771478,0.6098838725319029,120.0
2022-05-02 01:00:00,0.0,2.43372,15.172733333333333,98.53126666666667,5.921393333333333,-0.5107379990603308,0.8597364109515483,120.0
2022-05-02 03:00:00,0.0,2.6910066666666665,15.222666666666667,98.807,5.241793333333334,-0.525145221389579,0.8510126300189029,120.0
2022-05-02 05:00:00,0.0,2.7866933333333335,15.118333333333334,99.00506666666666,5.01388,-0.1316797020818419,0.9912923161508099,120.0
2022-05-02 05:45:00,0.0,3.1175066666666664,14.928466666666667,98.93213333333333,4.8686799999999995,-0.9723741032822008,0.23342794020025967,45.0
2022-05-02 06:00:00,0.0,5.05122,14.888066666666667,98.93066666666667,5.025353333333333,-0.4800612128869294,0.8772349923945866,15.0
2022-05-02 06:15:00,26.666666,9.345400000000001,14.7786,98.95826666666667,6.135466666666667,-0.1345972823971232,0.9909003842825519,15.0
2022-05-02 06:30:00,154.33333,13.499653333333333,14.683866666666667,98.9128,6.574479999999999,-0.12451358259907391,0.9922179033601155,15.0
2022-05-02 06:45:00,394.66666,22.220000000000002,14.6824,98.94786666666667,6.605326666666667,-0.797310962354587,0.6035687444767186,15.0
2022-05-02 07:00:00,542.6667,24.639333333333333,14.7964,98.94713333333334,5.042513333333333,-0.20631803869085585,0.9784849855315914,15.0
2022-05-02 07:15:00,847.6667,35.02193333333333,14.839066666666668,98.82033333333334,6.111906666666667,-0.126914571341547,0.9919136512727261,15.0
2022-05-02 07:30:00,1248.6666,49.54373333333333,14.853066666666667,98.68246666666667,6.0657000000000005,-0.09698072210975774,0.9952862600976012,15.0
2022-05-02 07:45:00,1597.3334,56.0058,14.933,98.49713333333334,5.92722,-0.11459039098834965,0.9934128257140317,15.0
2022-05-02 08:00:00,1819.6666,65.99,14.909799999999999,98.0818,6.26038,-0.5242880477275753,0.8515409814037183,15.0
2022-05-02 08:15:00,1702.0,60.438,14.817266666666665,97.35886666666667,6.718753333333334,-0.12586422940807573,0.9920474765632497,15.0
2022-05-02 08:30:00,2589.3333,90.38560000000001,14.8866,96.8454,7.032686666666667,-0.09030812144134519,0.9959138733855128,15.0
2022-05-02 08:45:00,2554.6667,92.54726666666667,14.9896,96.34140000000001,7.595873333333333,-0.4549282841452621,0.890528077201751,15.0
2022-05-02 09:00:00,2962.0,107.9,15.214400000000001,95.89353333333334,6.2742466666666665,-0.12245831065620347,0.9924736581649051,15.0
2022-05-02 09:15:00,3620.0,129.53799999999998,15.400200000000002,95.30546666666666,6.624986666666667,-0.5050357667241757,0.863098415204966,15.0
2022-05-02 09:30:00,3316.3333,113.6102,15.518533333333332,94.56173333333332,6.33684,-0.4746086654292343,0.8801969181379137,15.0
2022-05-02 09:45:00,4145.3335,146.712,15.747533333333333,93.91373333333333,5.717173333333333,-0.9798591814450321,0.19968972066150928,15.0
2022-05-02 10:00:00,5006.3335,176.88733333333332,16.0104,92.4478,4.857653333333333,-0.8111834566268076,0.5847917575470641,15.0
2022-05-02 10:15:00,5666.3335,192.824,16.293666666666667,90.62393333333333,5.172933333333333,-0.7981032931635449,0.6025206498050542,15.0
2022-05-02 10:30:00,6331.3335,221.10333333333335,16.6658,88.87173333333334,5.19694,-0.5089001947459393,0.8608255292378039,15.0
2022-05-02 10:45:00,7010.6665,248.22266666666667,16.921666666666667,86.2356,5.54452,-0.9685349928341956,0.24887741491679094,15.0
2022-05-02 11:00:00,7831.6665,272.096,17.276200000000003,84.51766666666667,5.341566666666666,-0.8558749772245584,-0.5171827755840884,15.0
2022-05-02 11:15:00,8091.6665,255.83066666666667,17.274333333333335,85.59993333333334,4.366486666666666,-0.9795855661567576,0.20102765624994162,15.0
2022-05-02 11:30:00,7690.6665,263.23333333333335,17.60986666666667,84.63300000000001,4.274286666666667,-0.9672915170252142,0.25366734336737096,15.0
2022-05-02 11:45:00,8165.6665,284.7493333333333,18.0446,82.34533333333334,5.1832666666666665,-0.800262493993203,0.5996498484180403,15.0
2022-05-02 12:00:00,9765.667,327.8693333333333,18.3932,80.84673333333333,4.221786666666667,-0.21007965038339607,-0.9776842744438462,15.0
2022-05-02 12:15:00,9067.667,306.95399999999995,18.446066666666663,81.7006,4.325053333333333,-0.09025018136802543,0.9959191256136406,15.0
2022-05-02 12:30:00,8530.333,300.238,18.639200000000002,81.82126666666666,3.9281733333333335,-0.993481114360723,-0.1139968219231402,15.0
2022-05-02 12:45:00,10139.667,347.87666666666667,19.1356,79.08113333333334,4.164693333333333,-0.9812438207875699,-0.1927707554745051,15.0
2022-05-02 13:00:00,11761.0,381.88666666666666,19.729466666666667,78.85533333333333,3.191586666666667,0.127431633642014,-0.9918473565762664,15.0
2022-05-02 13:15:00,8261.667,283.686,19.791333333333334,76.81113333333333,3.8223333333333334,-0.8018975256507851,0.5974615957156982,15.0
2022-05-02 13:30:00,7732.0,276.04866666666663,19.59593333333333,77.15606666666666,4.13736,-0.9872028264876274,-0.159469681679119,15.0
2022-05-02 13:45:00,9350.667,325.8073333333333,20.0054,76.40693333333334,3.1460466666666664,-0.8586759311354779,-0.512518921883495,15.0
2022-05-02 14:00:00,10532.667,366.0693333333333,20.204133333333335,74.2526,3.30166,0.22176330186984303,-0.9751005270964552,15.0
2022-05-02 14:15:00,9503.333,332.1913333333333,20.405933333333333,73.80680000000001,3.1925066666666666,-0.8255926991120303,-0.5642665107667765,15.0
2022-05-02 14:30:00,6687.6665,234.16333333333333,19.8226,75.60033333333334,3.000993333333333,-0.81365050568531,-0.5813543279257833,15.0
2022-05-02 14:45:00,7232.0,250.82666666666668,19.4236,77.97933333333334,4.695433333333333,-0.9803846824828931,-0.19709356750771131,15.0
2022-05-02 15:00:00,5911.3335,203.23333333333332,19.149333333333335,79.20346666666666,4.03468,-0.9819099891556207,0.18934828543297916,15.0
2022-05-02 15:15:00,5749.0,178.10626666666667,18.89926666666667,80.2204,3.83908,-0.9735877605219915,-0.22831310203703473,15.0
2022-05-02 15:30:00,5050.0,157.84193333333332,18.923799999999996,79.25533333333333,4.12964,-0.9811988648118355,-0.19299944997840135,15.0
2022-05-02 15:45:00,4430.6665,151.28533333333334,18.9088,78.60306666666666,4.444933333333334,-0.9839234849142806,-0.17859052560014876,15.0
2022-05-02 16:00:00,3153.6667,110.49333333333334,18.740266666666667,78.81153333333333,3.5732333333333335,0.15642837413114377,-0.9876893052811127,15.0
2022-05-02 16:15:00,2691.3333,88.98793333333333,18.4526,78.5148,5.134106666666667,-0.9758060975222894,0.21863773699505815,15.0
2022-05-02 16:30:00,1815.0,68.35626666666667,18.277533333333334,80.33473333333333,4.362,-0.792987460042452,0.6092379569720033,15.0
2022-05-02 16:45:00,1528.0,62.767066666666665,18.023533333333333,82.44413333333334,3.854833333333333,-0.9781984536834681,0.2076723024653788,15.0
2022-05-02 17:00:00,2050.6667,76.4272,17.706866666666667,83.91460000000001,4.447706666666666,-0.5382373296447693,0.8427933180661009,15.0
2022-05-02 17:15:00,1199.0,49.3578,17.659866666666666,83.32886666666667,4.922873333333333,-0.8094141801995869,0.5872381841227892,15.0
2022-05-02 17:30:00,757.0,34.79653333333333,17.6816,81.97853333333335,4.884413333333333,-0.9770822920787483,0.21286191417475242,15.0
2022-05-02 17:45:00,160.66667,13.583400000000001,17.662066666666664,81.51806666666667,5.273553333333334,-0.13434362570082425,0.9909348062478969,15.0
2022-05-02 18:00:00,44.0,8.666193333333332,17.587466666666668,82.26093333333333,5.4946,-0.1403021948700707,0.9901087284306914,15.0
2022-05-02 18:15:00,0.0,5.6746,17.464000000000002,83.67166666666667,5.237346666666667,-0.5471855981243532,0.8370113029137025,15.0
2022-05-02 18:30:00,0.0,4.9397199999999994,17.4102,83.79466666666667,4.491686666666666,-0.9851900369427511,-0.17146600569425063,15.0
2022-05-02 18:45:00,0.0,3.168293333333333,17.418400000000002,83.18126666666667,5.04926,-0.5020620777820276,0.8648315847916247,15.0
2022-05-02 20:45:00,0.0,3.241986666666667,17.749266666666664,80.5544,3.474326666666667,-0.5091978445827273,0.860649496062308,120.0
2022-05-02 22:45:00,0.0,3.46226,18.0856,79.00953333333334,3.4328933333333334,-0.10879747636251053,0.9940639361415085,120.0
2022-05-03 00:45:00,0.0,3.44774,17.53806666666667,79.003,3.7079999999999997,-0.4940543638552158,0.8694310125338399,120.0
2022-05-03 02:45:00,0.0,3.506533333333333,17.15426666666667,80.51973333333333,3.76302,-0.11552660948703534,0.9933043856242808,120.0
2022-05-03 04:45:00,0.0,3.74928,17.147066666666667,78.93193333333333,4.552693333333334,-0.8461123603307268,-0.5330045719274519,120.0
2022-05-03 05:30:00,0.0,4.079926666666667,17.174133333333334,77.97986666666667,5.0709800000000005,-0.4879840864809503,0.8728525255398831,45.0
2022-05-03 05:45:00,0.0,6.630846666666667,17.127866666666666,78.93599999999999,4.920906666666666,-0.4667853269910695,0.8843706567417534,15.0
2022-05-03 06:00:00,97.0,14.504106666666667,17.083333333333332,80.0804,4.62312,-0.9880243290919937,-0.1542981695365043,15.0
2022-05-03 06:15:00,490.66666,31.118733333333335,17.125333333333334,79.27966666666666,5.520786666666667,-0.4631441407035965,0.886282971139538,15.0
2022-05-03 06:30:00,1167.3334,76.31559999999999,17.388333333333332,78.41973333333334,5.1119666666666665,-0.7793362661567369,0.6266059242082505,15.0
2022-05-03 06:45:00,2247.3333,136.18333333333334,17.9058,76.51013333333334,5.154293333333333,-0.8456228130579925,-0.5337809082721932,15.0
2022-05-03 07:00:00,3895.0,189.692,18.73166666666667,73.70566666666667,4.6209333333333324,-0.9699826143695275,0.24317427458688273,15.0
2022-05-03 07:15:00,2887.6667,130.23066666666668,19.2118,72.05713333333333,4.63366,-0.9623235780349733,0.2719068427935692,15.0
2022-05-03 07:30:00,4328.6665,183.80866666666668,19.09786666666667,71.8536,3.6298000000000004,-0.8632337754765051,-0.5048043669349331,15.0
2022-05-03 07:45:00,6062.0,287.8833333333333,19.7534,69.80919999999999,3.6020600000000003,0.17838226249072167,-0.9839612636830228,15.0
2022-05-03 08:00:00,8032.3335,346.7013333333333,20.9972,64.77686666666666,3.2946,0.8177024786337969,-0.5756410829988987,15.0
2022-05-03 08:15:00,9693.0,390.2,21.974800000000002,61.6708,3.0675866666666667,0.885434890514909,0.4647634394601744,15.0
2022-05-03 08:30:00,10899.0,431.612,22.651733333333333,58.86606666666667,3.2118333333333333,0.7110073258001488,0.7031846006977975,15.0
2022-05-03 08:45:00,12678.667,484.49733333333336,23.372466666666664,56.367266666666666,2.9611,0.9960838946440917,0.08841309196413111,15.0
2022-05-03 09:00:00,11048.333,381.0866666666667,24.034266666666667,54.0492,2.9067866666666666,0.6768739997581765,0.7360988985532909,15.0
2022-05-03 09:15:00,15032.333,586.42,24.221533333333333,53.337466666666664,2.9251666666666667,0.4007712196784915,0.9161781647023761,15.0
2022-05-03 09:30:00,15018.667,594.0926666666667,25.407933333333336,49.001,2.4072866666666664,0.8172959810958765,0.5762180830940041,15.0
2022-05-03 09:45:00,13777.0,507.25399999999996,25.5208,48.476,2.2479733333333334,0.8353292097138237,0.5497500444737395,15.0
2022-05-03 10:00:00,14456.0,608.5360000000001,25.295,48.15726666666667,2.22236,0.9819468295410522,0.18915714090214994,15.0
2022-05-03 10:15:00,18512.0,695.732,25.451533333333334,47.9298,2.9694866666666666,0.9962525847867416,0.0864915447066144,15.0
2022-05-03 10:30:00,18512.0,705.806,25.1278,45.126999999999995,3.0237,0.9975802563170846,0.06952432816172985,15.0
2022-05-03 10:45:00,18902.0,718.8080000000001,25.387600000000003,42.56066666666666,3.51908,0.9943556114411914,0.10609862390914525,15.0
2022-05-03 11:00:00,19526.334,744.7793333333334,25.600666666666665,41.74413333333334,2.7503,0.9897828680877804,0.1425828672734829,15.0
2022-05-03 11:15:00,19935.666,760.1226666666666,25.53506666666667,41.08173333333333,3.4608266666666667,0.9985778433990515,-0.05331313789770179,15.0
2022-05-03 11:30:00,19867.666,756.5773333333333,24.634400000000003,43.9868,4.342233333333334,0.9782874482497279,-0.20725266849195417,15.0
2022-05-03 11:45:00,20044.0,757.8493333333333,24.1024,46.5214,4.383053333333334,0.9679337431267352,-0.25120563074236085,15.0
2022-05-03 12:00:00,20152.666,758.8580000000001,24.212066666666665,46.91993333333333,3.71588,0.9673135024650135,-0.25358349305281763,15.0
2022-05-03 12:15:00,20261.334,737.602,24.404866666666667,45.87173333333333,3.6576400000000002,0.962303168945347,-0.271979063601857,15.0
2022-05-03 12:30:00,20138.334,758.6333333333333,24.3856,46.516799999999996,3.978553333333333,0.9232862141965769,-0.38411270048587653,15.0
2022-05-03 12:45:00,19570.334,744.0740000000001,24.23506666666667,49.4972,4.44072,0.8692534401556252,-0.49436672296748585,15.0
2022-05-03 13:00:00,19641.0,762.992,24.1696,50.68626666666667,4.3756,0.7960160881497983,-0.605275464071271,15.0
2022-05-03 13:15:00,20596.0,682.34,23.978866666666665,51.541466666666665,4.12756,0.7992582984948502,-0.6009876640057739,15.0
2022-05-03 13:30:00,16424.666,627.4946666666667,24.045933333333334,52.57086666666667,3.8563866666666664,0.7522846027788828,-0.6588382778966463,15.0
2022-05-03 13:45:00,18444.334,620.9146666666667,24.408,52.098600000000005,3.76194,0.7650937520562595,-0.6439189006113075,15.0
2022-05-03 14:00:00,12270.667,531.1726666666667,24.202333333333335,53.81786666666667,3.432373333333333,0.7070162722240453,-0.7071972785654754,15.0
2022-05-03 14:15:00,15984.0,632.8273333333333,24.601733333333335,52.79666666666667,3.419706666666667,0.6903017532523548,-0.7235215887979605,15.0
2022-05-03 14:30:00,14980.667,567.9406666666667,24.714133333333333,52.740066666666664,3.1993466666666666,0.7127935925961549,-0.7013738620406856,15.0
2022-05-03 14:45:00,14811.0,532.686,24.101066666666668,54.13986666666666,2.78844,0.7445679206489194,-0.6675467111300485,15.0
2022-05-03 15:00:00,9235.0,311.11533333333335,23.715266666666665,56.2746,3.1384066666666666,0.760020441508859,-0.6498991679396728,15.0
2022-05-03 15:15:00,9455.333,397.8426666666667,23.476733333333335,56.81106666666666,3.22558,0.7132015147183943,-0.7009590568666533,15.0
2022-05-03 15:30:00,9851.0,351.38266666666664,23.64,56.85426666666667,2.713353333333333,0.746723319542712,-0.6651347863787557,15.0
2022-05-03 15:45:00,9879.0,385.8473333333333,23.284533333333336,58.1178,2.85832,0.7511028422475543,-0.6601852167139504,15.0
2022-05-03 16:00:00,11356.667,410.72266666666667,23.388199999999998,57.91806666666666,2.926846666666667,0.7291756858090722,-0.6843265442936356,15.0
2022-05-03 16:15:00,6491.0,229.23533333333336,23.1088,58.06633333333333,2.7552266666666667,0.7841991141054308,-0.6205092661969341,15.0
2022-05-03 16:30:00,6511.6665,212.81,22.6164,59.41093333333333,2.7474800000000004,0.8146084699735515,-0.580011241828423,15.0
2022-05-03 16:45:00,5349.0,165.24666666666664,22.61146666666667,60.96586666666667,3.24486,0.751218054864065,-0.6600541144832374,15.0
2022-05-03 17:00:00,5035.3335,137.30166666666668,22.2394,60.46333333333334,2.6832066666666665,0.8593350131420416,-0.5114130768646488,15.0
2022-05-03 17:15:00,5796.0,153.41133333333335,22.252066666666668,60.6518,2.0301066666666667,0.8833814877402918,-0.4686546138871875,15.0
2022-05-03 17:30:00,4549.0,114.52886666666667,22.204600000000003,61.36633333333334,2.2868399999999998,0.8554305558516584,-0.5179175263643071,15.0
2022-05-03 17:45:00,2421.6667,75.3678,21.851,63.468666666666664,2.9153000000000002,0.795515784887595,-0.6059328642635863,15.0
2022-05-03 18:00:00,1307.6666,48.95493333333333,21.489266666666666,64.43093333333334,2.8265466666666668,0.8503828374416037,-0.5261644512742827,15.0
2022-05-03 18:15:00,424.66666,21.78646666666667,21.2878,65.02053333333333,2.6256733333333333,0.8826852527799354,-0.46996462050331145,15.0
2022-05-03 18:30:00,72.0,11.235240000000001,21.18886666666667,65.62126666666667,1.95822,0.9830076176774876,-0.183564766739237,15.0
2022-05-03 18:45:00,0.0,6.025593333333333,21.099333333333334,65.75846666666668,2.096973333333333,0.978034481452208,-0.20844316513263453,15.0
2022-05-03 19:00:00,0.0,3.6154266666666666,21.002133333333333,66.91080000000001,2.2344066666666667,0.9774434253937948,-0.2111974198574526,15.0
2022-05-03 19:15:00,0.0,3.2777133333333333,20.9022,67.5678,2.1359266666666668,0.977634454804897,-0.21031137101529235,15.0
2022-05-03 21:15:00,0.0,4.960493333333333,20.98806666666667,70.324,1.7563133333333334,0.9347380525848255,0.35533754804400863,120.0
2022-05-03 23:15:00,0.0,5.9378866666666665,21.3138,65.8216,3.6931266666666667,0.9861384920657058,-0.16592430342290376,120.0
2022-05-04 01:15:00,0.0,6.114459999999999,20.982066666666665,77.7294,3.52962,0.9951805059694521,-0.09805998438907353,120.0
2022-05-04 03:15:00,0.0,6.474566666666666,20.754933333333334,67.9738,3.4065066666666666,0.4244406997497449,0.9054557374029649,120.0
2022-05-04 05:15:00,0.0,6.100653333333333,20.1318,67.90293333333334,2.355906666666667,0.7744684656867752,0.6326125162030644,120.0
2022-05-04 05:30:00,0.0,6.534433333333334,20.17366666666667,66.83953333333334,2.70854,0.5585551183639257,0.8294674072858204,15.0
2022-05-04 05:45:00,0.0,10.555266666666666,20.412733333333335,64.33266666666667,2.8115333333333337,0.6125741811616692,0.7904131024812978,15.0
2022-05-04 06:00:00,181.66667,21.191333333333333,20.465733333333333,64.25280000000001,2.50034,0.7170217313566173,0.6970508136157356,15.0
2022-05-04 06:15:00,482.66666,31.790599999999998,20.563933333333335,63.0486,2.4097066666666667,0.807918579628842,0.5892941274868726,15.0
2022-05-04 06:30:00,1001.6667,53.15786666666667,20.754133333333336,63.02093333333333,2.1405466666666664,0.9342592543254368,0.3565945116056597,15.0
2022-05-04 06:45:00,1590.6666,99.29393333333333,21.118533333333335,61.802533333333336,2.0631933333333334,0.96776399392948,0.2518587938779612,15.0
2022-05-04 07:00:00,2895.6667,176.532,22.035733333333333,60.10653333333333,1.9317333333333333,0.8574482325695881,0.5145702366667639,15.0
2022-05-04 07:15:00,4090.3333,185.5593333333333,23.423533333333335,55.64573333333333,2.0381533333333333,0.5608069196791489,0.8279466159360667,15.0
2022-05-04 07:30:00,6491.6665,302.1286666666667,24.214533333333335,52.10673333333333,2.2421,0.3451511042146808,0.9385471300149963,15.0
2022-05-04 07:45:00,3958.6667,189.582,24.729,50.90013333333333,2.6546133333333333,0.6338029777592292,0.7734945283475081,15.0
2022-05-04 08:00:00,6748.6665,296.24066666666664,24.668133333333333,52.212466666666664,2.7716266666666667,0.5590935426663153,0.8291045836013868,15.0
2022-05-04 08:15:00,6402.6665,305.9773333333333,25.261933333333335,50.822066666666665,2.45672,0.808813137825332,0.5880657344898956,15.0
2022-05-04 08:30:00,10758.0,449.88266666666664,25.678133333333335,49.592800000000004,2.8627200000000004,0.8755398678531735,0.4831458783842076,15.0
2022-05-04 08:45:00,12337.333,486.31,26.542133333333332,46.186400000000006,2.9383000000000004,0.9743495887525654,0.22503972737653835,15.0
2022-05-04 09:00:00,13062.667,524.134,27.013466666666666,44.596133333333334,3.0350266666666665,0.9864053667342811,0.1643303151515515,15.0
2022-05-04 09:15:00,13391.667,549.484,27.24073333333333,44.2902,3.20756,0.9751160892645401,0.2216948633988381,15.0
2022-05-04 09:30:00,15388.667,582.2286666666666,27.532666666666668,44.001333333333335,2.57916,0.9295252670102955,0.3687584276859839,15.0
2022-05-04 09:45:00,16018.667,625.798,27.338933333333333,44.6942,3.6639133333333334,0.9997966121133942,-0.020167657439059714,15.0
2022-05-04 10:00:00,16868.666,660.6473333333332,27.042933333333334,45.815266666666666,3.1564533333333333,0.9971682707313011,-0.07520265850850387,15.0
2022-05-04 10:15:00,17544.334,682.6333333333333,27.346600000000002,44.18246666666666,3.5411133333333336,0.9964115827809824,0.08464016599639557,15.0
2022-05-04 10:30:00,18310.0,704.4946666666667,27.6042,44.218666666666664,3.0993666666666666,0.9958560880436587,-0.09094312456904474,15.0
2022-05-04 10:45:00,16125.333,678.1226666666666,26.789466666666666,46.61533333333333,4.309973333333334,0.9717842546970292,-0.23587149535910312,15.0
2022-05-04 11:00:00,18888.0,731.3259999999999,26.3808,47.3324,4.804953333333333,0.9713641904125506,-0.2375954746710678,15.0
2022-05-04 11:15:00,19350.0,693.9913333333333,26.361266666666666,47.031333333333336,4.708771428571429,0.9870484166132111,-0.16042263949129168,15.0
2022-05-04 11:30:00,19710.0,754.856,26.417199999999998,47.6376,4.3571333333333335,0.9670968733121122,-0.25440840715262614,15.0
2022-05-04 11:45:00,19879.666,755.9946666666667,26.386466666666667,47.91113333333333,3.7272333333333334,0.980554878634107,-0.1962450763378583,15.0
2022-05-04 12:00:00,20007.334,763.7906666666667,26.48006666666667,48.81306666666667,4.44288,0.9452511924065767,-0.32634365821009137,15.0
2022-05-04 12:15:00,20004.666,763.5086666666667,26.198666666666668,50.25013333333333,4.59446,0.8958462319453315,-0.44436418477342565,15.0
2022-05-04 12:30:00,19965.334,757.034,26.313666666666666,51.129,4.566999999999999,0.7789951776903402,-0.6270299140672598,15.0
2022-05-04 12:45:00,19987.334,755.8586666666667,26.406333333333336,50.62793333333333,4.4916599999999995,0.7960724262996649,-0.6052013649070568,15.0
2022-05-04 13:00:00,19206.666,729.16,26.244266666666665,50.74046666666666,4.27742,0.7791483667449824,-0.6268395509208289,15.0
2022-05-04 13:15:00,19662.666,649.5324,26.091600000000003,51.437266666666666,4.303346666666667,0.7884904717218065,-0.6150469705672268,15.0
2022-05-04 13:30:00,17692.666,599.888,25.833199999999998,52.44953333333333,4.27326,0.7705429090008542,-0.6373881277436075,15.0
2022-05-04 13:45:00,17850.666,559.7873333333333,25.8002,52.398199999999996,4.1575,0.7645990322849523,-0.64450626050405,15.0
2022-05-04 14:00:00,15583.0,389.32466666666664,24.986866666666668,54.4214,3.876053333333333,0.7585894019756926,-0.651568967347403,15.0
2022-05-04 14:15:00,12472.333,507.96,24.93906666666667,55.090333333333334,3.4669466666666664,0.7489480108039496,-0.662628762666402,15.0
2022-05-04 14:30:00,19951.334,541.1113333333334,25.333933333333334,56.3574,3.30856,0.7433627853018678,-0.6688884581365185,15.0
2022-05-04 14:45:00,17050.334,560.6393333333333,25.956733333333332,56.072066666666665,2.908673333333333,0.7569722465086933,-0.6534470277042983,15.0
2022-05-04 15:00:00,15728.333,565.1020000000001,25.7712,56.370733333333334,3.3836533333333336,0.6977821252428775,-0.716310062536841,15.0
2022-05-04 15:15:00,15568.0,570.8979999999999,25.5716,57.888333333333335,3.2848866666666665,0.7468007064343732,-0.6650478966729547,15.0
2022-05-04 15:30:00,11043.667,359.944,25.151466666666668,60.13206666666667,2.6518266666666666,0.7470405415409999,-0.6647784813711479,15.0
2022-05-04 15:45:00,8854.333,311.46733333333333,24.658266666666666,62.44433333333333,2.9373,0.743409480713992,-0.668836559993959,15.0
2022-05-04 16:00:00,10661.667,389.4073333333333,24.633,62.26473333333333,2.8689066666666667,0.7079783646086597,-0.706234122119604,15.0
2022-05-04 16:15:00,8827.333,279.07866666666666,24.549666666666667,63.072466666666664,2.8695,0.739912940905095,-0.6727026385269894,15.0
2022-05-04 16:30:00,9098.667,313.04200000000003,24.045266666666667,64.47506666666666,3.117566666666667,0.7261108172316278,-0.6875776909551512,15.0
2022-05-04 16:45:00,7607.0,239.4226666666667,23.527533333333334,66.92873333333334,3.0382933333333333,0.7526601111309383,-0.658409262626494,15.0
2022-05-04 17:00:00,5060.3335,135.72933333333333,23.3338,67.1352,3.09418,0.8336931089147073,-0.5522280327438386,15.0
2022-05-04 17:15:00,4573.0,99.15893333333334,23.03173333333333,67.27053333333333,2.689426666666667,0.8946086009152198,-0.4468505915499196,15.0
2022-05-04 17:30:00,3867.3333,83.65666666666667,22.88426666666667,69.72293333333333,2.2810866666666665,0.9674514460877464,-0.2530567119495716,15.0
2022-05-04 17:45:00,2125.6667,65.04486666666666,22.805400000000002,72.0988,2.24344,0.969230050463764,-0.2461566762816105,15.0
2022-05-04 18:00:00,1354.0,52.2396,22.677266666666664,73.77613333333333,2.2787179999999996,0.9688750377219106,-0.24755032070140043,15.0
2022-05-04 18:15:00,733.3333,31.916,22.608533333333334,75.22493333333334,2.1960533333333334,0.9691905125200053,-0.24631230265906212,15.0
2022-05-04 18:30:00,173.0,14.827820000000001,22.391933333333334,76.90393333333333,2.5198666666666667,0.9437113118665648,-0.3307702523732859,15.0
2022-05-04 18:45:00,0.0,5.738813333333334,22.205199999999998,78.16626666666666,1.7865600000000001,0.9776655220965814,-0.21016690249327769,15.0
2022-05-04 19:00:00,0.0,3.9386533333333333,22.1306,78.55826666666667,1.3763246666666666,0.9997202878842889,-0.023650496666125634,15.0
2022-05-04 19:15:00,0.0,3.7917733333333334,22.060533333333336,80.4372,1.2332606666666666,0.9999383019269158,0.01110821045516151,15.0
2022-05-04 21:15:00,0.0,4.696266666666667,21.753333333333334,82.26113333333333,2.73412,0.2287926879838833,-0.9734751696500068,120.0
2022-05-04 23:15:00,0.0,5.761880000000001,21.859933333333334,84.05019999999999,1.8303866666666666,0.9032230668251852,0.42917140113817814,120.0
2022-05-05 01:15:00,0.0,6.283586666666666,21.796666666666667,86.66173333333333,1.84818,0.260811290130743,0.9653898025877099,120.0
2022-05-05 03:15:00,0.0,6.3425,21.371133333333333,86.7564,1.9456200000000001,0.9651597335152127,0.26166140105266505,120.0
2022-05-05 05:15:00,0.0,6.798193333333333,21.631000000000004,84.24113333333334,2.9234266666666664,0.9851099262945483,-0.17192566159811543,120.0
2022-05-05 05:30:00,0.0,7.0626,21.557866666666666,84.85986666666666,3.2966933333333333,0.9724559596981583,-0.23308669298682366,15.0
2022-05-05 05:45:00,0.0,10.200946666666665,21.595466666666667,85.16653333333333,2.1115133333333334,0.9975075604820903,-0.07055966823241845,15.0
2022-05-05 06:00:00,174.33333,21.643733333333333,21.678,84.4404,2.273346666666667,0.9990517203509344,-0.04353917849292042,15.0
2022-05-05 06:15:00,470.66666,29.802133333333337,21.7966,84.36073333333334,2.0776733333333333,0.9989466808500344,0.04588604165429482,15.0
2022-05-05 06:30:00,604.6667,34.815000000000005,21.867933333333333,83.6746,2.4810666666666665,0.9944975435617727,0.1047598961893346,15.0
2022-05-05 06:45:00,1212.0,62.42673333333333,22.00746666666667,83.54053333333333,2.2316266666666666,0.9999995580583723,-0.0009401505519103409,15.0
2022-05-05 07:00:00,2131.3333,91.40306666666667,22.32793333333333,82.43233333333335,2.4645333333333337,0.9958735295170807,0.09075193225046008,15.0
2022-05-05 07:15:00,2459.6667,121.0908,22.694466666666667,79.94166666666666,2.48078,0.9984230474330136,0.05613749508638919,15.0
2022-05-05 07:30:00,4460.6665,187.9196,23.170466666666666,77.73293333333332,2.4219066666666667,0.9998542631066779,-0.017071981355484076,15.0
2022-05-05 07:45:00,4032.3333,185.3772,23.699666666666666,76.24406666666667,2.1811933333333333,0.9995860379887789,0.028770690952696118,15.0
2022-05-05 08:00:00,4329.6665,182.994,23.669466666666665,76.4572,2.3941266666666667,0.9998265165408587,-0.018626240140511077,15.0
2022-05-05 08:15:00,5478.6665,245.52533333333335,23.563466666666667,76.69239999999999,2.3221333333333334,0.99752436258486,0.07032173241373454,15.0
2022-05-05 08:30:00,6494.3335,183.9724,24.5852,73.44206666666668,2.4844066666666667,0.9934201569383936,-0.11452681689673122,15.0
2022-05-05 08:45:00,8285.0,365.43199999999996,25.168999999999997,69.60799999999999,2.97328,0.9843694472542841,-0.17611584628390245,15.0
2022-05-05 09:00:00,12745.0,525.9673333333334,25.012666666666668,70.15339999999999,3.64012,0.9760597069357184,-0.21750275514705433,15.0
2022-05-05 09:15:00,12974.333,556.5446666666667,25.676333333333332,67.15006666666666,3.1171333333333333,0.99469216697892,-0.1028955438820376,15.0
2022-05-05 09:30:00,13766.333,559.0666666666667,26.386533333333333,63.9422,2.7365333333333335,0.9997379955967804,-0.022889739188809193,15.0
2022-05-05 09:45:00,15294.667,534.3486666666666,26.487866666666665,63.172066666666666,2.7911533333333334,0.9981669786473739,-0.06052010193293625,15.0
2022-05-05 10:00:00,14351.0,569.13,26.636333333333333,63.5394,2.3343266666666667,0.9974471015511142,-0.07140924034942099,15.0
2022-05-05 10:15:00,16697.666,637.0993333333333,26.550666666666665,64.78873333333334,2.9004866666666667,0.9871371952073281,-0.15987544476313226,15.0
2022-05-05 10:30:00,15303.667,646.5426666666666,26.4252,64.56306666666667,2.4977666666666667,0.9978416137329006,-0.06566668792409702,15.0
2022-05-05 10:45:00,18454.0,624.6566666666666,27.144533333333335,60.706133333333334,2.68206,0.9981303206484793,-0.06112170647293788,15.0
2022-05-05 11:00:00,19053.0,713.802,26.446,63.5684,3.3265266666666666,0.9055757089891616,-0.4241846712091059,15.0
2022-05-05 11:15:00,17921.334,676.5446666666667,26.604266666666668,63.14066666666667,3.2224,0.8547120090219921,-0.5191024770058319,15.0
2022-05-05 11:30:00,17576.666,667.5966666666667,26.357266666666664,63.718333333333334,3.466286666666667,0.8291221476339001,-0.5590674953017292,15.0
2022-05-05 11:45:00,14051.333,530.422,25.936733333333333,65.62613333333334,2.676353333333333,0.8517513206319955,-0.5239462642310293,15.0
2022-05-05 12:00:00,19601.0,669.8273333333333,26.294733333333333,65.28533333333333,2.59478,0.7969236993931766,-0.6040799759514413,15.0
2022-05-05 12:15:00,19272.334,449.8128666666667,26.550733333333334,63.3676,2.8280266666666667,0.8825539794849037,-0.47021109439842046,15.0
2022-05-05 12:30:00,19375.0,630.8360666666667,26.308,64.94846666666666,2.7230333333333334,0.8011006263383084,-0.5985296872172425,15.0
2022-05-05 12:45:00,18931.666,704.1266666666667,26.847466666666666,63.031333333333336,2.7386866666666667,0.7995379242783734,-0.6006156072236467,15.0
2022-05-05 13:00:00,19084.334,722.8173333333333,26.831333333333337,62.330466666666666,2.9208866666666666,0.7218971226533557,-0.6920003932837075,15.0
2022-05-05 13:15:00,18972.0,722.6513333333334,26.4454,62.31693333333333,3.0013199999999998,0.8148783312246806,-0.5796320430242619,15.0
2022-05-05 13:30:00,18473.0,541.1636,25.999666666666666,64.33846666666666,2.564486666666667,0.8825173200678303,-0.47027989514787333,15.0
2022-05-05 13:45:00,18325.0,693.224,26.1718,65.78,2.51222,0.7820501097510135,-0.6232155532706382,15.0
2022-05-05 14:00:00,17815.334,675.3413333333333,26.304666666666666,65.01393333333334,3.2485333333333335,0.7457318748179107,-0.6662461788862762,15.0
2022-05-05 14:15:00,16820.334,639.1373333333333,26.292266666666666,64.96626666666667,3.24676,0.6965559121762408,-0.7175025165198552,15.0
2022-05-05 14:30:00,15936.667,613.7213333333333,26.147066666666667,65.79113333333333,3.1636866666666665,0.6910254033402884,-0.7228304724749723,15.0
2022-05-05 14:45:00,16100.667,586.336,25.55206666666667,67.55420000000001,2.9539,0.83367383201201,-0.5522571337867995,15.0
2022-05-05 15:00:00,14742.0,535.8679999999999,25.143466666666665,69.47846666666666,2.8627466666666668,0.8571373355509277,-0.5150879420105429,15.0
2022-05-05 15:15:00,14279.333,516.9586666666667,25.403533333333332,68.61179999999999,3.0548066666666664,0.7302417741915247,-0.6831888108170495,15.0
2022-05-05 15:30:00,13272.0,476.22933333333333,25.351066666666668,68.36253333333335,3.0017,0.8047694943425495,-0.5935874501500492,15.0
2022-05-05 15:45:00,10515.333,367.0613333333333,24.779466666666668,71.13806666666666,2.79666,0.852968291558559,-0.5219627319988209,15.0
2022-05-05 16:00:00,10942.333,383.224,24.454933333333333,72.57426666666667,2.4099999999999997,0.8437163831884784,-0.536789218166081,15.0
2022-05-05 16:15:00,10139.667,363.1986666666666,24.363733333333336,73.41313333333333,1.8919866666666667,0.8017965048082949,-0.5975971593617242,15.0
2022-05-05 16:30:00,8537.0,309.6213333333333,24.057133333333336,75.08366666666667,2.4921133333333336,0.673726497430637,-0.7389807891006679,15.0
2022-05-05 16:45:00,7317.0,185.4017333333333,23.525133333333333,77.72066666666666,2.7206533333333334,0.7498955778622958,-0.6615562125039516,15.0
2022-05-05 17:00:00,5773.6665,59.580799999999996,23.099866666666667,79.68893333333334,2.412853333333333,0.8951678675443034,-0.44572916543141355,15.0
2022-05-05 17:15:00,4540.6665,48.5216,22.822400000000002,80.56386666666667,1.8102686666666665,0.9593891713820724,-0.2820858341619101,15.0
2022-05-05 17:30:00,3106.6667,41.62806666666667,22.662733333333335,81.4238,1.9140933333333334,0.9294892206978047,-0.368849276272284,15.0
2022-05-05 17:45:00,1275.0,34.7394,22.6168,81.83493333333332,2.0054066666666666,0.8740210943545748,-0.48588797744257023,15.0
2022-05-05 18:00:00,690.6667,27.187066666666666,22.602333333333334,82.0586,1.6284466666666666,0.8962594767403337,-0.44353010084225764,15.0
2022-05-05 18:15:00,373.33334,20.008733333333335,22.42706666666667,83.29446666666666,2.05568,0.8542532373763491,-0.5198571019347789,15.0
2022-05-05 18:30:00,91.0,11.63956,22.367533333333334,84.1686,1.63962,0.8507377314472926,-0.5255904415910874,15.0
2022-05-05 18:45:00,0.0,5.738993333333334,22.230466666666665,85.31700000000001,1.3293893333333335,0.8779718355248846,-0.47871228940258587,15.0
2022-05-05 19:00:00,0.0,3.8431466666666667,22.233533333333334,85.9272,1.1709733333333332,0.6240887226491287,-0.781353483554133,15.0
2022-05-05 19:15:00,0.0,3.6742,22.150066666666664,86.30893333333333,0.7957540000000001,0.9868581607435039,-0.1615888937209134,15.0
2022-05-05 21:15:00,0.0,4.791753333333333,22.096933333333332,87.2764,1.258352,0.5786108059211919,0.8156037857141352,120.0
2022-05-05 23:15:00,0.0,5.938793333333334,22.17073333333333,87.78760000000001,1.3097640000000002,0.6279560850660689,0.7782487746398937,120.0
2022-05-06 01:15:00,0.0,6.22466,21.8658,92.20086666666666,1.6692,0.38412720338442624,0.9232801804544813,120.0
2022-05-06 03:15:00,0.0,6.24686,21.367133333333335,95.12246666666667,1.7426733333333333,0.6080531624352654,0.7938963103910187,120.0
2022-05-06 05:15:00,0.0,6.636593333333334,21.529666666666667,92.78973333333333,1.4894933333333333,0.8573248696301796,0.5147757452654462,120.0
2022-05-06 05:30:00,0.0,6.879173333333333,21.540066666666668,92.76013333333334,1.4266113333333335,0.7721505379250855,0.6354396484183223,15.0
2022-05-06 05:45:00,0.0,9.98054,21.561733333333333,92.72886666666666,1.75953,0.9226417802295523,0.3856580679498907,15.0
2022-05-06 06:00:00,253.0,26.311866666666667,21.455666666666666,92.83613333333332,2.3618733333333335,0.9805809009404393,-0.19611500888722505,15.0
2022-05-06 06:15:00,1207.3334,57.88726666666666,21.56566666666667,92.36500000000001,1.72688,0.9902997822997237,-0.1389472604160293,15.0
2022-05-06 06:30:00,1356.3334,69.93253333333334,21.8082,90.9024,2.69736,0.9552859313920391,-0.29568359657655086,15.0
2022-05-06 06:45:00,1550.0,101.57246666666667,21.9702,90.18913333333333,1.8176400000000001,0.9904338297409008,-0.1379885100462081,15.0
2022-05-06 07:00:00,4547.6665,217.92066666666668,23.025533333333332,86.15246666666667,2.3570933333333333,0.9828646444437401,-0.18432875712291968,15.0
2022-05-06 07:15:00,5741.3335,227.91333333333333,24.080733333333335,80.79066666666667,2.1484266666666665,0.9896532233123273,-0.14347995535098537,15.0
2022-05-06 07:30:00,7950.3335,302.47533333333337,24.697133333333333,78.6596,1.9040066666666666,0.9998775810187399,0.01564682000002474,15.0
2022-05-06 07:45:00,7774.3335,244.2326666666667,24.830266666666667,77.62706666666666,2.0913133333333334,0.9974642719230999,-0.07116899772316683,15.0
2022-05-06 08:00:00,8462.0,315.95799999999997,25.038733333333333,76.84326666666666,2.1482266666666665,0.9965914682844352,-0.08249512314478634,15.0
2022-05-06 08:15:00,10133.667,397.1673333333334,24.824666666666666,78.27606666666667,2.8014466666666666,0.9747622332338856,-0.22324557926393115,15.0
2022-05-06 08:30:00,11520.0,491.0466666666667,25.799066666666665,74.39893333333333,2.308406666666667,0.995177424833085,-0.0980912488583433,15.0
2022-05-06 08:45:00,12299.667,499.42400000000004,26.48026666666667,71.84193333333333,2.7261066666666665,0.9840901437612691,-0.1776698875778469,15.0
2022-05-06 09:00:00,9563.0,593.3506666666667,25.9878,72.8496,3.6676133333333336,0.9258837733774761,-0.37780846760797543,15.0
2022-05-06 09:15:00,16435.334,593.5,26.1126,72.33506666666668,3.50738,0.9326390231430941,-0.36081082648764184,15.0
2022-05-06 09:30:00,15350.667,610.8006666666666,26.279533333333333,71.0128,3.0246133333333334,0.9727874719818189,-0.23169923253049798,15.0
2022-05-06 09:45:00,18147.334,632.3353333333333,26.3508,70.39286666666666,3.242726666666667,0.959299847013643,-0.28238945362672635,15.0
2022-05-06 10:00:00,12871.0,503.438,26.197266666666668,71.047,3.3514600000000003,0.9374404750472561,-0.34814559561076547,15.0
2022-05-06 10:15:00,10785.667,540.6773333333333,25.6446,74.01253333333334,3.9086866666666666,0.7923961217076407,-0.6100068739798674,15.0
2022-05-06 10:30:00,16665.0,683.1966666666667,26.4216,71.51393333333334,3.91166,0.7694515793021146,-0.6387051488045807,15.0
2022-05-06 10:45:00,11743.0,735.3786666666667,27.191066666666664,68.46566666666666,4.395866666666667,0.6993972674729421,-0.7147331405856189,15.0
2022-05-06 11:00:00,19903.334,757.4106666666667,27.229933333333335,67.79673333333334,4.0685400000000005,0.7213090816266832,-0.6926133183551055,15.0
2022-05-06 11:15:00,18328.0,755.5726666666667,27.3774,67.29013333333333,4.256226666666667,0.7157983691168212,-0.698307020421318,15.0
2022-05-06 11:30:00,19018.666,786.4966666666667,27.360466666666664,67.17286666666666,4.143286666666667,0.7406091693486115,-0.6719360522227986,15.0
2022-05-06 11:45:00,20560.0,796.34,27.462866666666667,65.9276,3.5816333333333334,0.7559524978391107,-0.6546264744194276,15.0
2022-05-06 12:00:00,19306.0,745.7693333333334,27.367066666666666,66.66080000000001,3.6956333333333333,0.7376545425542489,-0.675178328924353,15.0
2022-05-06 12:15:00,18494.0,720.4933333333333,27.1676,67.16813333333333,3.7396866666666666,0.7272778170747374,-0.6863431916985882,15.0
2022-05-06 12:30:00,21724.666,836.798,27.2914,67.10979999999999,3.9014933333333333,0.7637584761359668,-0.645502122483316,15.0
2022-05-06 12:45:00,15024.667,800.3426666666667,27.36866666666667,68.1594,4.242253333333333,0.7711284748493353,-0.6366795703307419,15.0
2022-05-06 13:00:00,21280.334,780.2753333333334,27.421733333333336,67.59753333333333,3.9924466666666665,0.729255305881946,-0.6842416962178126,15.0
2022-05-06 13:15:00,21801.0,707.5446666666667,27.074666666666666,68.29713333333332,4.074786666666666,0.7483154470725326,-0.6633430422282545,15.0
2022-05-06 13:30:00,21864.334,781.8786666666667,26.557599999999997,69.62046666666667,3.4445866666666665,0.772711416751943,-0.6347574863057583,15.0
2022-05-06 13:45:00,18067.0,727.5740000000001,26.737466666666666,69.30513333333333,3.2823599999999997,0.781781733922896,-0.6235521794561465,15.0
2022-05-06 14:00:00,18908.0,694.2900000000001,26.85053333333333,68.91386666666668,3.61768,0.7726966450652659,-0.6347754679450699,15.0
2022-05-06 14:15:00,14792.0,565.8926666666666,26.4284,69.95046666666667,3.1996733333333336,0.7366717556107073,-0.676250489453012,15.0
2022-05-06 14:30:00,17369.334,639.2826666666666,26.2562,71.32860000000001,3.4572333333333334,0.7664780607039037,-0.6422704901048958,15.0
2022-05-06 14:45:00,16685.334,591.328,26.249466666666663,71.02473333333334,3.3188466666666665,0.6964557231362716,-0.7175997670782321,15.0
2022-05-06 15:00:00,14844.667,464.92,26.17366666666667,71.48273333333333,3.322866666666667,0.7245488852550868,-0.6892234128899069,15.0
2022-05-06 15:15:00,12769.667,456.26800000000003,25.545,74.19393333333333,3.244226666666667,0.718652417677178,-0.6953694719835972,15.0
2022-05-06 15:30:00,10744.0,398.72,25.632066666666667,73.3196,3.207126666666667,0.7236179660523466,-0.6902007238523189,15.0
2022-05-06 15:45:00,11655.0,420.17199999999997,25.065800000000003,75.31293333333333,3.1822733333333333,0.7908961094002418,-0.611950442548709,15.0
2022-05-06 16:00:00,10532.667,371.45,24.991066666666665,75.7596,3.019746666666667,0.7632775758858245,-0.6460706943902188,15.0
2022-05-06 16:15:00,7395.6665,272.37533333333334,24.723266666666667,77.0474,3.028,0.727126065955835,-0.6865039578965227,15.0
2022-05-06 16:30:00,7459.3335,273.77000000000004,24.27446666666667,78.69346666666667,2.812726666666667,0.7453208703499002,-0.6667059323426386,15.0
2022-05-06 16:45:00,6353.0,165.05473333333333,23.88426666666667,80.41906666666667,2.6427533333333333,0.6885486736651086,-0.7251901295481205,15.0
2022-05-06 17:00:00,4165.0,78.57353333333334,23.37046666666667,82.00926666666668,2.438546666666667,0.7858065220099155,-0.6184724003273552,15.0
2022-05-06 17:15:00,3437.3333,68.32946666666666,23.132333333333335,82.88833333333334,2.17548,0.8623664334629574,-0.5062846377645471,15.0
2022-05-06 17:30:00,2818.6667,56.95386666666666,23.028399999999998,83.65426666666667,2.26648,0.7547477469126855,-0.6560151206567001,15.0
2022-05-06 17:45:00,2335.3333,65.49486666666667,23.1292,83.31013333333334,1.89096,0.7137396022764213,-0.7004111507838063,15.0
2022-05-06 18:00:00,1467.6666,53.769933333333334,23.1016,83.5182,1.8326,0.8128161850165072,-0.582520256622215,15.0
2022-05-06 18:15:00,738.0,32.300533333333334,22.981133333333332,84.4136,1.8832866666666668,0.7507416945719153,-0.660595873459174,15.0
2022-05-06 18:30:00,201.66667,16.194893333333333,22.842,85.15433333333334,1.4962813333333334,0.9057217494147358,-0.4238727552427857,15.0
2022-05-06 18:45:00,0.0,5.9446200000000005,22.55006666666667,87.23100000000001,1.6011893333333334,0.8998193620435122,-0.436262668230513,15.0
2022-05-06 19:00:00,0.0,4.12242,22.3958,88.39413333333333,1.1460966666666665,0.991322779618789,-0.13145016777805107,15.0
2022-05-06 19:15:00,0.0,4.07096,22.4258,88.3226,0.9861926666666666,0.9566829240767525,0.29113189928270405,15.0
2022-05-06 21:15:00,0.0,5.4893600000000005,22.50953333333333,88.11773333333333,1.80958,0.23600932803736183,0.9717507895954358,120.0
2022-05-06 23:15:00,0.0,6.2980133333333335,22.5864,88.86273333333334,1.9258,0.3458495923963364,0.9382899655433218,120.0
2022-05-07 01:15:00,0.0,7.164893333333334,22.623466666666666,91.39653333333334,1.9834866666666666,0.37456559760846864,0.927200416893894,120.0
2022-05-07 03:15:00,0.0,7.4150133333333335,22.2422,94.11580000000001,1.4455213333333332,0.8084147214902397,0.5886133179582824,120.0
2022-05-07 05:15:00,0.0,7.546853333333333,22.273799999999998,93.25893333333333,1.8667846666666668,0.6628439811212523,0.7487575419929531,120.0
2022-05-07 05:30:00,0.0,7.90002,22.196933333333334,93.16640000000001,2.007433333333333,0.9899499766646191,0.14141797517189986,15.0
2022-05-07 05:45:00,0.0,10.01656,22.166600000000003,92.8808,2.389413333333333,0.4848817711329318,-0.8745797093592963,15.0
2022-05-07 06:00:00,103.666664,18.996666666666666,22.220399999999998,92.43313333333334,1.9888533333333334,0.3067536692206686,0.9517889400595368,15.0
2022-05-07 06:15:00,505.33334,33.224333333333334,22.326999999999998,91.45706666666666,1.9409999999999998,0.2695596755113244,0.9629836869533303,15.0
2022-05-07 06:30:00,637.0,37.016666666666666,22.400133333333333,90.53186666666667,2.3010466666666667,0.5639735723959948,-0.8257928369990258,15.0
2022-05-07 06:45:00,1514.3334,69.9464,22.540266666666664,89.60113333333334,2.4509666666666665,-0.9689608291471592,0.24721430294068686,15.0
2022-05-07 07:00:00,2041.3334,86.36226666666667,22.902266666666666,87.86506666666668,2.2681133333333334,0.18436832605056316,-0.9828572227690618,15.0
2022-05-07 07:15:00,1859.6666,66.8494,23.2756,85.99673333333334,1.6907866666666669,0.8840953537675886,0.467306543338056,15.0
2022-05-07 07:30:00,2183.3333,92.61933333333333,23.516000000000002,84.0344,1.6636433333333334,0.10439227391851295,-0.9945362000179391,15.0
2022-05-07 07:45:00,3225.3333,130.35533333333333,23.862133333333336,82.72873333333334,1.3806473333333333,0.9967527065338746,0.08052354945850068,15.0
2022-05-07 08:00:00,5579.3335,210.96599999999998,24.519266666666667,78.42193333333333,1.5857020000000002,0.6726368609851896,0.7399727381762052,15.0
2022-05-07 08:15:00,9434.0,381.35999999999996,25.751733333333334,73.13026666666666,1.3421966666666667,0.9974794611304367,0.07095579344164633,15.0
2022-05-07 08:30:00,9809.667,357.1313333333334,26.186133333333334,72.11993333333334,1.1997366666666667,0.9955016459888922,0.09474424960601198,15.0
2022-05-07 08:45:00,6165.3335,256.744,25.98033333333333,72.9704,1.50978,0.9995025318904062,-0.03153868647657288,15.0
2022-05-07 09:00:00,8672.667,371.546,25.492866666666668,74.1794,1.1043640000000001,0.8480540153585154,0.5299097914119901,15.0
2022-05-07 09:15:00,14959.0,621.2453333333334,27.009466666666665,69.02086666666668,1.4801006666666665,0.9910233772630209,-0.13368868956720376,15.0
2022-05-07 09:30:00,13657.667,530.3126666666667,27.0852,67.84433333333334,2.0040666666666667,0.9729946691355339,-0.23082758464670744,15.0
2022-05-07 09:45:00,14172.0,623.83,26.9554,67.31133333333334,2.8057466666666664,0.9534067950844397,-0.30168772445496894,15.0
2022-05-07 10:00:00,12559.0,552.592,27.084733333333336,68.25133333333333,3.4665000000000004,0.8530168743604555,-0.5218833318437358,15.0
2022-05-07 10:15:00,17496.666,682.088,27.234266666666667,68.77713333333332,3.2727999999999997,0.7759216416994092,-0.6308293001616948,15.0
2022-05-07 10:30:00,15566.667,563.4906666666667,27.541866666666667,67.71153333333334,2.552093333333333,0.7724454623757829,-0.6350811032104978,15.0
2022-05-07 10:45:00,10073.333,390.49466666666666,26.522133333333333,70.62193333333333,3.0151466666666664,0.7994330849023975,-0.6007551437677716,15.0
2022-05-07 11:00:00,8153.6665,309.12933333333336,25.8,74.34546666666667,2.8252533333333334,0.7444591691491158,-0.6676679904487021,15.0
2022-05-07 11:15:00,13359.667,502.7606666666667,26.03173333333333,75.5154,3.30032,0.7044938402624832,-0.7097101021066411,15.0
2022-05-07 11:30:00,20799.0,723.3433333333334,27.403000000000002,71.39453333333334,3.3708133333333334,0.78050315234173,-0.6251518449021983,15.0
2022-05-07 11:45:00,20209.334,844.94,27.870533333333334,68.8968,3.0599,0.7807431358755631,-0.6248521071287125,15.0
2022-05-07 12:00:00,21311.334,796.006,27.555333333333333,69.72019999999999,2.95114,0.7661117514796267,-0.6427073861757142,15.0
2022-05-07 12:15:00,20921.666,814.2713333333334,27.682133333333333,68.90079999999999,2.7221333333333333,0.7661940058444305,-0.6426093256466675,15.0
2022-05-07 12:30:00,14504.333,765.1373333333333,27.51406666666667,69.8904,2.6630866666666666,0.7850070827368838,-0.6194867876338666,15.0
2022-05-07 12:45:00,16051.667,586.956,27.084133333333334,71.41733333333333,3.023886666666667,0.8340014011890472,-0.5517623245698332,15.0
2022-05-07 13:00:00,18026.334,692.2206666666666,26.851666666666667,72.91239999999999,2.8087666666666666,0.8348158361793181,-0.5505293086332697,15.0
2022-05-07 13:15:00,12933.667,486.91866666666664,26.576666666666664,73.69186666666666,2.998806666666667,0.7713728854029448,-0.6363834313251213,15.0
2022-05-07 13:30:00,9265.667,339.7026666666667,26.1336,75.40100000000001,2.8955333333333333,0.7480761296478365,-0.6636129174836135,15.0
2022-05-07 13:45:00,6715.3335,248.1173333333333,25.635800000000003,77.58726666666666,2.8247133333333334,0.7476126581691068,-0.6641350113834703,15.0
2022-05-07 14:00:00,5704.6665,208.178,25.212,79.75213333333333,2.5711933333333334,0.7462123125592331,-0.6657080325375391,15.0
2022-05-07 14:15:00,3434.3333,130.93533333333332,24.78173333333333,81.51453333333333,2.4804866666666663,0.6481287619198225,-0.761530766267705,15.0
2022-05-07 14:30:00,2736.6667,107.32266666666666,24.414733333333334,82.22246666666666,1.8894666666666666,0.7147087265799896,-0.6994222159399925,15.0
2022-05-07 14:45:00,2223.3333,86.154,24.130333333333333,82.51346666666667,1.9706933333333334,0.7436662407083081,-0.6685510619472329,15.0
2022-05-07 15:00:00,2645.3333,93.61466666666666,24.015866666666668,82.23733333333332,2.0023466666666665,0.7827602425088016,-0.6223233908086391,15.0
2022-05-07 15:15:00,2939.3333,112.7418,23.844333333333335,83.86133333333333,1.7657666666666667,0.8282038207710378,-0.5604270079682587,15.0
2022-05-07 15:30:00,3804.6667,144.06866666666664,23.765333333333334,87.80326666666666,1.72796,0.7637810079453854,-0.6454754618898623,15.0
2022-05-07 15:45:00,5398.3335,191.06199999999998,23.892133333333334,87.39966666666666,2.06676,0.7220822879748062,-0.6918071764538649,15.0
2022-05-07 16:00:00,3999.0,126.848,24.170266666666667,84.26253333333334,2.0908266666666666,0.7503880134816308,-0.6609976015259753,15.0
2022-05-07 16:15:00,3023.3333,111.91799999999999,23.952066666666667,84.51913333333333,1.8704533333333333,0.8677249726083653,-0.49704463774575786,15.0
2022-05-07 16:30:00,2393.0,93.4622,23.677266666666664,85.41226666666667,1.3652933333333332,0.8917396148150784,-0.45254884749544505,15.0
2022-05-07 16:45:00,1291.3334,58.134933333333336,23.578933333333335,85.95846666666667,1.6467933333333333,0.8705389830702304,-0.4920994604295449,15.0
2022-05-07 17:00:00,1404.0,58.4648,23.34286666666667,86.6856,1.3916773333333334,0.979360851873731,-0.202119573067924,15.0
2022-05-07 17:15:00,796.0,37.76713333333334,23.350466666666666,86.55373333333334,1.5392000000000001,0.9762819020675438,-0.216503227909837,15.0
2022-05-07 17:30:00,353.0,23.814200000000003,23.110266666666668,88.1102,2.0299199999999997,0.9754626112524893,-0.2201651517576631,15.0
2022-05-07 17:45:00,324.0,23.1904,22.769866666666665,90.364,1.7080386666666667,0.9565038849470338,-0.29171958809999654,15.0
2022-05-07 18:00:00,381.33334,25.388133333333332,22.68273333333333,91.905,1.2763386666666667,0.9106966384151896,0.41307581964970236,15.0
2022-05-07 18:15:00,195.66667,19.89926666666667,22.754133333333336,91.4856,1.431748,0.8255412087185527,0.5643418402949677,15.0
2022-05-07 18:30:00,5.0,12.690533333333333,22.647,89.87153333333335,1.8498933333333334,0.9722706892133396,0.23385830516921494,15.0
2022-05-07 18:45:00,0.0,10.552266666666666,22.456200000000003,88.95513333333334,1.7366533333333334,0.8866828757474604,0.4623780680960265,15.0
2022-05-07 19:00:00,0.0,9.229646666666667,22.4234,87.89333333333335,1.9558686666666667,0.5060989953884436,0.8624753949341443,15.0
2022-05-07 19:15:00,0.0,8.281733333333333,22.4212,87.721,1.9989333333333332,0.8975648412601093,0.44088247383369067,15.0
2022-05-07 21:15:00,0.0,7.841973333333333,21.702466666666666,93.23586666666667,1.4017286666666666,0.6381355647177004,0.7699240229025339,120.0
2022-05-07 23:15:00,0.0,6.445266666666667,22.06886666666667,90.07826666666666,1.6326,0.61589708907723,0.7878266152309116,120.0
2022-05-08 01:15:00,0.0,6.614626666666666,21.766399999999997,86.96706666666667,3.2291533333333335,0.32390090584429837,0.9460910121089001,120.0
2022-05-08 03:15:00,0.0,6.695393333333333,21.645733333333332,79.64566666666666,3.5430333333333333,0.982514775477005,-0.18618462871400074,120.0
2022-05-08 05:15:00,0.0,7.025986666666666,21.806466666666665,76.6578,2.5762,0.8418137595090419,-0.539768093074473,120.0
2022-05-08 05:30:00,0.0,7.467053333333333,21.801133333333333,76.07873333333333,2.5297,0.16388754845150305,-0.9864790273809962,15.0
2022-05-08 05:45:00,0.0,10.620286666666667,21.792866666666665,75.59653333333333,2.5946866666666666,0.8322968623330639,0.5543301660116803,15.0
2022-05-08 06:00:00,106.333336,18.286333333333335,21.833466666666666,75.31113333333333,2.6152266666666666,0.23472500522749534,0.9720618148661906,15.0
2022-05-08 06:15:00,607.3333,51.0224,21.8658,75.38433333333334,2.88676,0.4689187532152962,0.8832413050141009,15.0
2022-05-08 06:30:00,1433.3334,81.85300000000001,22.248066666666666,73.43726666666666,3.0774266666666668,0.2771845251846518,0.9608167041627447,15.0
2022-05-08 06:45:00,1491.3334,91.1488,22.6386,71.66766666666668,2.9002,0.4040754013249695,0.9147256802146012,15.0
2022-05-08 07:00:00,2410.6667,99.01986666666667,22.974866666666667,69.9788,2.257433333333333,0.8845359841302376,0.46647196355059983,15.0
2022-05-08 07:15:00,4255.0,165.00933333333333,23.431533333333334,66.8158,2.2029066666666663,0.7877270652013898,0.6160244075921063,15.0
2022-05-08 07:30:00,4155.0,161.10866666666666,24.129066666666667,63.52706666666666,1.8100266666666667,0.6350972811311405,0.7724321610988457,15.0
2022-05-08 07:45:00,5381.0,210.654,24.787266666666664,61.2936,2.267926666666667,0.48742996279055284,0.8731620876870458,15.0
2022-05-08 08:00:00,4539.0,173.9453333333333,25.1178,60.174933333333335,1.7442506666666666,0.6116826148967338,0.7911032667314009,15.0
2022-05-08 08:15:00,4837.6665,177.53266666666664,25.075933333333335,61.007,2.0124866666666668,0.7758423632253839,0.6309268003697825,15.0
2022-05-08 08:30:00,4469.6665,171.40733333333336,24.810733333333335,62.9248,2.0574866666666667,0.9994450731265495,0.033309845437441046,15.0
2022-05-08 08:45:00,5223.0,194.022,24.337466666666668,64.41593333333334,2.42436,0.9910768084014359,-0.13329200969609367,15.0
2022-05-08 09:00:00,5690.3335,212.31466666666668,24.2034,62.98746666666667,2.9208933333333333,0.9839650368525409,-0.17836144833393214,15.0
2022-05-08 09:15:00,7536.3335,275.50866666666667,24.634666666666664,62.5894,2.1191533333333337,0.9999998742532549,0.0005014912507193585,15.0
2022-05-08 09:30:00,8359.0,306.282,25.1484,62.79846666666666,2.18068,0.9994767759899611,-0.032344617121140194,15.0
2022-05-08 09:45:00,9636.667,358.916,25.548266666666667,60.0918,2.771646666666667,0.9989249466470359,-0.04635677907508784,15.0
2022-05-08 10:00:00,5833.3335,241.50466666666668,25.391866666666665,57.36966666666667,3.2381533333333334,0.9996208586100541,0.027534324609444917,15.0
2022-05-08 10:15:00,9664.667,353.6933333333333,25.159466666666667,59.267466666666664,3.6373933333333333,0.9798092491395444,-0.19993457755126354,15.0
2022-05-08 10:30:00,8244.333,300.49600000000004,25.318466666666666,60.6244,2.539433333333333,0.9993604902955009,-0.035757662624059626,15.0
2022-05-08 10:45:00,5995.6665,226.54399999999998,25.189333333333334,59.64386666666667,3.5895333333333332,0.979871315252079,-0.19963017193340482,15.0
2022-05-08 11:00:00,6445.0,224.37666666666667,24.63533333333333,61.446000000000005,2.77404,0.9939814947630496,-0.10954810846661626,15.0
2022-05-08 11:15:00,7777.6665,300.6046666666667,24.4908,63.062133333333335,3.528113333333333,0.9748131204581074,-0.22302327273790812,15.0
2022-05-08 11:30:00,10094.333,361.89866666666666,25.225733333333334,61.64926666666667,2.6893133333333332,0.9914314912539095,-0.13062770820177927,15.0
2022-05-08 11:45:00,11294.0,481.5733333333334,26.12346666666667,59.59753333333333,2.42774,0.9999973488541666,0.0023026690248918627,15.0
2022-05-08 12:00:00,8757.333,336.3073333333333,26.5046,55.845333333333336,2.81026,0.9999156928306036,0.012984884716239856,15.0
2022-05-08 12:15:00,13260.0,466.8666666666667,26.122466666666664,58.5762,3.0791666666666666,0.9975328648786292,-0.07020102197998594,15.0
2022-05-08 12:30:00,11377.0,418.7566666666667,25.9934,59.58226666666667,3.095066666666667,0.9944640941542402,-0.10507695007938918,15.0
2022-05-08 12:45:00,13398.333,446.78333333333336,25.940266666666666,59.65906666666667,2.92716,0.9972444047164822,-0.07418623363986775,15.0
2022-05-08 13:00:00,13517.667,507.7093333333333,26.267333333333333,59.6956,2.75746,0.9990096725425478,-0.044493529489481945,15.0
2022-05-08 13:15:00,7384.0,263.33133333333336,26.3516,60.54773333333333,2.61264,0.9996155862371464,-0.027725074423093663,15.0
2022-05-08 13:30:00,3161.0,115.63159999999999,24.920399999999997,67.1978,2.93058,0.8807370374406678,-0.47360560689273495,15.0
2022-05-08 13:45:00,2889.3333,115.5794,24.03646666666667,71.1814,3.5831733333333333,0.7716171822293243,-0.6360871984944185,15.0
2022-05-08 14:00:00,4917.6665,187.94466666666668,23.804333333333332,72.10686666666668,3.230433333333333,0.9188660603930129,-0.394569592160653,15.0
2022-05-08 14:15:00,4807.3335,178.22400000000002,24.045066666666667,72.64953333333332,2.6714933333333333,0.9576899869518086,-0.28780182225316897,15.0
2022-05-08 14:30:00,5438.0,202.36599999999999,24.163933333333333,72.18299999999999,2.7190333333333334,0.8405981173793414,-0.5416593071833133,15.0
2022-05-08 14:45:00,6104.6665,223.27266666666668,24.3324,72.394,2.05288,0.9666346851345814,-0.2561589067254324,15.0
2022-05-08 15:00:00,6528.3335,232.24133333333333,24.441266666666667,71.43173333333334,2.0137733333333334,0.9703309021264847,-0.24178076924851247,15.0
2022-05-08 15:15:00,5112.6665,185.30866666666668,24.388866666666665,70.85346666666666,2.2998666666666665,0.901389629684274,-0.4330089323531875,15.0
2022-05-08 15:30:00,4837.3335,172.93333333333334,24.234266666666667,73.72579999999999,2.83344,0.8431100007984064,-0.5377411334031563,15.0
2022-05-08 15:45:00,4551.3335,165.31,24.11733333333333,75.40186666666666,2.8357533333333333,0.8222433865287437,-0.5691360235565334,15.0
2022-05-08 16:00:00,4526.3335,166.41466666666668,24.138933333333334,76.41026666666667,2.7148666666666665,0.8395566576338417,-0.5432721404808941,15.0
2022-05-08 16:15:00,3326.6667,122.57733333333334,23.900533333333332,78.23993333333333,2.571946666666667,0.9124041692215652,-0.40929040055577337,15.0
2022-05-08 16:30:00,3560.6667,129.06333333333333,23.710266666666666,79.79119999999999,2.5867733333333334,0.9152364845297087,-0.4029170850009965,15.0
2022-05-08 16:45:00,2933.0,109.54306666666666,23.56993333333333,79.1078,2.88556,0.9568061423021736,-0.2907266861724815,15.0
2022-05-08 17:00:00,1628.3334,68.1948,23.467266666666667,79.49186666666667,2.6460999999999997,0.9658568287346222,-0.25907641032463513,15.0
2022-05-08 17:15:00,1489.3334,60.7006,23.391333333333332,79.25573333333334,2.09772,0.9915612556733806,-0.12963902285742768,15.0
2022-05-08 17:30:00,1047.6666,48.15,23.311733333333333,79.8434,2.8364,0.9711309492596036,-0.23854701714785947,15.0
2022-05-08 17:45:00,722.0,37.03346666666666,23.184199999999997,82.3552,2.9895799999999997,0.9685744796238434,-0.2487236969438195,15.0
2022-05-08 18:00:00,598.0,32.875,23.07473333333333,84.15906666666666,3.3537933333333334,0.9476484693772521,-0.3193154842580473,15.0
2022-05-08 18:15:00,189.66667,20.148666666666667,22.9814,84.1962,3.6875799999999996,0.9056220983325209,-0.4240856222648934,15.0
2022-05-08 18:30:00,6.6666665,12.043926666666666,22.933066666666665,84.96086666666666,2.623453333333333,0.989584830127335,-0.14395090823559806,15.0
2022-05-08 18:45:00,0.0,6.077106666666666,22.919533333333334,84.79213333333334,2.037666666666667,0.996515411295361,-0.08340884276164881,15.0
2022-05-08 19:00:00,0.0,6.39306,22.943266666666666,84.98166666666665,2.0080133333333334,0.9999091337317607,-0.013480514819537825,15.0
2022-05-08 19:15:00,0.0,7.238053333333334,22.977666666666668,85.36466666666666,1.8971333333333333,0.9996374605355371,0.02692484900723481,15.0
2022-05-08 21:15:00,0.0,7.870346666666666,22.604133333333333,87.68939999999999,2.1917933333333335,0.9883761971572272,0.15202793458117428,120.0
2022-05-08 23:15:00,0.0,7.650426666666666,22.351666666666667,90.36646666666667,3.1319933333333334,0.9767603950803564,-0.21433415640645348,120.0
2022-05-09 01:15:00,0.0,8.223273333333333,22.589,85.80046666666667,2.8861,0.9793761355648677,-0.20204550251373063,120.0
2022-05-09 03:15:00,0.0,7.848473333333333,22.357599999999998,90.52226666666667,2.1065666666666667,0.9948668244993003,-0.10119289258973829,120.0
2022-05-09 05:15:00,0.0,8.26726,22.525866666666666,85.40066666666667,1.6071733333333333,0.9984102189567409,-0.05636519034610687,120.0
2022-05-09 05:45:00,0.0,9.281246666666668,22.56093333333333,85.59906666666666,1.481126,0.9663706937327532,0.25715303283157526,30.0
2022-05-09 06:00:00,0.0,11.434293333333333,22.5864,85.36753333333333,1.670978,0.9889288406797366,0.14839052554604726,15.0
2022-05-09 06:15:00,189.66667,23.618066666666667,22.6564,84.70793333333333,1.3122873333333334,0.9992258810403346,0.0393400388811079,15.0
2022-05-09 06:30:00,336.33334,26.4842,22.7122,85.27053333333333,1.3808446666666667,0.9135357082329512,0.40675853990213934,15.0
2022-05-09 06:45:00,379.0,27.160266666666665,22.76673333333333,85.04333333333334,1.5085446666666666,0.9679901308875123,0.25098825969430677,15.0
2022-05-09 07:00:00,517.3333,31.679466666666666,22.862399999999997,85.16906666666667,1.4091179999999999,0.9725201991800029,0.23281851770614723,15.0
2022-05-09 07:15:00,1056.0,48.132266666666666,22.919866666666667,83.64460000000001,1.5821246666666666,0.9931407514345563,0.1169249667094453,15.0
2022-05-09 07:30:00,1338.6666,55.91446666666666,23.050066666666666,83.08993333333333,1.3636546666666667,0.999375504106507,-0.035335559877621374,15.0
2022-05-09 07:45:00,1256.6666,55.672466666666665,23.206466666666664,82.76053333333333,1.5566393333333333,0.9960208702965091,-0.0891202891253424,15.0
2022-05-09 08:00:00,1233.0,55.356199999999994,23.14446666666667,83.93180000000001,1.1763480000000002,0.999125118658009,-0.04182101465315529,15.0
2022-05-09 08:15:00,1824.6666,85.55793333333332,23.12526666666667,85.06353333333333,1.4366826666666666,0.9939868471066438,-0.10949953323641931,15.0
2022-05-09 08:30:00,3450.3333,129.066,23.310133333333333,84.84740000000001,2.02082,0.9618244631318237,-0.2736671374520135,15.0
2022-05-09 08:45:00,2412.3333,106.83126666666666,23.2924,84.17106666666668,2.1020266666666667,0.9435576475733826,-0.3312083418420863,15.0
2022-05-09 09:00:00,2445.6667,105.74333333333333,23.26813333333333,83.69633333333333,2.07432,0.9214554847622628,-0.3884839631201568,15.0
2022-05-09 09:15:00,4221.3335,147.04800000000003,23.293733333333332,83.4348,2.0092000000000003,0.9292112807097898,-0.36954890853806105,15.0
2022-05-09 09:30:00,2552.0,94.44720000000001,23.5008,82.56906666666667,1.394496,0.9718149847272217,-0.2357448524562727,15.0
2022-05-09 09:45:00,2125.3333,87.131,23.556,82.45353333333334,1.0416320000000001,0.990645072953495,-0.13646369272800904,15.0
2022-05-09 10:00:00,3180.6667,119.412,23.47106666666667,82.78213333333333,1.9424379999999999,0.9890728882740875,-0.14742734373634533,15.0
2022-05-09 10:15:00,4906.3335,185.27466666666666,23.3146,83.87006666666666,2.217226666666667,0.9502562136656745,-0.3114693056944391,15.0
2022-05-09 10:30:00,5044.0,192.40133333333333,23.534266666666667,80.96866666666666,2.9216400000000005,0.9369867960807462,-0.3493647720797537,15.0
2022-05-09 10:45:00,7733.3335,257.66866666666664,23.760133333333332,78.62233333333333,1.7187733333333335,0.9904814560058907,-0.13764623245280216,15.0
2022-05-09 11:00:00,6751.0,244.59133333333332,24.052866666666667,76.712,1.5855439999999998,0.9947246821996694,-0.10258073221988054,15.0
2022-05-09 11:15:00,6683.3335,243.76533333333333,24.372,74.91633333333333,1.3387706666666666,0.9990300164048799,0.04403437659449036,15.0
2022-05-09 11:30:00,7865.0,291.954,24.7652,69.59413333333333,1.4863,0.9984078570612659,0.05640701160610069,15.0
2022-05-09 11:45:00,12447.0,468.638,25.284,67.22273333333334,2.1005733333333336,0.9624141668536077,-0.27158602953663913,15.0
2022-05-09 12:00:00,10760.333,384.718,25.171066666666665,67.51780000000001,2.422546666666667,0.9113458095076789,-0.411641610497279,15.0
2022-05-09 12:15:00,13079.333,447.178,25.3762,68.75906666666667,1.85752,0.8558099793626782,-0.5172903239219272,15.0
2022-05-09 12:30:00,14030.667,564.9946666666667,25.699066666666667,68.6886,2.0173866666666664,0.827302874207956,-0.5617561342141756,15.0
2022-05-09 12:45:00,12637.0,597.3293333333334,26.259466666666665,68.31466666666667,1.84584,0.9022443746292117,-0.4312251018319119,15.0
2022-05-09 13:00:00,11130.667,440.10066666666665,26.2408,69.41726666666666,2.165086666666667,0.8766483922572632,-0.48113157904335857,15.0
2022-05-09 13:15:00,13153.0,403.4173333333334,26.040200000000002,71.13426666666666,2.41852,0.8208303344935246,-0.5711720948849378,15.0
2022-05-09 13:30:00,12682.333,216.11066666666665,26.2026,70.90446666666666,2.3930266666666666,0.7955016839741571,-0.605951376592446,15.0
2022-05-09 13:45:00,15689.333,437.13666666666666,25.856066666666667,70.699,2.4675266666666666,0.808161239984141,-0.5889612976990047,15.0
2022-05-09 14:00:00,12954.333,420.9793333333334,26.066133333333333,70.68033333333332,1.9310133333333332,0.8289659942110613,-0.5592990080821408,15.0
2022-05-09 14:15:00,12097.667,390.642,25.690133333333332,72.0324,2.12516,0.7956990575562293,-0.6056921741314877,15.0
2022-05-09 14:30:00,20843.334,428.682,25.74593333333333,71.42373333333333,2.46142,0.7238106782373261,-0.6899986246867611,15.0
2022-05-09 14:45:00,11815.667,432.88733333333334,26.044666666666668,73.62573333333333,2.4964333333333335,0.7988035373637594,-0.6015919785827809,15.0
2022-05-09 15:00:00,8467.667,287.39733333333334,25.378600000000002,76.75693333333334,2.3617399999999997,0.8285622986933299,-0.5598968808486302,15.0
2022-05-09 15:15:00,5367.0,198.78400000000002,24.905466666666666,78.74733333333333,2.1156200000000003,0.8430912295781556,-0.5377705631664805,15.0
2022-05-09 15:30:00,8728.0,311.192,24.63453333333333,80.18266666666666,2.46754,0.8697649213790469,-0.4934662922008962,15.0
2022-05-09 15:45:00,14692.0,400.67133333333334,25.067466666666668,76.02186666666667,2.943726666666667,0.8253566483209501,-0.5646117277141943,15.0
2022-05-09 16:00:00,7610.6665,350.2846666666666,25.111266666666666,76.69526666666667,2.746466666666667,0.9140808667461738,-0.40553195811004045,15.0
2022-05-09 16:15:00,6837.3335,350.6426666666667,25.03666666666667,77.2096,1.8142214285714287,0.9972871082211934,-0.07360994345745482,15.0
2022-05-09 16:30:00,8652.0,242.25,24.794733333333333,72.6874,1.8985666666666667,0.987478867931584,-0.15775134037008162,15.0
2022-05-09 16:45:00,6359.3335,231.35133333333334,24.662133333333333,69.59013333333334,1.9172466666666668,0.9970458746937705,-0.0768083573326115,15.0
2022-05-09 17:00:00,4656.3335,146.78893333333332,24.03166666666667,74.6514,2.6253066666666665,0.9641287673877426,-0.2654349635888087,15.0
2022-05-09 17:15:00,2900.0,102.43713333333334,23.842933333333335,77.18106666666667,2.213346666666667,0.9529133832180205,-0.30324261587709905,15.0
2022-05-09 17:30:00,2013.6666,58.59542666666667,23.7154,77.93073333333334,2.5620266666666667,0.9523202138163059,-0.30510032834604633,15.0
2022-05-09 17:45:00,1118.0,22.144233333333332,23.517133333333334,78.89493333333333,1.9240400000000002,0.9975059182139546,-0.07058288126830294,15.0
2022-05-09 18:00:00,635.0,32.16726666666667,23.310266666666667,81.64906666666667,2.0192466666666666,0.9888650379110592,-0.148815109438388,15.0
2022-05-09 18:15:00,243.33333,21.109733333333335,23.12066666666667,84.07600000000001,2.3562266666666667,0.9573843800197912,-0.2888168085380765,15.0
2022-05-09 18:30:00,31.0,13.06454,22.966333333333335,85.91193333333334,2.7672533333333336,0.9320011216683787,-0.3624553892672642,15.0
2022-05-09 18:45:00,0.0,7.2745266666666675,22.9612,86.44553333333333,2.0393,0.9501771774998934,-0.3117103324536037,15.0
2022-05-09 19:00:00,0.0,6.466666666666667,22.946266666666666,86.90913333333333,1.3477133333333335,0.9969163294471366,-0.07847185534730362,15.0
2022-05-09 19:15:00,0.0,6.62108,22.96493333333333,87.64973333333334,1.7901466666666666,0.9860772244293617,-0.16628802561124514,15.0
2022-05-09 21:15:00,0.0,7.2822466666666665,23.020933333333335,91.74186666666667,2.65922,0.9655647161492388,-0.26016298531428317,120.0
2022-05-09 23:15:00,0.0,7.282366666666666,22.893533333333334,93.17446666666666,2.309613333333333,0.9855777261659802,-0.16922336034217095,120.0
2022-05-10 01:15:00,0.0,7.951066666666667,22.78986666666667,95.7064,2.0008600000000003,0.9948755338139615,-0.10110723128631868,120.0
2022-05-10 03:15:00,0.0,10.199826666666667,22.674733333333332,98.52186666666667,2.8916133333333334,0.8529865109753895,-0.5219329574706235,120.0
2022-05-10 05:15:00,0.0,8.656646666666667,22.62586666666667,99.13933333333333,1.8677,0.9928262319937232,-0.11956618696414878,120.0
2022-05-10 05:45:00,0.0,9.156346666666668,22.6326,99.24513333333333,1.75892,0.8733990533192507,-0.4870052296033756,30.0
2022-05-10 06:00:00,0.0,11.985333333333333,22.625133333333334,99.26973333333333,0.9246846666666666,0.9485769931035439,-0.31654650235729836,15.0
2022-05-10 06:15:00,25.0,15.770133333333332,22.6802,99.284,0.9465953333333333,0.8036554111894179,-0.5950949336584607,15.0
2022-05-10 06:30:00,115.0,19.84126666666667,22.647333333333332,99.23633333333333,0.837206,0.9337716871847898,-0.35786930046047694,15.0
2022-05-10 06:45:00,206.66667,21.391666666666666,22.705533333333335,99.24140000000001,0.8534546666666666,0.7831795393481562,-0.6217956329425367,15.0
2022-05-10 07:00:00,291.33334,24.404666666666667,22.7854,99.22800000000001,0.9904033333333333,0.6736349447563491,-0.7390642470063821,15.0
2022-05-10 07:15:00,812.0,37.815799999999996,22.897733333333335,99.22646666666667,0.8507992307692308,0.5372003354956926,-0.8434546813808762,15.0
2022-05-10 07:30:00,1020.3333,43.6356,22.903133333333336,99.12893333333334,1.01275,0.5388038186090327,-0.8424312702246544,15.0
2022-05-10 07:45:00,667.6667,39.36586666666667,22.971,99.11266666666667,1.4289373333333333,0.6122145200034348,-0.7906917107804811,15.0
2022-05-10 08:00:00,823.6667,40.94573333333334,23.02713333333333,99.06580000000001,2.039006666666667,0.6176125628080478,-0.7864824996537909,15.0
2022-05-10 08:15:00,452.66666,31.517666666666667,23.2318,99.14206666666668,3.2936666666666667,0.6639784171895283,-0.7477517378826268,15.0
2022-05-10 08:30:00,574.6667,40.306733333333334,23.228666666666665,99.14346666666667,2.0594313333333334,0.8854217492843222,-0.46478847435612136,15.0
2022-05-10 08:45:00,786.0,38.175266666666666,23.256533333333334,99.15053333333334,2.0075746666666667,0.634546176297601,-0.7728849527232975,15.0
2022-05-10 09:00:00,525.3333,34.41993333333333,23.23646666666667,99.13453333333334,1.814592,0.6656993499179604,-0.7462200583734029,15.0
2022-05-10 09:15:00,724.6667,41.3048,23.212466666666668,99.20166666666667,2.6768066666666663,0.7203574492687334,-0.6936030170659903,15.0
2022-05-10 09:30:00,431.0,30.230933333333333,23.1258,99.1638,2.15226,0.9593757131977236,-0.2821316021404889,15.0
2022-05-10 09:45:00,414.0,22.052466666666664,23.115533333333335,99.25306666666667,1.9107026666666667,0.34645762444145467,-0.9380656237526157,15.0
2022-05-10 10:00:00,890.6667,41.82006666666666,23.079666666666665,99.32246666666667,3.0944999999999996,0.4973979718673002,-0.8675224824650347,15.0
2022-05-10 10:15:00,997.6667,50.9394,23.19226666666667,99.4058,3.5369333333333333,0.6977904598416802,-0.7163019434246543,15.0
2022-05-10 10:30:00,921.6667,45.36886666666667,23.172199999999997,99.41326666666667,3.78148,0.5956362188832066,-0.8032543151172714,15.0
2022-05-10 10:45:00,856.3333,44.9348,23.182533333333332,99.4944,3.0918133333333335,0.7234171641881865,-0.6904111865822586,15.0
2022-05-10 11:00:00,1748.6666,85.0574,23.2952,99.55113333333334,3.3439533333333333,0.752368921862863,-0.6587419869834571,15.0
2022-05-10 11:15:00,1819.3334,79.782,23.357000000000003,99.49446666666667,3.3953466666666667,0.688033784084563,-0.725678656126992,15.0
2022-05-10 11:30:00,980.0,46.0378,23.19173333333333,99.42446666666666,2.9535133333333334,0.7891126741114705,-0.6142484737926862,15.0
2022-05-10 11:45:00,1062.0,56.7888,23.115533333333335,99.461,3.1621533333333334,0.9052032153288293,-0.4249789864903311,15.0
2022-05-10 12:00:00,740.6667,33.47953333333333,23.0618,99.4692,2.6671066666666667,0.9205843957236147,-0.39054368558483576,15.0
2022-05-10 12:15:00,618.6667,31.2452,22.955266666666667,99.49426666666666,1.3541213333333333,0.9725047559322781,-0.23288301717622106,15.0
2022-05-10 12:30:00,1342.0,49.528400000000005,23.002266666666667,99.53333333333333,1.8785266666666667,0.9243334591755329,0.3815857128465288,15.0
2022-05-10 12:45:00,2316.3333,112.8138,23.19973333333333,99.58986666666667,0.9616140000000001,0.9920444008237997,0.12588846966322273,15.0
2022-05-10 13:00:00,3735.6667,142.14386666666667,23.470266666666664,99.5324,1.37544,0.9967020003271657,-0.08114876797479106,15.0
2022-05-10 13:15:00,4545.0,156.74466666666666,23.51653333333333,99.40433333333334,1.9777533333333333,0.9768655195343252,-0.21385452238597366,15.0
2022-05-10 13:30:00,2207.0,91.3776,23.3936,99.22773333333333,1.8281533333333333,0.9995260632137191,-0.03078390742716746,15.0
2022-05-10 13:45:00,2359.3333,118.1544,23.371866666666666,99.19706666666666,1.51402,0.9931350362168377,-0.11697350058274092,15.0
2022-05-10 14:00:00,2431.6667,81.91260000000001,23.364466666666665,99.195,1.0590646666666668,0.927617797533178,-0.37353075067482217,15.0
2022-05-10 14:15:00,2154.3333,102.06866666666666,23.447266666666668,99.1494,1.1508626666666666,0.9995997482516349,-0.02829033925685663,15.0
2022-05-10 14:30:00,4440.6665,155.9562,23.70713333333333,99.22319999999999,1.348466,0.8758483181989551,-0.4825864932921992,15.0
2022-05-10 14:45:00,3561.0,144.09726666666666,23.7542,99.04806666666667,1.2037566666666668,0.9921008412286847,0.1254428986963235,15.0
2022-05-10 15:00:00,2521.6667,84.7352,23.836933333333334,98.72033333333334,1.1228506666666667,0.9932488899100149,-0.11600277019331522,15.0
2022-05-10 15:15:00,1318.6666,57.648466666666664,23.666866666666667,98.68599999999999,1.1815493333333333,0.9953582031326068,-0.09623953167294681,15.0
2022-05-10 15:30:00,977.3333,51.8128,23.4658,98.7024,1.361722,0.6683520201677929,-0.7438451298070251,15.0
2022-05-10 15:45:00,1371.3334,55.97993333333333,23.573866666666667,98.964,1.2620233333333333,0.7550301010141327,-0.6556901299871675,15.0
2022-05-10 16:00:00,521.6667,21.891266666666663,23.568666666666665,98.85946666666668,0.9447793333333333,0.1896712611070561,-0.9818476524950595,15.0
2022-05-10 16:15:00,598.6667,32.82533333333333,23.5918,99.01533333333333,1.9530333333333334,0.613339073920524,-0.789819713860267,15.0
2022-05-10 16:30:00,434.33334,25.704866666666664,23.704133333333335,99.07786666666668,2.18042,0.5010375369782089,-0.8654255522798077,15.0
2022-05-10 16:45:00,1540.6666,49.40486666666666,23.611,99.10473333333333,2.5175,0.3218911680358637,-0.9467766769098758,15.0
2022-05-10 17:00:00,473.0,27.006333333333334,23.69086666666667,99.05706666666667,1.6438166666666667,-0.08816877289986173,-0.9961055503737205,15.0
2022-05-10 17:15:00,796.0,31.914666666666665,23.67206666666667,99.02133333333333,3.46704,0.10872807734278965,-0.9940715292157504,15.0
2022-05-10 17:30:00,390.66666,19.7086,23.665533333333332,99.01593333333334,2.9493533333333333,0.1532043051712906,-0.9881945359477465,15.0
2022-05-10 17:45:00,216.0,20.767,23.680400000000002,99.06453333333334,3.220113333333333,0.16355554358420346,-0.9865341272165276,15.0
2022-05-10 18:00:00,70.333336,15.159866666666666,23.687066666666666,99.05193333333334,2.25448,0.26786621087268747,-0.9634561189139383,15.0
2022-05-10 18:15:00,0.0,10.221846666666666,23.7034,99.05186666666667,2.447913333333333,0.0924169304783044,-0.9957203979837755,15.0
2022-05-10 18:30:00,0.0,9.01666,23.702666666666666,99.09113333333333,3.0036,0.07255352735232583,-0.9973645199568387,15.0
2022-05-10 18:45:00,0.0,8.178866666666668,23.697533333333332,99.08233333333332,2.81196,-0.0043865801187321285,-0.9999903789111483,15.0
2022-05-10 20:45:00,0.0,8.120006666666667,23.774133333333335,99.3596,1.5144526666666667,-0.4831805150605569,-0.8755207535323277,120.0
2022-05-10 22:45:00,0.0,9.207653333333333,24.01653333333333,98.89906666666667,0.9024513333333334,0.6756493978565965,-0.7372230945758675,120.0
2022-05-11 00:45:00,0.0,9.0978,24.099,98.98326666666667,1.9914806666666667,-0.3008833463020535,-0.953660952287593,120.0
2022-05-11 02:45:00,0.0,8.156986666666667,24.168333333333333,99.12253333333334,1.472304,-0.03979463176773429,-0.99920787991412,120.0
2022-05-11 04:45:00,0.0,8.15678,23.395733333333332,98.94153333333334,1.710856,0.30933789208322343,-0.9509521904499237,120.0
2022-05-11 05:45:00,0.0,7.995286666666667,23.006066666666666,99.26566666666666,1.7209933333333332,0.944505634157915,0.3284952161660117,60.0
2022-05-11 06:00:00,0.0,10.141266666666667,22.92413333333333,99.35006666666666,1.4727260000000002,0.984058912598866,0.17784278600701617,15.0
2022-05-11 06:15:00,53.666668,16.152266666666666,22.854,99.3634,1.6233899999999999,0.8211638180832349,0.5706925475866702,15.0
2022-05-11 06:30:00,176.66667,22.714333333333336,22.85986666666667,99.40740000000001,1.4277380000000002,0.9869699816993873,-0.16090449100106258,15.0
2022-05-11 06:45:00,91.0,17.276266666666668,22.798799999999996,99.40586666666667,2.0376593333333335,0.9278023987803867,-0.3730719887868296,15.0
2022-05-11 07:00:00,242.66667,18.716866666666665,22.757266666666666,99.41593333333334,1.2319353333333332,0.6088537357404367,-0.7932825023123317,15.0
2022-05-11 07:15:00,194.0,18.988666666666667,22.843533333333333,99.4916,1.8687133333333332,0.9406480049790564,-0.339383751421486,15.0
2022-05-11 07:30:00,493.0,27.395533333333333,22.8932,99.54066666666667,1.5931946666666665,0.9852729175869644,-0.17098911623162072,15.0
2022-05-11 07:45:00,408.0,19.230933333333333,22.949666666666666,99.5262,0.7293146666666667,-0.31144829782541655,-0.9502630992423364,15.0
2022-05-11 08:00:00,631.6667,33.20826666666667,23.015533333333334,99.5824,1.3499633333333334,0.9948344886593088,-0.10151029590131003,15.0
2022-05-11 08:15:00,599.6667,31.686733333333333,23.0898,99.54986666666667,1.5299733333333334,0.8370699999334663,-0.5470958007619751,15.0
2022-05-11 08:30:00,368.0,28.401999999999997,23.1484,99.5572,1.0142093333333333,0.7430186062549416,-0.6692707604243322,15.0
2022-05-11 08:45:00,751.0,40.81346666666666,23.17206666666667,99.55773333333333,1.0835013333333334,-0.45749010323541417,-0.8892147127896896,15.0
2022-05-11 09:00:00,1115.6666,41.775666666666666,23.296666666666667,99.55793333333332,0.7456866666666666,0.940895745334283,-0.33869631886373397,15.0
2022-05-11 09:15:00,807.6667,37.72646666666666,23.316866666666666,99.54893333333332,1.4021073333333334,-0.4467138088650711,-0.8946769098223452,15.0
2022-05-11 09:30:00,258.0,24.286533333333335,23.373466666666666,99.50346666666665,0.9642999999999999,0.8338458103276217,0.5519974316960832,15.0
2022-05-11 09:45:00,346.66666,29.672933333333333,23.2558,99.49386666666666,0.8686273333333333,0.5767009786131314,-0.8169553116705078,15.0
2022-05-11 10:00:00,659.6667,35.00019999999999,23.279600000000002,99.52293333333334,0.8663946666666666,0.3562781567095991,-0.9343799414861228,15.0
2022-05-11 10:15:00,228.66667,24.359733333333335,23.430133333333334,99.54666666666667,0.8835266666666667,0.14286847416940118,-0.9897416830105253,15.0
2022-05-11 10:30:00,150.0,19.664466666666666,23.474600000000002,99.4698,2.3278060000000003,0.07127113035944563,-0.9974569795120424,15.0
2022-05-11 10:45:00,94.666664,18.3932,23.466666666666665,99.41619999999999,4.366206666666667,-0.03757390980520773,-0.9992938513280015,15.0
2022-05-11 11:00:00,153.66667,21.795599999999997,23.187933333333334,99.39906666666667,3.9801066666666665,0.04666478688415507,-0.9989106054422769,15.0
2022-05-11 11:15:00,253.33333,22.9344,23.1356,99.55406666666666,4.20214,0.1125326654978589,-0.9936480258099177,15.0
2022-05-11 11:30:00,312.33334,29.797733333333333,23.295333333333335,99.66793333333334,4.486166666666667,0.10661115427526005,-0.9943007903969989,15.0
2022-05-11 11:45:00,858.3333,41.1654,23.433,99.65386666666667,2.5170533333333336,0.15428504087951198,-0.9880263792838768,15.0
2022-05-11 12:00:00,1158.3334,41.5772,23.5074,99.65906666666666,2.783646666666667,0.11903939632490015,-0.9928895316814471,15.0
2022-05-11 12:15:00,452.0,28.048533333333335,23.485200000000003,99.63166666666666,3.8397266666666665,0.10396142871178916,-0.994581329676062,15.0
2022-05-11 12:30:00,448.33334,30.194533333333332,23.209533333333333,99.55480000000001,5.106826666666667,0.14630172840996855,-0.9892400134771419,15.0
2022-05-11 12:45:00,299.0,23.867466666666665,23.146,99.6286,2.9551666666666665,0.14573769848135548,-0.9893232652886302,15.0
2022-05-11 13:00:00,207.33333,19.678733333333334,23.1894,99.6658,2.5766666666666667,0.20735397511338052,-0.9782659807049817,15.0
2022-05-11 13:15:00,189.33333,19.877599999999997,23.231133333333332,99.6686,2.2705773333333332,-0.2317479034941573,-0.9727758782093966,15.0
2022-05-11 13:30:00,702.0,27.9834,23.3288,99.70326666666666,2.9605333333333332,-0.1711266846159543,-0.9852490333983341,15.0
2022-05-11 13:45:00,763.6667,33.3992,23.447133333333333,99.71646666666668,3.5051866666666665,-0.06380078062618098,-0.9979626548080294,15.0
2022-05-11 14:00:00,2239.0,74.8172,23.497200000000003,99.72906666666667,2.8991200000000004,-0.2803986697804191,-0.9598836314811142,15.0
2022-05-11 14:15:00,2848.3333,112.9038,23.497133333333334,99.64126666666667,2.5978173333333334,-0.510913049500213,-0.859632395766,15.0
2022-05-11 14:30:00,1864.6666,86.68986666666666,23.53053333333333,99.39253333333333,2.5496846666666664,-0.344850445374561,-0.9386576427670351,15.0
2022-05-11 14:45:00,1316.0,60.5286,23.5552,99.13973333333334,1.8740393333333334,-0.7175446601460219,-0.6965124985927602,15.0
2022-05-11 15:00:00,2151.6667,70.655,23.551533333333335,98.90126666666667,1.6521533333333334,-0.40485434544072346,-0.9143811890988153,15.0
2022-05-11 15:15:00,1915.0,64.89473333333333,23.395666666666667,98.66366666666666,1.6159453333333333,-0.20750649998915002,-0.9782336389954359,15.0
2022-05-11 15:30:00,1744.0,69.5018,23.217066666666664,98.55193333333334,1.667202,-0.28962878670812936,-0.9571390525466908,15.0
2022-05-11 15:45:00,1829.0,52.446000000000005,23.157933333333332,98.5928,1.5275706666666666,-0.7363648070351713,-0.6765847108530129,15.0
2022-05-11 16:00:00,1934.6666,44.52433333333333,23.18326666666667,98.49306666666666,1.6169826666666665,-0.44348525794118226,-0.896281666658893,15.0
2022-05-11 16:15:00,1334.0,63.623799999999996,23.053,98.00726666666667,2.0869866666666668,-0.4937091571425234,-0.869627085683064,15.0
2022-05-11 16:30:00,1105.3334,45.76753333333333,22.9434,97.58186666666667,2.6309,-0.43459197303817915,-0.9006274573711277,15.0
2022-05-11 16:45:00,273.0,20.319066666666668,22.786866666666665,97.73673333333333,2.9411466666666666,-0.13269464334261585,-0.991156966190611,15.0
2022-05-11 17:00:00,1571.0,63.27166666666667,22.701933333333333,98.07286666666667,1.9789466666666666,-0.5388590034612751,-0.8423959724433169,15.0
2022-05-11 17:15:00,1054.3334,50.2502,22.762333333333334,97.90226666666668,2.0269266666666668,-0.529642946460142,-0.8482206960838784,15.0
2022-05-11 17:30:00,249.66667,28.270666666666667,22.860799999999998,97.63853333333333,1.722244,-0.8562430431201675,-0.516573180786919,15.0
2022-05-11 17:45:00,36.0,17.122666666666667,22.932866666666666,97.37026666666667,2.0664833333333332,-0.3453309583746682,-0.9384809690068484,15.0
2022-05-11 18:00:00,1.3333334,14.212666666666667,22.910533333333333,97.54046666666666,2.002126666666667,-0.40086076358695477,-0.9161389895733526,15.0
2022-05-11 18:15:00,0.0,12.022533333333334,22.8994,98.06566666666666,3.4714666666666663,-0.24989558163563683,-0.9682727912520246,15.0
2022-05-11 18:30:00,0.0,10.633666666666667,22.873933333333333,98.61546666666666,4.253686666666667,-0.013252478837991785,-0.9999121820463278,15.0
2022-05-11 18:45:00,0.0,10.376186666666666,22.873333333333335,98.82793333333333,3.1272266666666666,0.058621071833865786,-0.9982803062953054,15.0
2022-05-11 20:45:00,0.0,9.501746666666667,23.200133333333333,99.18026666666667,0.9701246666666667,-0.6597909753562345,-0.7514491791455153,120.0
2022-05-11 22:45:00,0.0,10.537866666666668,23.553866666666668,99.30153333333332,1.087532,0.5158890670807189,-0.8566553977338761,120.0
2022-05-12 00:45:00,0.0,9.60452,23.21466666666667,99.17779999999999,2.73238,-0.3273388410769784,-0.9449070235332049,120.0
2022-05-12 02:45:00,0.0,10.118873333333333,23.8458,99.14553333333333,1.4372786666666668,-0.07443338517495794,-0.9972259880144502,120.0
2022-05-12 04:45:00,0.0,10.478893333333334,24.582866666666668,99.47653333333332,1.0912406666666667,-0.21559096121489427,-0.9764837619962955,120.0
2022-05-12 06:45:00,0.0,11.926533333333333,23.187933333333334,94.62673333333333,1.8163613333333333,-0.9195702312561906,-0.39292567972510534,120.0
2022-05-12 07:00:00,0.0,12.169306666666667,23.1466,95.6194,1.3331046666666666,-0.05227553431943506,-0.9986326995004808,15.0
2022-05-12 07:15:00,73.0,15.704133333333335,23.170666666666666,96.63413333333332,1.0268826666666666,-0.6330926994596281,-0.7740759871556029,15.0
2022-05-12 07:30:00,283.33334,21.898866666666667,23.243666666666666,97.24286666666667,1.1578773333333332,-0.3487792484540348,-0.9372049060092669,15.0
2022-05-12 07:45:00,894.0,40.90186666666667,23.363866666666663,97.66253333333334,1.317642,0.005747919352251315,-0.9999834805751143,15.0
2022-05-12 08:00:00,1333.3334,56.4952,23.5066,97.7044,1.2364246666666667,-0.4644000310609776,-0.8856255479323997,15.0
2022-05-12 08:15:00,1072.6666,41.099799999999995,23.699333333333335,97.35813333333334,0.930624,0.05108815849349223,-0.9986941474053724,15.0
2022-05-12 08:30:00,1258.0,56.29666666666667,23.7542,96.86373333333333,1.1346113333333332,-0.29340802318955844,-0.9559873074094632,15.0
2022-05-12 08:45:00,1313.3334,57.3696,23.736333333333334,96.9686,1.4204346666666665,0.15608968724616065,-0.9877428863501856,15.0
2022-05-12 09:00:00,1247.6666,59.61833333333333,23.82793333333333,97.0408,1.1943706666666667,0.20031420245705558,-0.97973170832325,15.0
2022-05-12 09:15:00,926.6667,44.540733333333336,23.839733333333335,97.23753333333333,1.2197133333333334,0.1368336895912587,-0.9905940346039053,15.0
2022-05-12 09:30:00,451.33334,32.2454,23.845866666666666,97.12586666666667,1.030306,-0.8998523544231579,-0.4361946128038485,15.0
2022-05-12 09:45:00,341.66666,23.6328,24.020066666666665,96.37920000000001,1.330278,-0.8900484310277862,-0.45586597857810807,15.0
2022-05-12 10:00:00,176.33333,18.260933333333334,24.05206666666667,95.2244,1.719956,-0.2745634444618388,-0.9615689860666529,15.0
2022-05-12 10:15:00,183.66667,21.428266666666666,23.949333333333335,95.61866666666667,1.0925986666666667,-0.6227058452993547,-0.7824560244703954,15.0
2022-05-12 10:30:00,108.0,17.73966666666667,23.997799999999998,95.98953333333334,1.3830286666666667,-0.8241070758889534,-0.5664340451188989,15.0
2022-05-12 10:45:00,69.333336,17.0636,24.052866666666667,96.43433333333333,1.4149346666666667,-0.9173938077708338,-0.39798065463503435,15.0
2022-05-12 11:00:00,13.0,14.924933333333334,24.249599999999997,96.44326666666666,1.8959466666666667,-0.5602651025662325,-0.8283133554678742,15.0
2022-05-12 11:15:00,52.333332,16.06373333333333,24.23026666666667,96.1982,1.8853606666666667,-0.5115280586803517,-0.8592665739936068,15.0
2022-05-12 11:30:00,134.33333,18.44493333333333,24.263866666666665,95.31973333333333,2.03066,-0.9020335305609372,-0.4316659701016179,15.0
2022-05-12 11:45:00,81.333336,16.644933333333334,24.3024,94.66633333333333,1.96434,-0.715424508733213,-0.69869004022087,15.0
2022-05-12 12:00:00,58.333332,17.320866666666667,24.0358,94.863,1.55292,-0.6149368705334388,-0.78857634079304,15.0
2022-05-12 12:15:00,119.666664,19.6574,24.0098,95.19513333333335,1.882984,-0.38145546469895975,-0.9243872178104264,15.0
2022-05-12 12:30:00,341.33334,27.174733333333332,24.043333333333333,95.64526666666667,1.6882279999999998,-0.5939806638211871,-0.8044793167052475,15.0
2022-05-12 12:45:00,286.66666,25.564866666666667,24.17053333333333,95.73773333333334,1.61862,-0.3788962943039904,-0.9254391380110871,15.0
2022-05-12 13:00:00,475.0,33.869,24.3302,96.27486666666667,1.8028093333333333,-0.48974770032735776,-0.8718642038896106,15.0
2022-05-12 13:15:00,776.6667,39.990066666666664,24.5566,96.8904,2.578317333333333,-0.42423103280123853,-0.9055539911062148,15.0
2022-05-12 13:30:00,640.0,36.0674,24.637999999999998,96.903,3.7594066666666666,-0.30066141117613915,-0.9537309451986826,15.0
2022-05-12 13:45:00,177.33333,22.479333333333333,24.711599999999997,97.14666666666668,3.8596999999999997,-0.28299995563233504,-0.9591199221745403,15.0
2022-05-12 14:00:00,64.0,19.378266666666665,24.663999999999998,96.55513333333333,3.3671933333333333,-0.3179335386389741,-0.9481130022357567,15.0
2022-05-12 14:15:00,154.0,18.841666666666665,24.621466666666667,95.8616,3.4145866666666667,-0.19173407231959294,-0.9814469142606467,15.0
2022-05-12 14:30:00,31.666666,17.3128,24.674133333333334,95.9552,2.9845333333333333,-0.3678107969543742,-0.9299006493404487,15.0
2022-05-12 14:45:00,16.333334,16.100933333333334,24.7414,96.20566666666667,2.717186666666667,-0.3737109921189363,-0.9275451980197409,15.0
2022-05-12 15:00:00,0.0,14.190266666666666,24.737599999999997,96.3666,2.2456933333333335,-0.826196635762815,-0.5633818590034705,15.0
2022-05-12 15:15:00,40.666668,16.497333333333334,24.7094,96.28546666666668,1.7773346666666667,-0.8504379325912474,-0.5260753965069312,15.0
2022-05-12 15:30:00,23.333334,17.497466666666664,24.656333333333336,96.71013333333333,2.3363066666666668,-0.9569892975384826,-0.2901232227809447,15.0
2022-05-12 15:45:00,152.0,21.987666666666666,24.483,95.94106666666667,1.7128066666666666,-0.8190719499257472,-0.5736908059615687,15.0
2022-05-12 16:00:00,163.33333,20.238266666666668,24.341333333333335,95.79586666666667,2.01084,-0.8683304252354357,-0.4959861617126505,15.0
2022-05-12 16:15:00,167.66667,19.628266666666665,24.352533333333334,96.49326666666666,2.5873866666666667,-0.3718971428977724,-0.9282739439973923,15.0
2022-05-12 16:30:00,44.0,17.09306666666667,24.387800000000002,97.4454,2.978546666666667,-0.3528108072822992,-0.9356946800451589,15.0
2022-05-12 16:45:00,6.3333335,15.520466666666666,24.427666666666667,97.76966666666667,2.32826,-0.4079374341590108,-0.9130098848379259,15.0
2022-05-12 17:00:00,0.0,14.403799999999999,24.476333333333336,98.0028,2.63104,-0.4453124871263238,-0.8953752223561738,15.0
2022-05-12 17:15:00,11.333333,14.359399999999999,24.5098,98.01706666666668,1.9433266666666666,-0.756081970772703,-0.6544769311996149,15.0
2022-05-12 17:30:00,0.0,13.940666666666667,24.057333333333336,97.1974,2.8819933333333334,-0.5146141341905334,-0.8574218873409564,15.0
2022-05-12 17:45:00,0.0,12.316286666666667,23.941866666666666,96.40753333333333,2.7455,-0.8337830543620551,-0.5520922189803822,15.0
2022-05-12 18:00:00,0.0,10.648593333333334,23.980733333333333,96.79486666666666,2.1209599999999997,0.0003711733457348994,-0.9999999311151714,15.0
2022-05-12 20:00:00,0.0,8.855546666666667,24.2966,98.5444,1.5938766666666666,-0.4943050249617387,-0.8692885264959931,120.0
2022-05-12 22:00:00,0.0,8.215846666666668,23.558066666666665,98.41706666666666,1.317462,-0.29323949885791933,-0.9560390140101795,120.0
2022-05-13 00:00:00,0.0,8.642126666666666,24.1302,97.95366666666668,1.088124,-0.30316832769613095,-0.9529370205223068,120.0
2022-05-13 02:00:00,0.0,8.685993333333332,24.82786666666667,94.42406666666666,1.8247153333333332,-0.5876346286646739,-0.8091264074260157,120.0
2022-05-13 04:00:00,0.0,9.170553333333334,24.014133333333334,97.49393333333333,2.402012,-0.32646353920290483,-0.9452097955327766,120.0
2022-05-13 06:00:00,0.0,9.567919999999999,24.3796,98.48393333333334,1.2749946666666667,-0.4918816676417345,-0.8706620613291854,120.0
2022-05-13 07:00:00,0.0,13.418666666666667,24.83,98.08619999999999,0.73659,-0.37210235200600605,-0.9281917041385354,60.0
2022-05-13 07:15:00,0.0,14.961666666666668,24.815933333333337,98.19653333333332,0.9654806666666667,-0.1188395305733059,-0.9929134735580519,15.0
2022-05-13 07:30:00,64.333336,18.445066666666666,24.887600000000003,98.36713333333334,0.8981306666666666,-0.9967217048193274,-0.08090638505120328,15.0
2022-05-13 07:45:00,447.33334,28.865266666666667,24.975266666666666,98.35459999999999,1.1736573333333333,-0.11207018853548498,-0.9937002932683581,15.0
2022-05-13 08:00:00,216.66667,25.285866666666667,24.8934,98.41933333333333,1.1429526666666665,-0.3431602886230145,-0.9392768581798283,15.0
2022-05-13 08:15:00,1592.0,67.17706666666666,24.947799999999997,98.26886666666668,1.12314,-0.5150899366583012,-0.8571361368845367,15.0
2022-05-13 08:30:00,1883.6666,69.90973333333334,24.897933333333334,97.69733333333333,1.0098893333333334,-0.31641879914896465,-0.9486195989674298,15.0
2022-05-13 08:45:00,1717.6666,62.142,24.8702,97.40593333333332,1.156376,-0.5643812226461348,-0.825514285475699,15.0
2022-05-13 09:00:00,876.3333,47.321133333333336,24.7124,97.07966666666667,1.351578666666667,-0.5684910168844824,-0.8226894698011195,15.0
2022-05-13 09:15:00,1833.6666,64.88973333333334,24.60873333333333,97.00833333333334,1.406434,-0.2629975368669691,-0.9647965047624848,15.0
2022-05-13 09:30:00,1691.6666,73.58200000000001,24.5328,96.84633333333333,1.7527466666666667,-0.3342784471005051,-0.942474360290016,15.0
2022-05-13 09:45:00,1801.6666,36.072199999999995,24.4106,96.58773333333333,2.6899019999999996,0.19407112931134668,-0.9809874600461611,15.0
2022-05-13 10:00:00,2089.3333,71.403,24.538733333333333,96.84046666666667,1.0087033333333333,-0.27403240290764164,-0.9617204594666082,15.0
2022-05-13 10:15:00,2486.3333,80.67106666666668,24.653533333333332,96.64906666666667,1.093044,-0.42085008692553066,-0.9071302025259512,15.0
2022-05-13 10:30:00,1590.3334,93.45126666666667,24.581200000000003,96.13106666666665,1.4937666666666667,0.09760605972597261,-0.99522512885516,15.0
2022-05-13 10:45:00,2877.3333,117.53213333333333,24.750999999999998,96.19666666666667,1.0644346666666666,0.10541019228991647,-0.9944288266947026,15.0
2022-05-13 11:00:00,4229.0,141.96066666666667,24.89333333333333,95.92486666666667,1.168292,-0.5358366191442363,-0.8443216908169981,15.0
2022-05-13 11:15:00,6192.6665,240.90933333333334,25.2488,94.9204,0.9286706666666666,0.35336948068539653,-0.9354838374446311,15.0
2022-05-13 11:30:00,6312.3335,222.9406666666667,25.642133333333334,90.2136,1.5162406666666668,-0.5438204385283797,-0.839201603095943,15.0
2022-05-13 11:45:00,3968.0,149.868,25.862000000000002,90.38266666666667,0.7936626666666666,0.46700099401921497,-0.8842567905224507,15.0
2022-05-13 12:00:00,5253.3335,195.39266666666666,25.933666666666667,90.33200000000001,0.7245206666666667,0.050209455652658,-0.9987387098551171,15.0
2022-05-13 12:15:00,7616.6665,277.1813333333333,26.1178,86.99746666666667,1.2390466666666666,-0.6006845405633542,-0.7994861366704191,15.0
2022-05-13 12:30:00,10492.0,407.17333333333335,26.580066666666667,84.03739999999999,1.309436,-0.6709773237775429,-0.7414778695121833,15.0
2022-05-13 12:45:00,9429.667,354.236,27.107133333333334,81.49666666666667,1.5509433333333333,-0.8075303124869335,-0.5898260713250606,15.0
2022-05-13 13:00:00,10345.667,407.8793333333333,27.5348,81.1742,1.3867193333333332,-0.5888917104815745,-0.8082119482698121,15.0
2022-05-13 13:15:00,7922.3335,243.22333333333333,27.791733333333333,79.9094,0.9931933333333334,-0.1593413287674509,-0.9872235516571832,15.0
2022-05-13 13:30:00,5598.6665,188.54933333333332,27.05953333333333,79.99133333333334,1.644872,-0.8512021784625369,-0.5248379286795415,15.0
2022-05-13 13:45:00,5705.6665,237.12733333333333,26.688266666666667,82.17013333333333,1.3188746666666666,-0.754266659976219,-0.6565682033485316,15.0
2022-05-13 14:00:00,5545.6665,177.29053333333334,26.771733333333334,81.40266666666666,1.7822413333333331,-0.9351393319861255,-0.35428015718149236,15.0
2022-05-13 14:15:00,6816.6665,262.83000000000004,26.259933333333333,83.61753333333333,1.81786,-0.7291916106134398,-0.6843095754196178,15.0
2022-05-13 14:30:00,3903.0,134.01406666666668,26.353,84.49579999999999,1.3708893333333334,-0.6016849195222529,-0.7987335335513966,15.0
2022-05-13 14:45:00,4277.0,164.7754,25.7514,87.92166666666667,1.212362,-0.17306260444669108,-0.984910825883302,15.0
2022-05-13 15:00:00,4383.6665,124.2538,25.6204,87.18746666666667,1.1740813333333333,-0.13361834963887148,-0.9910328635518523,15.0
2022-05-13 15:15:00,4350.6665,143.5238666666667,25.354933333333335,87.57506666666667,1.5619166666666666,-0.6344994119273125,-0.7729233443646883,15.0
2022-05-13 15:30:00,4528.0,122.98960000000001,25.6582,86.20113333333333,1.0872333333333333,-0.5721649590913942,-0.8201385612126424,15.0
2022-05-13 15:45:00,2395.0,83.633,25.587866666666667,87.59613333333333,1.623012,-0.3006059248501156,-0.9537484353565182,15.0
2022-05-13 16:00:00,2766.0,88.25126666666667,25.276533333333337,89.02206666666666,1.3333786666666667,-0.039995533626650044,-0.9991998585317752,15.0
2022-05-13 16:15:00,1691.3334,45.28733333333333,24.968799999999998,91.13646666666666,1.8104726666666666,-0.03398083530438664,-0.9994224846540206,15.0
2022-05-13 16:30:00,938.0,26.720866666666666,24.84,92.23653333333333,1.2578733333333332,-0.5143746767681066,-0.8575655612836292,15.0
2022-05-13 16:45:00,1061.3334,35.69253333333334,24.793866666666666,92.45746666666668,1.2720573333333334,-0.19732655591469647,-0.9803378143940201,15.0
2022-05-13 17:00:00,890.6667,38.861466666666665,24.738533333333333,93.90646666666666,2.0553333333333335,0.14241011540341889,-0.9898077384173074,15.0
2022-05-13 17:15:00,361.0,22.896,24.516466666666666,94.81966666666668,2.4666599999999996,0.1675717722497622,-0.985859879062473,15.0
2022-05-13 17:30:00,294.33334,23.42526666666667,24.256933333333333,95.99066666666666,1.98432,-0.10544259020741309,-0.9944253919577635,15.0
2022-05-13 17:45:00,245.66667,22.279466666666668,24.104133333333333,96.88879999999999,1.669444,-0.06551923494502199,-0.9978513064841971,15.0
2022-05-13 18:00:00,18.333334,14.7108,24.054399999999998,97.2272,1.546506,-0.38058623296490734,-0.9247454348509007,15.0
2022-05-13 18:15:00,35.333332,13.116386666666667,24.09013333333333,97.22133333333333,0.9870926666666667,-0.24136526358862723,-0.9704343406603007,15.0
2022-05-13 18:30:00,0.0,8.840006666666666,24.054266666666663,97.06393333333334,1.1976553333333333,0.17495432299147035,-0.984576551044456,15.0
2022-05-13 18:45:00,0.0,7.9365,24.044466666666665,97.20553333333334,1.3056906666666668,-0.2533527541656927,-0.9673739617938133,15.0
2022-05-13 19:00:00,0.0,7.65012,23.9524,97.23166666666665,1.6868753333333333,-0.49703454127359625,-0.8677307559265983,15.0
2022-05-13 21:00:00,0.0,7.025226666666667,22.850533333333335,98.49473333333334,2.773206666666667,-0.9890771591926135,-0.1473986877942589,120.0
2022-05-13 23:00:00,0.0,7.738086666666666,22.868133333333333,99.10846666666666,0.9152846666666666,0.9715248644194378,-0.23693762431237678,120.0
2022-05-14 01:00:00,0.0,7.94374,22.9776,99.65493333333333,1.837438,0.9539203663370729,-0.3000598851685186,120.0
2022-05-14 03:00:00,0.0,7.9292,23.0236,99.77466666666666,1.7435066666666665,0.4153332832242867,0.9096693156560435,120.0
2022-05-14 05:00:00,0.0,7.826233333333334,22.945733333333333,99.8172,1.5847933333333333,-0.2792127813274859,-0.9602292553048827,120.0
2022-05-14 05:45:00,0.0,8.362646666666667,22.7698,99.79413333333333,2.4476133333333334,0.19791271340505498,-0.9802196477691357,45.0
2022-05-14 06:00:00,0.0,11.35346,22.646400000000003,99.8082,1.2030306666666666,0.8168301468223291,0.5768782464629882,15.0
2022-05-14 06:15:00,55.666668,16.762,22.634400000000003,99.83919999999999,0.9292846666666666,0.9998357317123928,0.018124833548039513,15.0
2022-05-14 06:30:00,259.66666,23.876133333333332,22.7092,99.85213333333333,1.3578986666666668,-0.9867374257889421,-0.16232452848356582,15.0
2022-05-14 06:45:00,615.3333,36.184533333333334,22.7472,99.83966666666667,1.403036,-0.5728668091548412,-0.8196484728032809,15.0
2022-05-14 07:00:00,790.6667,40.284933333333335,22.8062,99.83680000000001,1.7616,-0.18931732347635194,-0.9819159592509689,15.0
2022-05-14 07:15:00,986.0,45.730333333333334,22.80826666666667,99.81886666666666,1.571598,-0.9981655404232043,0.06054381811260775,15.0
2022-05-14 07:30:00,650.0,39.800066666666666,22.987666666666666,99.841,0.800532,0.9448279642161875,0.3275669672526438,15.0
2022-05-14 07:45:00,1805.6666,77.79193333333333,22.9934,99.78146666666666,1.6052666666666666,0.8944061507712736,0.4472556734827562,15.0
2022-05-14 08:00:00,2638.6667,110.66146666666667,22.859199999999998,99.69666666666667,2.05214,0.990373011216694,0.13842434270596432,15.0
2022-05-14 08:15:00,3158.6667,115.92446666666666,23.097133333333332,99.72873333333334,2.082813333333333,0.21649337916398917,0.9762840861030959,15.0
2022-05-14 08:30:00,2635.6667,95.62100000000001,23.1604,99.49753333333334,2.25746,0.5148219107990305,-0.8572971481121555,15.0
2022-05-14 08:45:00,3177.6667,113.42846666666667,23.101999999999997,99.29406666666667,1.3199973333333332,-0.8898185382288556,0.45631455052875813,15.0
2022-05-14 09:00:00,6070.3335,246.40866666666668,23.515733333333333,99.40213333333332,1.4538066666666667,0.8728879593410751,0.4879207009723749,15.0
2022-05-14 09:15:00,5929.6665,286.49733333333336,24.543200000000002,99.08766666666666,1.3964320000000001,0.5730358887364624,0.8195302741326965,15.0
2022-05-14 09:30:00,3467.6667,173.10533333333333,24.785866666666667,96.77420000000001,1.1803606666666666,0.7396090898774125,0.6730366960060243,15.0
2022-05-14 09:45:00,5115.3335,224.314,24.299466666666667,95.56866666666666,1.0751646666666665,0.9322918191039157,-0.36170701407618816,15.0
2022-05-14 10:00:00,3715.6667,157.97086666666667,24.261599999999998,95.01939999999999,1.0328313333333334,0.8582966608358816,-0.513153819042571,15.0
2022-05-14 10:15:00,1679.6666,64.68406666666667,24.040200000000002,95.00313333333334,1.09632,0.7479834645131221,-0.6637173621466799,15.0
2022-05-14 10:30:00,2994.3333,105.57786666666667,23.778666666666666,96.38906666666666,2.3686333333333334,0.6359525162029921,-0.7717281886357936,15.0
2022-05-14 10:45:00,1759.6666,64.82906666666666,23.543400000000002,97.45506666666667,1.9196533333333332,0.743782913553518,-0.668421257520914,15.0
2022-05-14 11:00:00,4059.3333,125.29726666666667,23.396466666666665,98.06606666666667,1.6211566666666668,0.8904935621213922,-0.4549958415418257,15.0
2022-05-14 11:15:00,3529.0,105.2416,23.534933333333335,98.58913333333334,1.1757406666666665,0.9878631862908346,0.15532651148892712,15.0
2022-05-14 11:30:00,3331.3333,134.58066666666667,23.748866666666668,98.318,1.3788546666666666,0.9999570120471898,0.009272219672563298,15.0
2022-05-14 11:45:00,3429.0,176.01600000000002,23.64153333333333,98.37226666666668,1.3500873333333334,0.9996998101658242,-0.0245008072196604,15.0
2022-05-14 12:00:00,3711.3333,145.21133333333333,23.800933333333333,98.25240000000001,1.7166733333333333,0.9479897435573027,-0.3183008735617284,15.0
2022-05-14 12:15:00,2824.0,103.57826666666666,23.666933333333336,98.12866666666667,2.7855866666666667,0.8763795409794748,-0.48162111680511377,15.0
2022-05-14 12:30:00,2299.6667,111.56346666666667,23.4964,98.38566666666667,2.8614200000000003,0.9312488571790808,-0.36438381687810445,15.0
2022-05-14 12:45:00,2210.0,102.91686666666666,23.4874,98.6078,2.7855933333333334,0.9596375903098598,-0.2812395691653038,15.0
2022-05-14 13:00:00,2252.3333,80.47446666666666,23.433133333333334,98.68006666666666,2.72716,0.9921846910457779,-0.1247779582073468,15.0
2022-05-14 13:15:00,2199.0,77.21153333333334,23.377266666666667,98.77453333333332,2.97542,0.9847535560458118,-0.17395526394774097,15.0
2022-05-14 13:30:00,2777.3333,84.597,23.30053333333333,98.96239999999999,1.9878933333333333,0.9995975727620279,0.028367102923321813,15.0
2022-05-14 13:45:00,2375.0,90.76313333333333,23.3094,99.03253333333333,2.0190333333333332,0.9962449324428365,-0.08657964299977254,15.0
2022-05-14 14:00:00,1851.6666,78.3396,23.3384,99.07639999999999,2.1139533333333334,0.996306332723813,-0.0858702007359186,15.0
2022-05-14 14:15:00,1890.0,82.24413333333334,23.286266666666666,99.104,2.16418,0.9921416572193582,-0.12511967075574265,15.0
2022-05-14 14:30:00,1345.0,59.96146666666667,23.259400000000003,99.19873333333334,2.3184133333333334,0.9932703339930022,-0.11581901229690127,15.0
2022-05-14 14:45:00,2041.6666,71.59486666666666,23.135666666666665,99.2598,2.30068,0.9910524423744437,-0.13347305519710734,15.0
2022-05-14 15:00:00,1631.3334,64.49539999999999,23.0492,99.3692,2.1413733333333336,0.9999765877644134,0.0068428008183976825,15.0
2022-05-14 15:15:00,922.6667,41.147466666666666,22.941133333333333,99.42506666666667,2.2030666666666665,0.9992917074616133,-0.03763088357258301,15.0
2022-05-14 15:30:00,1339.0,51.14926666666667,22.910666666666664,99.4952,1.91516,0.9999844685456682,-0.005573389223575964,15.0
2022-05-14 15:45:00,1254.3334,52.1476,22.8742,99.5526,2.64998,0.9658330101759569,-0.2591651914406136,15.0
2022-05-14 16:00:00,772.0,52.73493333333333,22.858666666666668,99.639,2.4015600000000004,0.9897715836061011,-0.1426611800241076,15.0
2022-05-14 16:15:00,454.0,35.91393333333334,22.784666666666666,99.65233333333335,1.9159213333333334,0.9989849289413967,-0.04504566292055853,15.0
2022-05-14 16:30:00,606.0,27.866466666666668,22.719133333333335,99.65766666666667,1.85794,0.9993239950021778,0.0367634738958021,15.0
2022-05-14 16:45:00,578.0,33.4878,22.6186,99.6398,1.97716,0.996695482074298,-0.08122878807838237,15.0
2022-05-14 17:00:00,400.33334,25.8306,22.5822,99.70373333333333,1.8000066666666668,0.9999492690045275,-0.010072706553409725,15.0
2022-05-14 17:15:00,287.66666,23.486266666666666,22.49813333333333,99.71486666666667,1.9747,0.9883846864573537,0.15197273300364988,15.0
2022-05-14 17:30:00,168.0,18.665533333333332,22.4252,99.727,2.575206666666667,0.9954195881872512,-0.09560252848708162,15.0
2022-05-14 17:45:00,8.333333,11.772733333333333,22.349333333333334,99.78046666666667,2.5664333333333333,0.9911006767040871,-0.13311441934178522,15.0
2022-05-14 18:00:00,62.0,14.682333333333334,22.314266666666665,99.82066666666667,2.209706666666667,0.9871016403366251,-0.16009482079300424,15.0
2022-05-14 18:15:00,13.333333,11.566466666666667,22.338,99.84846666666665,2.13294,0.9654110724632733,0.2607325471921612,15.0
2022-05-14 18:30:00,0.0,9.810286666666666,22.33,99.83,1.9849733333333333,0.9968896105123559,0.07881056053933,15.0
2022-05-14 18:45:00,0.0,7.995279999999999,22.356333333333335,99.84573333333333,1.5353726666666667,0.9910524423744437,0.13347305519710725,15.0
2022-05-14 19:00:00,0.0,7.818966666666666,22.35033333333333,99.8308,2.0150799999999998,0.9999997078048928,-0.0007644541379168214,15.0
2022-05-14 21:00:00,0.0,7.841326666666666,22.1268,99.83153333333333,2.4682466666666665,0.9997541191853979,-0.022174335882484145,120.0
2022-05-14 23:00:00,0.0,7.47406,21.854666666666667,99.84126666666666,2.36394,0.999232185000376,-0.03917959238397214,120.0
2022-05-15 01:00:00,0.0,7.3054266666666665,21.5322,99.85,2.8031733333333335,0.9980912167578228,-0.061756967468367285,120.0
2022-05-15 03:00:00,0.0,7.0559400000000005,21.289066666666667,99.84086666666667,3.1695066666666665,0.9909446514876279,-0.13427098602476892,120.0
2022-05-15 05:00:00,0.0,7.29124,20.9136,99.84046666666667,2.8730866666666666,0.9974949833904505,-0.0707372469840665,120.0
2022-05-15 06:30:00,0.0,10.076846666666667,20.846733333333336,99.85406666666668,4.586046666666666,0.9804208425826457,-0.19691361412948327,90.0
2022-05-15 06:45:00,0.0,11.385520000000001,20.88246666666667,99.84206666666667,3.3221399999999996,0.999352686330364,-0.03597510700866645,15.0
2022-05-15 07:00:00,11.666667,13.965266666666666,20.88993333333333,99.857,2.92272,0.9976284702608218,-0.06882902966810253,15.0
2022-05-15 07:15:00,71.666664,17.603599999999997,20.7856,99.84433333333332,3.0620666666666665,0.999807765555325,-0.019606935896978924,15.0
2022-05-15 07:30:00,123.666664,17.839,20.790666666666667,99.8442,3.1292933333333335,0.9998431949027984,0.017708348499074753,15.0
2022-05-15 07:45:00,212.33333,21.1022,20.6906,99.85473333333334,2.6926,0.9707597910840811,0.24005296918470154,15.0
2022-05-15 08:00:00,368.33334,26.9456,20.57453333333333,99.84433333333332,2.9708466666666666,0.9938942506735966,-0.11033684098237491,15.0
2022-05-15 08:15:00,621.0,37.242666666666665,20.567066666666665,99.85086666666666,3.1629733333333334,0.9995371373879474,-0.030422211989065695,15.0
2022-05-15 08:30:00,756.3333,36.02293333333333,20.581133333333334,99.839,2.4870733333333335,0.9997845891175657,-0.020755128595607183,15.0
2022-05-15 08:45:00,728.0,40.89633333333333,20.584066666666665,99.85480000000001,3.01676,0.9999295732792147,-0.011867960298537324,15.0
2022-05-15 09:00:00,509.0,41.86646666666666,20.593933333333332,99.84573333333333,2.55772,0.998767173991933,0.04964002574704868,15.0
2022-05-15 09:15:00,732.6667,40.653866666666666,20.571399999999997,99.84046666666667,2.285553333333333,0.9959468014921422,0.08994425272117991,15.0
2022-05-15 09:30:00,1542.6666,60.84413333333334,20.529,99.85100000000001,2.102986666666667,0.9972526851769259,0.07407483990810354,15.0
2022-05-15 09:45:00,3345.3333,107.36993333333334,20.567,99.84113333333333,3.11782,0.8563091527274207,0.5164635853138602,15.0
2022-05-15 10:00:00,1577.3334,60.02773333333333,20.3592,99.85473333333334,2.218053333333333,0.8946163997930496,0.4468349776162587,15.0
2022-05-15 10:15:00,1104.6666,44.446266666666666,20.204866666666664,99.8442,2.5723133333333332,0.6913062623329094,0.7225618670116094,15.0
2022-05-15 10:30:00,1616.6666,57.918866666666666,20.111066666666666,99.82566666666666,2.7218,0.9152707047461881,0.402839343949193,15.0
2022-05-15 10:45:00,1795.3334,73.0526,20.165466666666667,99.85473333333333,2.5514466666666666,0.9950254778457863,0.09962077312370482,15.0
2022-05-15 11:00:00,1491.3334,60.587266666666665,20.262999999999998,99.83746666666666,2.6472866666666666,0.9929419299062177,0.118601533860722,15.0
2022-05-15 11:15:00,2077.3333,81.61673333333333,20.424866666666667,99.847,3.2359999999999998,0.6692490860865563,0.7430381287473135,15.0
2022-05-15 11:30:00,3656.6667,125.55653333333333,20.55046666666667,99.83833333333334,3.4943066666666667,0.33301275785565665,0.9429223208225425,15.0
2022-05-15 11:45:00,4577.0,159.744,20.939733333333333,99.84193333333333,1.9710893333333332,0.7181721269978275,0.6958655013746666,15.0
2022-05-15 12:00:00,4862.6665,184.98999999999998,21.403066666666668,99.854,1.8710886666666666,0.979142746131703,0.2031735285357501,15.0
2022-05-15 12:15:00,4807.3335,198.49666666666664,21.523866666666667,99.85026666666666,1.9989466666666666,0.9955945357537644,0.09376310776230876,15.0
2022-05-15 12:30:00,6457.0,211.26866666666666,21.690733333333334,99.86,1.8259933333333334,0.9720238938350043,0.2348819912505773,15.0
2022-05-15 12:45:00,13621.0,497.7433333333333,22.306733333333334,99.837,3.0961866666666666,0.40219493986702004,0.9155540564845771,15.0
2022-05-15 13:00:00,9661.0,478.58933333333334,22.779333333333334,99.78486666666666,2.6336933333333334,0.9706636292004366,0.24044150837040895,15.0
2022-05-15 13:15:00,10589.667,415.05933333333337,22.891399999999997,98.90093333333333,2.9279900000000003,0.9562220515868505,0.29264208183211565,15.0
2022-05-15 13:30:00,10473.0,259.03866666666664,22.78513333333333,96.97226666666667,2.8732333333333333,0.999999495845351,0.0010041459275659105,15.0
2022-05-15 13:45:00,8274.667,286.6633333333333,22.366933333333336,96.41439999999999,2.1945993333333336,0.9927829001811777,-0.11992544812444862,15.0
2022-05-15 14:00:00,4796.3335,227.7926666666667,22.368333333333332,95.15513333333334,2.6642799999999998,0.9780014844964617,-0.20859792981407338,15.0
2022-05-15 14:15:00,7488.6665,304.31333333333333,22.3534,94.58273333333334,3.14024,0.9658465787096993,-0.25911462018722276,15.0
2022-05-15 14:30:00,2835.3333,118.36406666666667,21.93326666666667,94.63419999999999,3.2912066666666666,0.9875843721105396,-0.15708949030101,15.0
2022-05-15 14:45:00,4043.0,169.324,22.0024,95.75786666666666,2.3810000000000002,0.9943456074652299,-0.1061923392463073,15.0
2022-05-15 15:00:00,3075.3333,111.279,22.030933333333333,95.58206666666666,3.08302,0.970405407043798,-0.2414815644726547,15.0
2022-05-15 15:15:00,1274.0,51.803399999999996,21.697799999999997,96.66313333333333,3.21952,0.9916070495645717,-0.12928827964608844,15.0
2022-05-15 15:30:00,1345.0,58.94133333333333,21.383933333333335,97.21593333333334,3.9790533333333333,0.9780330262205599,-0.20844999309631446,15.0
2022-05-15 15:45:00,1625.0,66.0296,21.1204,97.16673333333333,4.211233333333333,0.97420831862144,-0.2256505083725424,15.0
2022-05-15 16:00:00,2443.0,95.52220000000001,21.221666666666668,96.92920000000001,3.8185933333333333,0.96690359154397,-0.2551420088095482,15.0
2022-05-15 16:15:00,2145.0,84.468,21.122799999999998,97.38306666666668,3.614906666666667,0.9905411019018695,-0.13721634539306998,15.0
2022-05-15 16:30:00,1361.0,59.81113333333334,20.906533333333336,98.28866666666666,3.36892,0.9659863309481963,-0.2585931329738702,15.0
2022-05-15 16:45:00,2270.0,90.88833333333334,20.800333333333334,98.8812,3.77278,0.9710715208741858,-0.2387888216543976,15.0
2022-05-15 17:00:00,740.3333,48.81433333333334,20.6604,99.12193333333333,4.723206666666667,0.9484465278622167,-0.3169371921786796,15.0
2022-05-15 17:15:00,514.6667,31.287866666666666,20.497666666666667,99.34013333333334,5.2163466666666665,0.9222594557428082,-0.3865714633712364,15.0
2022-05-15 17:30:00,95.0,16.375733333333333,20.27606666666667,99.52593333333333,5.624073333333333,0.944299813923387,-0.32908640419235907,15.0
2022-05-15 17:45:00,116.666664,18.529466666666668,19.846999999999998,99.619,5.411273333333333,0.9339136060254257,-0.35749877829243815,15.0
2022-05-15 18:00:00,64.0,16.133599999999998,19.906799999999997,99.83866666666667,5.487586666666667,0.8956082646824401,-0.44484360873514667,15.0
2022-05-15 18:15:00,22.333334,13.715533333333333,19.901666666666664,99.82833333333333,5.537513333333333,0.8896290199878392,-0.45668392438915206,15.0
2022-05-15 18:30:00,0.0,11.040466666666667,19.87473333333333,99.82173333333334,5.17834,0.8879278066522278,-0.45998283682520585,15.0
2022-05-15 18:45:00,0.0,7.953326666666666,19.87313333333333,99.83500000000001,4.9966333333333335,0.9093126233035639,-0.416113630034863,15.0
2022-05-15 19:00:00,0.0,6.791933333333334,19.85826666666667,99.8254,3.6315533333333336,0.9273624576254396,-0.3741642315707165,15.0
2022-05-15 21:00:00,0.0,6.887786666666667,20.014200000000002,99.82466666666667,3.5413866666666665,0.9999912562499552,-0.0041817966995408105,120.0
2022-05-15 23:00:00,0.0,6.652606666666667,19.83246666666667,99.83739999999999,2.8319533333333333,0.9954063412526598,-0.09574035614093626,120.0
2022-05-16 01:00:00,0.0,5.549886666666667,18.01993333333333,99.81206666666667,3.6180000000000003,-0.61139473705204,0.791325770782847,120.0
2022-05-16 03:00:00,0.0,5.513626666666667,17.793333333333333,96.39566666666666,5.11758,-0.13879285506783576,0.9903214343747785,120.0
2022-05-16 05:00:00,0.0,6.042433333333333,17.691333333333333,91.76846666666667,5.309493333333333,-0.8206394852213553,0.5714462663239903,120.0
2022-05-16 06:00:00,0.0,9.799533333333333,17.6362,91.45906666666666,6.1808000000000005,-0.5092313213726098,0.8606296888517766,60.0
2022-05-16 06:15:00,0.0,10.43892,17.6838,91.11193333333334,6.629846666666666,-0.08081360563162285,0.996729231609476,15.0
2022-05-16 06:30:00,13.333333,13.269066666666667,17.662,90.46173333333333,6.402993333333333,-0.5047520358240618,0.8632643756876945,15.0
2022-05-16 06:45:00,114.0,16.232466666666667,17.672933333333333,90.21486666666667,5.426793333333333,-0.5200995894858398,0.8541056240399433,15.0
2022-05-16 07:00:00,248.66667,20.0262,17.6708,90.11693333333332,5.660513333333333,-0.8082464401845779,0.588844369871155,15.0
2022-05-16 07:15:00,306.33334,22.9006,17.5442,91.764,4.506433333333334,-0.1368336895912588,0.9905940346039053,15.0
2022-05-16 07:30:00,589.6667,29.574933333333334,17.425933333333333,91.73873333333333,5.632233333333334,-0.14704985796026857,0.989129081199145,15.0
2022-05-16 07:45:00,743.6667,35.25713333333333,17.3294,93.42846666666667,5.517133333333334,-0.5445456439883107,0.8387312093950933,15.0
2022-05-16 08:00:00,999.6667,45.108533333333334,17.1144,95.38646666666666,4.987986666666667,-0.5233884045062798,0.8520942307212102,15.0
2022-05-16 08:15:00,1712.0,68.9068,17.1096,96.34173333333334,4.7593733333333335,-0.9789937578702875,0.20389022058699358,15.0
2022-05-16 08:30:00,2002.6666,88.6048,17.16486666666667,96.64366666666666,5.231713333333333,-0.5212918172730947,0.8533784865135249,15.0
2022-05-16 08:45:00,1717.3334,68.5426,17.261066666666668,96.74226666666667,4.866393333333334,-0.5483773967032046,0.8362309673678775,15.0
2022-05-16 09:00:00,1594.6666,64.7272,17.246133333333333,96.45893333333333,5.510886666666667,-0.4856155076524115,0.8741725108509708,15.0
2022-05-16 09:15:00,1676.3334,68.7346,17.305799999999998,96.21453333333334,5.120666666666667,-0.13539278474913655,0.9907920033174844,15.0
2022-05-16 09:30:00,1991.6666,78.45446666666666,17.277266666666666,96.53346666666667,5.6117799999999995,-0.7974462514001317,0.6033899867646777,15.0
2022-05-16 09:45:00,2328.6667,86.65826666666666,17.260266666666666,96.84206666666667,5.66888,-0.14435620100097332,0.9895257890689695,15.0
2022-05-16 10:00:00,2198.3333,79.2696,17.3496,96.91806666666666,4.32982,-0.8256518369521935,0.5641799749525576,15.0
2022-05-16 10:15:00,2979.0,106.10533333333333,17.38853333333333,96.66686666666666,5.128126666666666,-0.7957517138310497,0.6056229932350218,15.0
2022-05-16 10:30:00,3601.0,128.19866666666667,17.415266666666664,96.78313333333334,5.056733333333333,-0.5063487541943313,0.8623287882970443,15.0
2022-05-16 10:45:00,3309.3333,122.39733333333334,17.4256,97.0,5.52742,-0.9884595008334759,-0.1514853630290258,15.0
2022-05-16 11:00:00,3874.6667,136.09666666666666,17.451,97.08426666666668,4.96342,-0.11500650071455289,0.9933647390527779,15.0
2022-05-16 11:15:00,3507.3333,123.17533333333333,17.675333333333334,97.23553333333332,4.09522,-0.9789979093156048,0.2038702861028916,15.0
2022-05-16 11:30:00,4202.3335,143.14600000000002,17.9006,96.93180000000001,3.77398,-0.8175531686079878,0.5758531205950342,15.0
2022-05-16 11:45:00,3364.0,120.62333333333332,17.986066666666666,96.27073333333333,4.24296,-0.17069103996664828,0.9853246007662165,15.0
2022-05-16 12:00:00,2944.0,104.91266666666667,17.9494,95.94460000000001,4.049486666666667,-0.8148496398676277,0.5796723767850227,15.0
2022-05-16 12:15:00,3797.0,119.50666666666666,18.024600000000003,96.06166666666667,3.19636,-0.8155330889818002,0.578710446402865,15.0
2022-05-16 12:30:00,4038.3333,146.018,18.185999999999996,96.49893333333333,3.72114,-0.96736047381202,0.25340424958193614,15.0
2022-05-16 12:45:00,5394.6665,181.806,18.243533333333332,96.88933333333333,3.650946666666667,-0.5214642127082791,0.8532731537230821,15.0
2022-05-16 13:00:00,7489.3335,248.93533333333332,18.5654,96.7828,3.2942933333333335,-0.8053156806101539,0.5928462318033274,15.0
2022-05-16 13:15:00,5968.0,219.682,18.811466666666668,95.37973333333333,2.9723533333333334,0.8718274234849109,-0.48981317219901477,15.0
2022-05-16 13:30:00,7248.3335,254.626,18.973866666666666,93.749,3.81638,-0.832454767846242,-0.554093006173205,15.0
2022-05-16 13:45:00,7512.3335,269.0706666666667,19.180333333333333,93.18126666666667,3.737693333333333,-0.1604784226942471,0.9870393486835094,15.0
2022-05-16 14:00:00,7090.3335,234.87666666666667,19.441866666666666,91.62606666666667,3.639006666666667,-0.48328146647042874,0.875465033091666,15.0
2022-05-16 14:15:00,9249.667,305.206,19.731733333333334,88.88666666666667,4.6999,-0.7874924787024641,0.6163242620464078,15.0
2022-05-16 14:30:00,3814.6667,130.84973333333335,19.805533333333337,87.33206666666666,4.28854,-0.161052631719829,0.9869458190884225,15.0
2022-05-16 14:45:00,3639.0,120.19200000000001,19.273466666666668,88.61833333333334,3.2240866666666665,-0.9860364120258387,0.16652985966249573,15.0
2022-05-16 15:00:00,3702.0,136.73819999999998,19.137866666666664,89.32106666666667,3.4299066666666667,-0.23412833466702868,-0.9722056998938259,15.0
2022-05-16 15:15:00,3156.6667,97.64086666666667,19.201133333333335,89.538,4.132653333333334,-0.9650363213248585,0.2621161927920218,15.0
2022-05-16 15:30:00,3321.6667,116.002,18.9402,89.8398,4.41196,-0.5197911008565892,0.8542933989387341,15.0
2022-05-16 15:45:00,2799.0,109.59393333333334,19.039333333333335,88.62933333333334,4.557873333333333,-0.9720504521457396,0.23477205643615953,15.0
2022-05-16 16:00:00,2642.0,98.09033333333333,19.0356,87.6302,5.107986666666666,-0.8261068184015687,0.5635135531559444,15.0
2022-05-16 16:15:00,1807.6666,75.4666,19.02466666666667,87.20913333333333,5.0444615384615386,-0.553871442723417,0.8326022008951697,15.0
2022-05-16 16:30:00,2181.0,89.769,19.029,87.09666666666666,3.7397666666666667,0.23149538544340956,-0.9728360018617769,15.0
2022-05-16 16:45:00,1867.0,74.878,19.137933333333333,86.66366666666666,3.36582,-0.9607063266485988,0.27756684589005903,15.0
2022-05-16 17:00:00,2285.0,90.557,19.08646666666667,86.47366666666667,4.391086666666666,-0.9888440764472551,-0.14895433016591023,15.0
2022-05-16 17:15:00,2006.3334,80.34206666666667,19.187666666666665,85.83873333333332,4.690213333333333,-0.4840167610183523,0.8750587266311348,15.0
2022-05-16 17:30:00,1380.6666,59.871599999999994,19.216066666666666,86.15626666666667,4.3644,-0.08703982964145393,0.996204832379359,15.0
2022-05-16 17:45:00,1225.6666,53.02806666666667,19.151933333333332,86.1904,4.342046666666667,-0.8003557630697781,0.5995253560284113,15.0
2022-05-16 18:00:00,314.66666,22.037133333333333,19.0774,86.32986666666666,4.707800000000001,-0.7768111412115091,0.6297336348724537,15.0
2022-05-16 18:15:00,27.0,11.834586666666667,18.927599999999998,86.27306666666667,5.54512,-0.49348702829799074,0.8697531563044874,15.0
2022-05-16 18:30:00,0.0,9.364973333333333,18.806266666666666,86.762,4.11194,-0.7965513385820251,0.6045708932814943,15.0
2022-05-16 18:45:00,0.0,6.9393199999999995,18.768266666666666,86.20313333333334,5.07102,-0.8166125973755258,0.5771861621761193,15.0
2022-05-16 19:00:00,0.0,6.174726666666667,18.711599999999997,86.54459999999999,4.471566666666666,-0.5117689908615874,0.859123099440652,15.0
2022-05-16 21:00:00,0.0,6.350980000000001,18.555400000000002,86.49153333333334,5.603546666666667,-0.9871971554127379,-0.15950478470879353,120.0
2022-05-16 23:00:00,0.0,6.3215200000000005,18.467066666666668,84.21566666666668,5.250313333333334,-0.46536767596803175,0.8851174646136596,120.0
2022-05-17 01:00:00,0.0,6.32218,17.992666666666665,85.21786666666667,4.956180000000001,-0.8031143306446765,0.5958249507306264,120.0
2022-05-17 03:00:00,0.0,6.5795200000000005,17.964133333333333,86.21633333333332,4.369533333333334,-0.09081798088450711,0.9958675084307457,120.0
2022-05-17 05:00:00,0.0,6.740539999999999,18.303933333333337,84.25146666666666,3.8066999999999998,-0.5269891801870704,0.8498719926940523,120.0
2022-05-17 06:00:00,0.0,9.3354,18.087866666666667,89.80613333333334,3.54006,-0.7808813359522732,0.624679389096033,60.0
2022-05-17 06:15:00,0.0,12.672666666666666,17.848599999999998,92.25646666666667,4.041433333333334,-0.08910290526816457,0.9960224255872819,15.0
2022-05-17 06:30:00,165.66667,19.4724,17.727066666666666,92.90926666666665,4.45026,-0.10969961524158058,0.9939647852996851,15.0
2022-05-17 06:45:00,587.6667,34.38700000000001,17.77766666666667,91.52913333333332,4.242346666666666,-0.8362857985854228,-0.5482937744351485,15.0
2022-05-17 07:00:00,1399.3334,64.98913333333333,18.07133333333333,88.99026666666667,3.8375399999999997,-0.9823301241866348,0.1871564241896886,15.0
2022-05-17 07:15:00,2097.0,85.8436,18.522199999999998,86.025,3.273406666666667,-0.9762150936832846,0.21680426855792254,15.0
2022-05-17 07:30:00,2952.3333,104.0784,18.956733333333332,83.18046666666667,3.4972733333333332,-0.5522033933347745,-0.833709429231528,15.0
2022-05-17 07:45:00,3877.3333,142.32866666666666,19.377,81.31613333333333,3.5197866666666666,-0.9908298992543758,-0.13511517584477092,15.0
2022-05-17 08:00:00,3579.6667,130.61133333333333,19.66306666666667,79.398,3.60712,-0.969949520502671,0.24330624257638492,15.0
2022-05-17 08:15:00,4107.0,147.14533333333333,19.977733333333333,79.046,3.1036599999999996,-0.4962982262676724,0.868152101076512,15.0
2022-05-17 08:30:00,4433.3335,168.84133333333332,20.2362,77.83593333333333,2.639393333333333,-0.8612324629675302,-0.5082112205873476,15.0
2022-05-17 08:45:00,6011.0,187.64800000000002,20.8384,76.0272,2.04322,0.10929771192146637,-0.9940090593997281,15.0
2022-05-17 09:00:00,8043.6665,325.2793333333333,21.714333333333332,72.15393333333333,2.828786666666667,-0.8078720334999445,-0.5893579366468772,15.0
2022-05-17 09:15:00,11201.0,414.408,22.679,67.66713333333333,2.2624199999999997,-0.8721747319689512,-0.4891944776005633,15.0
2022-05-17 09:30:00,12558.333,457.6426666666667,23.22533333333333,65.0336,2.73592,0.06469602636779,-0.997905017610503,15.0
2022-05-17 09:45:00,10830.0,413.1886666666667,23.95606666666667,63.38386666666667,2.09402,0.6702031592553124,0.7421776912062221,15.0
2022-05-17 10:00:00,12408.333,500.152,24.842266666666667,58.8926,2.3853313333333332,0.9993380374948566,-0.03637975832696879,15.0
2022-05-17 10:15:00,16397.666,670.778,25.4794,56.212266666666665,3.13046,-0.9786939591994696,-0.20532446085760725,15.0
2022-05-17 10:30:00,19337.0,748.6526666666667,26.619799999999998,52.354400000000005,2.59802,0.6049033499734965,0.796298899403259,15.0
2022-05-17 10:45:00,19408.0,758.5826666666667,27.357066666666665,50.080733333333335,1.8499373333333333,0.6306541358814595,0.776064018554919,15.0
2022-05-17 11:00:00,19761.666,770.856,27.46806666666667,50.8128,1.5414793333333334,0.964555115694306,0.2638814673067135,15.0
2022-05-17 11:15:00,20056.666,780.4680000000001,27.723200000000002,50.80866666666667,1.9071006666666668,0.9973062134054583,0.07335064214351797,15.0
2022-05-17 11:30:00,20481.0,790.8813333333334,27.983733333333337,50.742266666666666,1.512414,0.8790013732957377,-0.47681923801814785,15.0
2022-05-17 11:45:00,20724.334,799.6026666666668,26.456599999999998,55.36906666666666,2.82116,0.9470348025428946,-0.32113094334327313,15.0
2022-05-17 12:00:00,20645.666,795.3693333333333,25.674333333333333,58.03426666666667,2.4436357142857146,0.9856288049504991,-0.16892560152875277,15.0
2022-05-17 12:15:00,20778.666,797.116,26.8406,53.8328,1.5766266666666666,0.9106072188776901,0.4132729036942036,15.0
2022-05-17 12:30:00,20845.0,797.9853333333334,28.198800000000002,50.70413333333333,1.93332,0.9519414073581537,0.3062801935433919,15.0
2022-05-17 12:45:00,20637.0,710.3139333333334,28.046733333333336,50.67433333333334,2.152933333333333,0.9991597085562371,0.04098630012352094,15.0
2022-05-17 13:00:00,20616.0,408.9911333333333,26.042533333333335,58.979733333333336,3.27032,0.8141425446173626,-0.5806650644252379,15.0
2022-05-17 13:15:00,20542.334,774.6613333333333,25.335666666666665,62.22246666666667,3.624213333333333,0.8053354776482416,-0.5928193387880312,15.0
2022-05-17 13:30:00,20369.666,766.6706666666666,25.294333333333334,62.3516,3.833566666666667,0.7182234585196103,-0.6958125204623222,15.0
2022-05-17 13:45:00,20557.666,776.874,25.307933333333335,61.90206666666666,4.524113333333333,0.7103655671855266,-0.7038329069865837,15.0
2022-05-17 14:00:00,16899.334,749.9973333333332,25.186733333333333,62.6196,4.059373333333333,0.7152781597434346,-0.6988398630545096,15.0
2022-05-17 14:15:00,13352.333,426.3446666666667,24.526666666666664,64.4404,3.7982533333333333,0.7498955778622958,-0.6615562125039516,15.0
2022-05-17 14:30:00,15897.667,646.6659999999999,24.2572,65.2116,3.6420933333333334,0.6960464769941335,-0.7179967283101332,15.0
2022-05-17 14:45:00,16569.666,624.6466666666668,24.290866666666666,64.92786666666667,3.4301133333333333,0.7865328007843887,-0.6175485027835993,15.0
2022-05-17 15:00:00,15023.333,547.5699999999999,23.9422,65.51406666666666,3.5761200000000004,0.7983763459214673,-0.6021587915766783,15.0
2022-05-17 15:15:00,14132.667,528.712,23.727666666666668,67.26033333333334,3.39926,0.7648239608242574,-0.644239325832485,15.0
2022-05-17 15:30:00,14343.667,508.11800000000005,23.586866666666666,68.09086666666667,3.568966666666667,0.7422176165086161,-0.6701589436426771,15.0
2022-05-17 15:45:00,13357.0,469.2486666666666,23.453666666666667,68.81506666666665,3.487906666666667,0.7227098547812151,-0.6911515505315133,15.0
2022-05-17 16:00:00,12179.333,423.05933333333337,23.154999999999998,70.53153333333333,3.2672466666666664,0.7671129040331152,-0.6415121140445288,15.0
2022-05-17 16:15:00,10852.333,378.4526666666667,22.9284,71.56559999999999,3.48806,0.7623747472891687,-0.6471358008144629,15.0
2022-05-17 16:30:00,9354.333,267.09586666666667,22.39653333333333,74.03960000000001,3.243193333333333,0.7754296238100904,-0.6314340017117717,15.0
2022-05-17 16:45:00,7816.6665,85.03613333333332,21.70553333333333,78.10940000000001,3.4518,0.7669635966155133,-0.6416906119514265,15.0
2022-05-17 17:00:00,6062.3335,76.98053333333334,21.3654,79.27206666666666,3.23888,0.7461348488612588,-0.6657948537761361,15.0
2022-05-17 17:15:00,4995.0,72.8138,21.196466666666666,80.41106666666666,3.1677066666666667,0.6889029861843676,-0.7248535546069019,15.0
2022-05-17 17:30:00,3712.6667,73.81893333333333,21.072666666666667,81.39033333333333,3.1746399999999997,0.7257747166921183,-0.6879324535232186,15.0
2022-05-17 17:45:00,2059.3333,68.61626666666666,21.065733333333334,81.79093333333334,2.9852666666666665,0.7802776084403682,-0.625433332791417,15.0
2022-05-17 18:00:00,612.3333,31.982933333333335,21.099666666666668,81.70286666666668,3.1383199999999998,0.8008428763689112,-0.5988745172147241,15.0
2022-05-17 18:15:00,110.0,15.639066666666668,20.986133333333335,81.96906666666668,3.2152666666666665,0.8666025295804647,-0.49899905383150756,15.0
2022-05-17 18:30:00,42.333332,12.08206,20.885066666666667,82.53213333333333,2.802653333333333,0.9044308235563093,-0.42662030589419453,15.0
2022-05-17 18:45:00,0.0,7.466473333333334,20.869533333333333,82.22826666666667,2.73456,0.9487904018553293,-0.3159062730418673,15.0
2022-05-17 19:00:00,0.0,5.6732933333333335,20.783933333333334,81.16799999999999,2.7552666666666665,0.9665081924298304,-0.25663576127660365,15.0
2022-05-17 19:15:00,0.0,5.107453333333334,20.8304,79.52693333333333,2.7925400000000002,0.9756561563894403,-0.21930586973308325,15.0
2022-05-17 21:15:00,0.0,5.54192,21.08133333333333,70.7162,2.52582,0.9991314331527364,-0.04166988464297651,120.0
2022-05-17 23:15:00,0.0,5.880153333333334,21.1148,68.12726666666667,4.06752,0.984404059718106,-0.17592227604971386,120.0
2022-05-18 01:15:00,0.0,5.92426,20.600466666666666,65.3312,2.8774133333333336,0.999538304780197,-0.03038383249575306,120.0
2022-05-18 03:15:00,0.0,6.0642933333333335,20.348,57.12866666666666,3.19578,0.9929253603292041,0.11874017355183616,120.0
2022-05-18 05:15:00,0.0,6.255893333333333,19.953733333333332,60.22206666666667,2.3782666666666668,0.7933894635247698,0.6087143494019818,120.0
2022-05-18 05:30:00,0.0,7.659926666666666,19.947133333333333,56.59066666666667,2.633714285714286,0.9522177679446151,0.30541991161444465,15.0
2022-05-18 05:45:00,46.666668,15.246640000000001,20.163933333333333,54.8832,2.5808133333333334,0.803966891990464,0.5946740591140608,15.0
2022-05-18 06:00:00,313.33334,19.929933333333334,20.318933333333334,54.54273333333333,2.734913333333333,0.6573892746533154,0.7535511539177602,15.0
2022-05-18 06:15:00,641.0,33.78633333333333,20.52893333333333,52.79826666666667,2.610473333333333,0.9826166849206033,0.18564603555057094,15.0
2022-05-18 06:30:00,885.6667,31.300866666666664,20.663733333333333,52.186400000000006,2.576046666666667,0.9201557808755549,0.39155247275594834,15.0
2022-05-18 06:45:00,848.0,44.67053333333333,20.827266666666667,51.29513333333333,2.9434466666666665,0.6731996724248926,0.7394607501734066,15.0
2022-05-18 07:00:00,1285.0,58.840199999999996,20.9866,51.03426666666667,2.7923133333333334,0.9487885639710752,0.3159117928753291,15.0
2022-05-18 07:15:00,3686.0,144.19799999999998,21.342133333333333,51.18633333333333,2.303446666666667,0.9342248118946597,0.3566847359228984,15.0
2022-05-18 07:30:00,4842.3335,132.3408,22.0858,50.5776,2.557713333333333,0.6802425542922902,0.7329870853772941,15.0
2022-05-18 07:45:00,5993.6665,225.5068,22.722666666666665,46.63393333333333,2.8478133333333333,0.9385797760212885,0.3450623190726971,15.0
2022-05-18 08:00:00,7377.3335,279.24666666666667,22.973200000000002,42.4738,3.39472,0.9968070911605816,-0.07984749847039575,15.0
2022-05-18 08:15:00,8148.6665,318.04,22.830733333333335,42.709066666666665,4.123593333333333,0.9858009346577661,-0.16791818611417558,15.0
2022-05-18 08:30:00,13279.333,535.2493333333333,23.613133333333334,39.60613333333333,3.97016,0.9907040473225738,-0.13603488750563802,15.0
2022-05-18 08:45:00,15507.333,592.872,25.073866666666667,37.9384,3.7229200000000002,0.9877788206192959,-0.15586212348082812,15.0
2022-05-18 09:00:00,12115.0,522.6406666666667,25.376666666666665,36.50506666666667,3.32752,0.9957751708195041,-0.0918248832255593,15.0
2022-05-18 09:15:00,14837.667,569.4393333333334,25.822333333333336,37.163066666666666,3.0501066666666663,0.9998465762351639,-0.01751639206059863,15.0
2022-05-18 09:30:00,15548.0,608.2866666666666,26.471133333333334,33.4758,3.1232866666666665,0.9999138089567209,0.013129152968200225,15.0
2022-05-18 09:45:00,16904.666,655.4846666666667,26.709799999999998,33.4752,2.824473333333333,0.9990213896154791,-0.044229663018803565,15.0
2022-05-18 10:00:00,17525.334,666.402,26.5536,32.791866666666664,3.1590866666666666,0.9983414147169789,-0.057570996698868726,15.0
2022-05-18 10:15:00,13892.333,487.8366666666667,26.702333333333335,32.8402,2.98924,0.9995422910514582,0.030252411467552958,15.0
2022-05-18 10:30:00,13355.0,523.4393333333334,25.684,34.28693333333333,3.6108266666666666,0.985891253320069,-0.16738708620136597,15.0
2022-05-18 10:45:00,11717.667,456.1706666666667,24.89446666666667,33.95766666666667,4.655119999999999,0.9710050787517649,-0.23905885684968642,15.0
2022-05-18 11:00:00,20133.0,766.4993333333333,25.1492,35.814733333333336,3.8991266666666666,0.9724532475455067,-0.23309800800993022,15.0
2022-05-18 11:15:00,18881.0,711.2773333333333,25.900066666666664,36.18053333333333,4.365620000000001,0.9568250837191585,-0.29066434106340827,15.0
2022-05-18 11:30:00,19460.666,744.816,25.988733333333336,36.327999999999996,4.265206666666667,0.9645657077981593,-0.2638427473701637,15.0
2022-05-18 11:45:00,13425.0,524.0946666666666,25.95,37.71066666666666,3.618873333333333,0.9755647194663852,-0.21971226213498665,15.0
2022-05-18 12:00:00,15131.667,211.13066666666666,25.347266666666666,39.708,4.181913333333333,0.9491639261409546,-0.31478221250999655,15.0
2022-05-18 12:15:00,13804.667,485.5073333333333,24.8326,40.61013333333334,4.88955,0.9517998256452734,-0.3067198915975734,15.0
2022-05-18 12:30:00,18915.0,573.336,24.834799999999998,39.2654,4.496893333333333,0.9612434128624713,-0.2757011085006889,15.0
2022-05-18 12:45:00,21584.0,549.9413333333333,24.89806666666667,39.7586,4.029333333333333,0.9596140258712837,-0.2813199625890548,15.0
2022-05-18 13:00:00,16930.334,525.33,24.9376,41.8758,4.332553333333333,0.8436351777964746,-0.5369168341412948,15.0
2022-05-18 13:15:00,13515.667,436.2273333333333,24.731266666666667,43.78946666666666,3.9198333333333335,0.7989365148121232,-0.6014153683602191,15.0
2022-05-18 13:30:00,14023.333,452.074,24.563666666666666,45.693,3.29988,0.8115943756312072,-0.5842213360052771,15.0
2022-05-18 13:45:00,14278.333,513.6773333333333,24.734266666666667,45.418866666666666,3.36022,0.8505174980093198,-0.5259467516583469,15.0
2022-05-18 14:00:00,10786.0,399.05,24.665733333333332,47.92333333333333,2.883306666666667,0.8249754261667138,-0.5651685998187169,15.0
2022-05-18 14:15:00,11018.667,397.1646666666667,24.454133333333335,49.7606,3.219866666666667,0.7820646124237277,-0.6231973539694505,15.0
2022-05-18 14:30:00,9690.667,354.17266666666666,24.40873333333333,51.11333333333334,2.8724333333333334,0.8202517216745712,-0.5720027212259587,15.0
2022-05-18 14:45:00,8792.0,320.3666666666667,24.2774,51.004533333333335,2.2529066666666666,0.8572631696893326,-0.5148784884749008,15.0
2022-05-18 15:00:00,7866.3335,278.536,24.163866666666667,52.13113333333333,1.7680866666666666,0.9040924944850453,-0.4273368243152097,15.0
2022-05-18 15:15:00,8276.0,319.07733333333334,24.219533333333334,52.942800000000005,1.7305866666666667,0.846645482504033,-0.532157332896497,15.0
2022-05-18 15:30:00,5856.3335,209.536,24.341333333333335,54.076933333333336,2.3537066666666666,0.680558905375787,-0.7326933712773104,15.0
2022-05-18 15:45:00,4381.6665,150.994,23.91466666666667,55.391200000000005,2.6341200000000002,0.7434406089758183,-0.6688019594212209,15.0
2022-05-18 16:00:00,4800.6665,178.804,23.529466666666668,56.28673333333334,2.8422733333333334,0.8553642601605067,-0.5180270093731301,15.0
2022-05-18 16:15:00,5225.6665,187.42000000000002,23.457933333333337,56.4588,2.7868399999999998,0.8706878149995806,-0.4918360792085674,15.0
2022-05-18 16:30:00,4802.6665,173.09133333333332,23.308466666666668,58.544133333333335,2.7931066666666666,0.8752001035462088,-0.48376107610338526,15.0
2022-05-18 16:45:00,4535.3335,161.96133333333333,23.313733333333335,58.8628,2.5247933333333332,0.9674938325667047,-0.2528946103525917,15.0
2022-05-18 17:00:00,3611.3333,94.41900000000001,23.302133333333334,58.70720000000001,2.30912,0.9797997100123854,-0.19998131977673683,15.0
2022-05-18 17:15:00,2534.6667,44.840066666666665,23.162133333333333,59.735533333333336,2.065373333333333,0.9899535305733405,-0.14139309497064637,15.0
2022-05-18 17:30:00,1825.0,51.43253333333334,23.195266666666665,60.68646666666667,1.7777733333333332,0.9993170474973697,-0.036951841376848225,15.0
2022-05-18 17:45:00,986.0,46.14313333333334,23.151799999999998,60.4734,1.9753733333333334,0.9999327270389204,-0.011599198097620897,15.0
2022-05-18 18:00:00,669.6667,34.70366666666666,22.893533333333334,62.6394,2.3515,0.9922197866623209,-0.12449857411142698,15.0
2022-05-18 18:15:00,548.6667,30.986866666666668,22.610266666666668,64.53786666666666,2.52346,0.9883954704943152,-0.15190258031488904,15.0
2022-05-18 18:30:00,234.33333,20.501666666666665,22.6074,64.27853333333333,2.2452466666666666,0.9971973341340472,-0.07481628696981313,15.0
2022-05-18 18:45:00,18.666666,12.352893333333332,22.433133333333334,65.4246,2.5107799999999996,0.9892519262812303,-0.14622115561325358,15.0
2022-05-18 19:00:00,0.0,8.135473333333334,22.427933333333332,66.31646666666667,2.289193333333333,0.9985756093475036,-0.05335496618180949,15.0
2022-05-18 19:15:00,0.0,7.09952,22.410733333333333,67.31933333333333,2.11172,0.9978181700471831,-0.06602196243441157,15.0
2022-05-18 19:30:00,0.0,7.22444,22.419800000000002,65.48486666666666,2.2366,0.9998410032105342,0.01783166562473977,15.0
2022-05-18 21:30:00,0.0,7.6282000000000005,22.302533333333333,68.64333333333335,2.03758,0.9689349212247682,0.24731582729609577,120.0
2022-05-18 23:30:00,0.0,8.67882,22.629,57.50633333333334,3.4001,0.9918916332663148,-0.12708653688051455,120.0
2022-05-19 01:30:00,0.0,8.29668,22.13273333333333,73.22133333333333,3.1868399999999997,0.9940232308977452,-0.10916875210245758,120.0
2022-05-19 03:30:00,0.0,8.553953333333334,21.9702,74.9538,1.7031733333333332,0.9999992118932381,0.0012554731787855471,120.0
2022-05-19 05:15:00,0.0,9.046393333333333,22.1446,63.00886666666667,1.6778466666666667,0.9081611968942885,0.41862064026458756,105.0
2022-05-19 05:30:00,0.0,10.214686666666667,22.210800000000003,63.63046666666666,1.3978226666666667,0.9528957396651324,0.3032980536172961,15.0
2022-05-19 05:45:00,29.666666,15.557066666666666,22.191533333333332,64.81206666666667,1.402,0.9012616178123024,0.4332753123111809,15.0
2022-05-19 06:00:00,331.33334,26.234533333333335,22.214533333333335,65.68226666666666,1.221382,0.6907949201295863,0.7230507439475865,15.0
2022-05-19 06:15:00,784.0,40.36566666666667,22.3018,65.818,1.5548866666666668,0.9060125229930567,0.4232508808966095,15.0
2022-05-19 06:30:00,1277.6666,51.8456,22.468,64.23006666666667,1.5674333333333335,0.5371249199938559,0.8435027091370803,15.0
2022-05-19 06:45:00,2085.6667,68.32906666666666,22.811333333333334,62.07313333333333,1.4310666666666667,0.541747331442179,0.8405413903403436,15.0
2022-05-19 07:00:00,2352.0,91.39853333333333,23.21466666666667,60.37413333333333,2.01852,0.44738013553355455,0.8943439016004852,15.0
2022-05-19 07:15:00,2267.6667,82.46453333333334,23.449066666666667,59.117066666666666,2.3525666666666667,-0.5820515384411672,-0.813151896387305,15.0
2022-05-19 07:30:00,2557.0,98.2374,23.5234,56.76773333333333,2.3053066666666666,0.9221547408317926,0.3868211912000806,15.0
2022-05-19 07:45:00,2951.0,111.68,23.693933333333334,54.97633333333333,2.0220333333333333,0.9782836861574612,-0.20727042576829405,15.0
2022-05-19 08:00:00,3239.0,124.92800000000001,23.821933333333334,53.659,2.3783266666666667,0.9640886061696297,-0.26558079647049176,15.0
2022-05-19 08:15:00,3547.0,140.72266666666667,24.0484,52.94806666666667,2.5775533333333334,-0.5823820829210753,-0.812915192066497,15.0
2022-05-19 08:30:00,5836.6665,273.08866666666665,24.544066666666666,52.59713333333333,2.346886666666667,-0.962419759932597,0.27156620866978737,15.0
2022-05-19 08:45:00,12985.333,486.086,26.2576,47.75553333333333,2.03228,0.27175534207629803,0.9623663720501637,15.0
2022-05-19 09:00:00,10874.0,387.6793333333333,28.122733333333333,42.17513333333333,1.6482486666666667,0.4792925367717288,0.877655208037257,15.0
2022-05-19 09:15:00,10495.0,403.68933333333337,28.130533333333336,43.766600000000004,1.2994586666666665,0.9244895348656712,0.38120742375228595,15.0
2022-05-19 09:30:00,10786.0,410.15866666666665,28.139666666666667,45.40293333333333,1.2356206666666667,0.5266113200858327,0.8501061801666052,15.0
2022-05-19 09:45:00,10322.0,397.082,27.249066666666668,45.326800000000006,1.4502993333333334,0.9687077551350067,-0.24820411991201072,15.0
2022-05-19 10:00:00,10290.667,391.7786666666667,26.2914,48.468066666666665,1.4404460000000001,0.9304077594473991,-0.3665261261630209,15.0
2022-05-19 10:15:00,10986.0,450.45133333333337,26.216,50.57406666666667,1.9497266666666666,0.7776875364816928,-0.6286510125666194,15.0
2022-05-19 10:30:00,11917.0,534.4866666666667,26.360466666666664,51.16106666666667,2.43676,0.8010518742171621,-0.5985949338352038,15.0
2022-05-19 10:45:00,14609.0,605.5353333333334,26.54146666666667,51.92013333333333,2.7125666666666666,0.8131143074435033,-0.5821040482857613,15.0
2022-05-19 11:00:00,14359.333,627.0066666666667,26.9482,50.26853333333334,2.78392,0.8031018168752779,-0.5958418177097238,15.0
2022-05-19 11:15:00,19111.0,564.7413333333333,26.889266666666668,50.58586666666667,2.7495066666666665,0.8008289397092252,-0.5988931535125428,15.0
2022-05-19 11:30:00,14501.667,683.4886666666666,26.941399999999998,49.827533333333335,2.4273866666666666,0.8127077240362257,-0.5826715672588272,15.0
2022-05-19 11:45:00,16085.667,766.2966666666667,27.268666666666665,48.123733333333334,2.2724333333333333,0.9013291614454622,-0.4331347858669632,15.0
2022-05-19 12:00:00,19933.334,807.8206666666666,27.484733333333335,48.41713333333334,2.2805866666666663,0.8258228050830143,-0.563929689415996,15.0
2022-05-19 12:15:00,20892.0,808.882,28.53826666666667,45.62713333333333,2.7054199999999997,0.732930886507305,-0.6803031056842355,15.0
2022-05-19 12:30:00,14429.667,696.4906666666667,28.8002,47.11526666666667,3.5397866666666666,0.7270941138232592,-0.6865377991367769,15.0
2022-05-19 12:45:00,18722.334,766.2613333333334,28.014799999999997,47.830733333333335,3.589566666666667,0.7228545933716007,-0.6910001713759395,15.0
2022-05-19 13:00:00,20041.0,762.5193333333334,28.1044,47.03613333333333,3.1908666666666665,0.7612139398814776,-0.6485008386502813,15.0
2022-05-19 13:15:00,19645.0,696.5862,27.96333333333333,47.05186666666667,3.2519199999999997,0.7375916909058898,-0.6752469900018735,15.0
2022-05-19 13:30:00,19280.0,720.7673333333333,27.901,49.71606666666666,3.1123,0.7912875675909018,-0.6114441800982933,15.0
2022-05-19 13:45:00,19246.0,700.6533333333333,27.096666666666668,54.8366,3.46544,0.7370257385414337,-0.6758646763424274,15.0
2022-05-19 14:00:00,19247.334,721.0066666666667,27.1832,56.9904,3.3949599999999998,0.6872143115415383,-0.726454740512091,15.0
2022-05-19 14:15:00,12190.667,521.5586666666667,26.5536,59.010200000000005,3.3563666666666667,0.7165048921333947,-0.6975820665333308,15.0
2022-05-19 14:30:00,16953.0,655.0846666666667,26.284533333333332,60.709266666666664,3.034866666666667,0.7277248767303947,-0.6858691593793468,15.0
2022-05-19 14:45:00,16481.334,604.0186666666667,26.576466666666665,60.0888,3.796266666666667,0.7194448674320372,-0.6945495538301774,15.0
2022-05-19 15:00:00,15642.667,620.9066666666666,26.420133333333336,61.28060000000001,3.4270533333333333,0.6950600172309426,-0.7189517177439121,15.0
2022-05-19 15:15:00,15651.0,589.9746666666667,26.2568,61.726800000000004,3.1999799999999996,0.7436973556821734,-0.6685164494246516,15.0
2022-05-19 15:30:00,14579.333,535.9513333333333,25.969866666666668,63.849000000000004,3.4213266666666664,0.7093493341585011,-0.7048570934089343,15.0
2022-05-19 15:45:00,13385.667,486.8113333333333,25.8122,64.5832,3.293473333333333,0.7584605041998719,-0.6517190066039782,15.0
2022-05-19 16:00:00,13682.333,506.27599999999995,25.699666666666666,66.21813333333334,3.19202,0.7206801887389608,-0.693267672374225,15.0
2022-05-19 16:15:00,12320.333,452.4993333333333,25.582866666666668,68.0418,2.7725133333333334,0.7725562931728852,-0.6349462763722384,15.0
2022-05-19 16:30:00,9976.0,325.4372666666667,24.84306666666667,71.93573333333333,2.542526666666667,0.7453053551965412,-0.666723276566341,15.0
2022-05-19 16:45:00,8193.333,65.6422,24.0344,75.9308,2.821166666666666,0.7445601533398377,-0.667555374526007,15.0
2022-05-19 17:00:00,4361.0,79.8322,23.767133333333334,77.89246666666666,2.3220466666666666,0.7522692707122705,-0.6588557841758914,15.0
2022-05-19 17:15:00,1938.3334,68.32446666666667,23.778599999999997,78.7316,2.3611133333333334,0.7035518256414204,-0.7106439534933259,15.0
2022-05-19 17:30:00,2265.6667,77.82793333333333,23.624466666666667,80.5038,2.2830999999999997,0.7019790512517896,-0.7121975930903146,15.0
2022-05-19 17:45:00,1690.3334,68.78666666666666,23.691533333333332,81.464,2.28478,0.7409999605410043,-0.6715050695849064,15.0
2022-05-19 18:00:00,1021.0,47.221599999999995,23.525266666666667,82.49333333333334,2.1499866666666665,0.7788419421257801,-0.627220239776861,15.0
2022-05-19 18:15:00,552.6667,31.397,23.31406666666667,83.15566666666668,2.1725066666666666,0.7904188045464537,-0.6125668236358829,15.0
2022-05-19 18:30:00,187.33333,19.119333333333334,23.202533333333335,83.94879999999999,2.26998,0.7654457774528978,-0.6435003976529687,15.0
2022-05-19 18:45:00,3.6666667,11.46292,22.98053333333333,84.38473333333333,1.9931066666666666,0.921289508820618,-0.3888774111941504,15.0
2022-05-19 19:00:00,0.0,8.413566666666666,22.926266666666667,85.90633333333334,1.7600466666666668,0.9282116190033409,-0.37205267146896914,15.0
2022-05-19 19:15:00,0.0,7.634953333333333,22.816599999999998,87.28693333333334,1.73068,0.9390090517514493,-0.3438924260998546,15.0
2022-05-19 19:30:00,0.0,7.540106666666667,22.808600000000002,88.1892,1.10869,0.9893909875390218,-0.14527723075747023,15.0
2022-05-19 21:30:00,0.0,7.81252,22.964333333333332,89.34933333333333,1.420288,0.2901444907046457,-0.9569828496445177,120.0
2022-05-19 23:30:00,0.0,8.275626666666666,23.3704,85.38846666666667,1.9504986666666668,-0.9829106404055866,-0.18408333161228793,120.0
2022-05-20 01:30:00,0.0,8.57684,23.483,82.8186,1.567076,0.9999881135457483,0.004875732479889152,120.0
2022-05-20 03:30:00,0.0,8.400686666666667,23.0618,88.87093333333334,1.2457853333333333,0.535250972259858,0.844693078398821,120.0
2022-05-20 05:30:00,0.0,9.09142,22.674066666666665,91.97306666666667,2.0053199999999998,0.5748349338672442,0.8182693925632566,120.0
2022-05-20 05:45:00,0.0,12.251066666666667,22.666533333333334,91.57199999999999,2.0470866666666665,0.15035776282508242,-0.98863165190997,15.0
2022-05-20 06:00:00,200.0,21.35713333333333,22.741733333333332,91.00073333333333,2.23442,0.8553815526329069,-0.5179984550317862,15.0
2022-05-20 06:15:00,628.0,36.28473333333333,22.862666666666666,90.3916,2.15338,0.8458827784684363,-0.5333688452567494,15.0
2022-05-20 06:30:00,1289.6666,58.86226666666666,22.967133333333333,89.84173333333334,1.6854466666666668,0.5344486410730487,-0.8452009524693944,15.0
2022-05-20 06:45:00,1895.3334,80.66133333333333,23.343,88.14886666666666,1.5222266666666668,0.9869543066314874,0.16100061062480442,15.0
2022-05-20 07:00:00,2454.0,102.089,23.822133333333333,85.722,1.6252013333333333,0.5602268396502958,0.8283392349366542,15.0
2022-05-20 07:15:00,2765.0,110.508,24.307133333333336,83.61666666666666,1.605433076923077,0.5280597558759167,0.8492072151273017,15.0
2022-05-20 07:30:00,2834.0,115.58666666666666,24.496266666666667,83.01473333333334,1.5615513333333333,0.6003798419301022,0.799714977603887,15.0
2022-05-20 07:45:00,3271.0,142.53266666666664,24.6214,82.77393333333333,1.190648,0.8750058388932757,0.4841123649553634,15.0
2022-05-20 08:00:00,4735.0,178.7913333333333,24.674266666666664,82.66073333333334,1.71266,0.9996669422726131,-0.02580706351610114,15.0
2022-05-20 08:15:00,9598.0,305.61133333333333,25.204066666666666,81.71293333333332,1.7947666666666668,0.9992554831744822,-0.03858081577328394,15.0
2022-05-20 08:30:00,11525.0,430.77933333333334,26.1614,78.1314,1.69388,0.9877330769961706,0.15615174865391934,15.0
2022-05-20 08:45:00,12689.667,538.2866666666666,28.260133333333332,69.48493333333333,1.63094,0.5578185047980297,0.8299629604415432,15.0
2022-05-20 09:00:00,10044.333,491.3586666666667,29.429333333333332,64.68966666666667,1.5001593333333332,0.9060011957490883,0.42327512719414795,15.0
2022-05-20 09:15:00,13901.667,429.59599999999995,28.82133333333333,66.25546666666666,1.2593073333333333,0.7623702294104173,0.6471411231784824,15.0
2022-05-20 09:30:00,15731.667,585.4580000000001,29.315533333333335,64.1744,1.3002766666666665,0.9133096210212373,0.4072659280495288,15.0
2022-05-20 09:45:00,16229.0,631.6113333333334,28.5172,66.88000000000001,1.40113,0.9892054292345752,0.14653538403006885,15.0
2022-05-20 10:00:00,16988.0,660.0326666666666,28.5204,66.88013333333333,1.9524533333333334,0.9219997154359824,-0.3871905535210892,15.0
2022-05-20 10:15:00,17586.0,689.2553333333333,27.654533333333333,69.69033333333333,2.251757142857143,0.8683460066717484,-0.4959588820630474,15.0
2022-05-20 10:30:00,19966.666,749.64,28.1226,69.313,2.430406666666667,0.8137707789653398,-0.5811859593126317,15.0
2022-05-20 10:45:00,19514.666,750.3726666666666,27.938333333333333,69.7692,2.77658,0.7959949595653828,-0.6053032499057845,15.0
2022-05-20 11:00:00,19080.334,743.2773333333333,28.0372,69.24433333333333,2.8589466666666667,0.820098614564444,-0.5722222141698796,15.0
2022-05-20 11:15:00,18987.334,742.662,27.72733333333333,70.84093333333334,3.0405266666666666,0.8215673433713431,-0.5701114805945883,15.0
2022-05-20 11:30:00,19588.0,716.91,27.647,70.87806666666667,3.15748,0.8155926097075575,-0.5786265591816675,15.0
2022-05-20 11:45:00,14177.667,377.48566666666665,27.041066666666666,71.95139999999999,2.9406266666666667,0.765715259108845,-0.6431797120306846,15.0
2022-05-20 12:00:00,20896.666,724.8080000000001,27.203,69.82660000000001,3.0110466666666666,0.7564321609611203,-0.6540721564656989,15.0
2022-05-20 12:15:00,12675.333,543.0166666666667,27.7176,68.2718,3.31394,0.726206814109927,-0.6874763000571801,15.0
2022-05-20 12:30:00,21865.0,778.0326666666666,27.781200000000002,68.1568,3.4332000000000003,0.7113966763283687,-0.7027907006420547,15.0
2022-05-20 12:45:00,19926.0,770.3473333333333,27.891133333333336,68.14593333333333,3.07474,0.7151805763189576,-0.6989397279137047,15.0
2022-05-20 13:00:00,20279.334,762.7386666666666,28.034266666666667,68.48346666666666,3.2638266666666667,0.7810338706802108,-0.6244886651095339,15.0
2022-05-20 13:15:00,19337.666,643.1855333333333,27.786800000000003,69.49946666666666,3.2225466666666667,0.7762224947150462,-0.6304590698041784,15.0
2022-05-20 13:30:00,18801.666,725.0266666666666,28.013333333333332,67.542,3.3189800000000003,0.7626005938466909,-0.6468696424046149,15.0
2022-05-20 13:45:00,18763.0,701.222,27.286133333333332,68.54573333333333,3.681166666666667,0.8117303081326707,-0.5840324536006878,15.0
2022-05-20 14:00:00,18437.0,681.6806666666668,27.320266666666665,69.56893333333333,3.3624733333333334,0.8156464671799096,-0.5785506378675359,15.0
2022-05-20 14:15:00,17740.0,659.98,27.011466666666667,70.88566666666667,3.24924,0.7901050892730682,-0.6129714087172393,15.0
2022-05-20 14:30:00,16897.334,626.89,27.077800000000003,71.4314,2.96232,0.8036976470533107,-0.5950378913321167,15.0
2022-05-20 14:45:00,16178.667,585.622,27.0198,72.58146666666667,2.83078,0.7081673396184611,-0.7060446296784015,15.0
2022-05-20 15:00:00,14163.333,553.7113333333333,27.031066666666668,73.23346666666666,2.5294133333333333,0.7488554830746708,-0.6627333290766366,15.0
2022-05-20 15:15:00,10779.667,437.97266666666667,26.811666666666667,75.7204,2.8555599999999997,0.8428095380134737,-0.5382119309654098,15.0
2022-05-20 15:30:00,9574.667,248.08513333333335,26.756733333333333,76.586,1.7501333333333333,0.8921142226788944,-0.45180993093781363,15.0
2022-05-20 15:45:00,3777.0,140.69633333333334,26.542199999999998,75.75353333333334,1.4282753333333331,-0.4343614147232116,-0.9007386754212623,15.0
2022-05-20 16:00:00,11172.667,395.52000000000004,26.270066666666665,77.47466666666666,1.99302,0.47581968918290696,-0.8795428490902998,15.0
2022-05-20 16:15:00,9560.667,347.46933333333334,26.4992,78.39313333333332,2.4629666666666665,0.914399559864785,-0.40481285172174,15.0
2022-05-20 16:30:00,7877.6665,269.876,26.246266666666667,79.3798,1.6415906666666666,0.9292675985632424,-0.36940726882467356,15.0
2022-05-20 16:45:00,6579.3335,107.27666666666667,25.45446666666667,83.4148,2.6127266666666666,0.8317991479002237,-0.5550767312295317,15.0
2022-05-20 17:00:00,5132.6665,100.28866666666666,24.97106666666667,85.88886666666667,2.29328,0.7240595146013176,-0.689737500296529,15.0
2022-05-20 17:15:00,4120.0,89.87506666666667,25.118266666666667,85.19313333333334,2.0500266666666667,0.8505909257384957,-0.5258279918864427,15.0
2022-05-20 17:30:00,2481.3333,72.39146666666667,25.07293333333333,85.59633333333333,1.7767933333333334,0.8213735963460506,-0.5703905812910617,15.0
2022-05-20 17:45:00,1987.6666,60.925133333333335,24.930666666666664,86.43473333333333,1.7498266666666666,0.8962388329413731,-0.4435718141720522,15.0
2022-05-20 18:00:00,1159.6666,48.77373333333333,25.022666666666666,85.75986666666668,1.6160726666666667,0.8997579317513205,-0.4363893493780367,15.0
2022-05-20 18:15:00,727.6667,35.16453333333333,24.647133333333333,87.93053333333334,1.79972,0.8522325756615351,-0.5231631074352489,15.0
2022-05-20 18:30:00,275.66666,22.865666666666666,24.415333333333333,87.83653333333334,1.5943066666666668,0.19974418378644257,-0.9798480805938683,15.0
2022-05-20 18:45:00,19.666666,13.211266666666667,24.348333333333336,87.62906666666666,0.9587746666666667,0.033748258213374606,-0.9994303652919314,15.0
2022-05-20 19:00:00,0.0,8.839413333333335,24.329133333333335,88.06533333333333,1.1480286666666666,-0.39237992661503557,-0.9198032361269335,15.0
2022-05-20 19:15:00,0.0,8.07526,24.253266666666665,88.769,1.0285126666666666,-0.6384006976595167,-0.7697041959271382,15.0
2022-05-20 19:30:00,0.0,7.972466666666667,24.0886,89.5886,0.6836953333333333,-0.9177592466473949,-0.3971372120479345,15.0
2022-05-20 21:30:00,0.0,8.267793333333334,23.687066666666666,92.74246666666666,0.5685026666666667,0.3911916336581913,-0.9203092446323874,120.0
2022-05-20 23:30:00,0.0,8.3197,23.3008,94.72366666666667,0.948504,-0.9854670946529446,0.16986643387168743,120.0
2022-05-21 01:30:00,0.0,8.356366666666666,23.047666666666668,96.43693333333334,0.7398939999999999,0.0016638797858260141,-0.9999986157510711,120.0
2022-05-21 03:30:00,0.0,8.730986666666666,22.661,95.88013333333333,0.5607726666666667,-0.9957058688821343,-0.09257333673187967,120.0
2022-05-21 05:15:00,0.0,9.620106666666667,22.649866666666664,95.887,0.6117373333333334,0.8471701460984963,-0.5313216949828535,105.0
2022-05-21 05:30:00,0.0,11.207466666666667,22.7332,96.79593333333334,0.6601713333333333,0.1585371952703272,-0.9873530056245426,15.0
2022-05-21 05:45:00,17.0,15.771466666666667,22.7072,97.43966666666667,0.6339433333333333,-0.14270954921807108,-0.98976461068376,15.0
2022-05-21 06:00:00,375.66666,31.673733333333335,22.681733333333334,97.73780000000001,0.5080173333333333,3.49065850328293e-05,-0.9999999993907651,15.0
2022-05-21 06:15:00,901.3333,52.1686,22.701133333333335,97.79053333333333,0.4957973333333333,0.6556251172680414,-0.7550865550433719,15.0
2022-05-21 06:30:00,1330.3334,61.28306666666666,22.938,97.86,0.43767866666666666,0.9376274892282228,-0.34764161350962997,15.0
2022-05-21 06:45:00,2171.0,91.13726666666666,23.29126666666667,97.83073333333333,0.7381113333333332,0.8816610337840277,-0.4718832710606295,15.0
2022-05-21 07:00:00,3134.6667,156.66333333333333,23.7442,97.26766666666666,0.5791000000000001,0.9950518712306373,-0.09935679926611528,15.0
2022-05-21 07:15:00,4090.3333,190.21266666666668,24.42106666666667,93.97666666666667,0.7081413333333334,0.8353659437076761,0.549694224176845,15.0
2022-05-21 07:30:00,4495.3335,203.52733333333333,25.28326666666667,87.03766666666667,1.433398,0.8816802501920357,0.471847365597509,15.0
2022-05-21 07:45:00,5239.6665,191.45600000000002,26.1384,81.85159999999999,1.41938,0.8392682141734722,0.5437176332234139,15.0
2022-05-21 08:00:00,3952.6667,149.85133333333334,26.570600000000002,79.82860000000001,1.2448846666666666,0.7122716882853266,0.7019038695342621,15.0
2022-05-21 08:15:00,3992.3333,167.782,26.171266666666668,80.63326666666667,0.5854893333333333,0.9608430173692997,0.27709329831784046,15.0
2022-05-21 08:30:00,7096.0,326.3293333333333,26.084600000000002,81.31026666666666,0.8538560000000001,0.9843568831487197,-0.17618605676312143,15.0
2022-05-21 08:45:00,10589.667,446.89866666666666,26.886266666666664,78.45700000000001,1.1160780000000001,0.9690674415058526,-0.24679605712673192,15.0
2022-05-21 09:00:00,11996.0,483.53133333333335,28.162333333333333,70.58073333333333,0.9311113333333334,0.8989359510958834,0.4380800792404733,15.0
2022-05-21 09:15:00,12745.667,508.57466666666664,29.303533333333334,65.01233333333333,1.0884399999999999,0.9648928335885417,0.2626439028218145,15.0
2022-05-21 09:30:00,13123.667,552.534,29.076733333333333,67.01446666666666,2.5622613333333333,0.9984153303872599,-0.05627457727694247,15.0
2022-05-21 09:45:00,14471.0,572.5139999999999,28.1226,72.52459999999999,1.7746600000000001,0.8780976887591124,-0.47848139879822393,15.0
2022-05-21 10:00:00,15060.667,580.6653333333333,28.1072,73.3234,1.6484266666666667,0.7959104355290205,-0.6054143858680637,15.0
2022-05-21 10:15:00,15024.333,583.73,28.381666666666668,73.17153333333334,1.8391866666666667,0.876745223704105,-0.48095510467406294,15.0
2022-05-21 10:30:00,15926.333,618.9186666666667,28.113133333333334,74.91946666666666,2.12012,0.8578048692387132,-0.5139754919355144,15.0
2022-05-21 10:45:00,16275.0,658.5293333333334,28.030266666666666,75.67913333333333,2.597366666666667,0.8455601400274311,-0.5338801828095806,15.0
2022-05-21 11:00:00,16829.0,661.7479999999999,28.215466666666668,74.8626,3.14356,0.7644415268731841,-0.6446930680500566,15.0
2022-05-21 11:15:00,14975.0,567.3146666666667,28.347733333333334,74.484,3.1587066666666668,0.7597178823955301,-0.6502528271130019,15.0
2022-05-21 11:30:00,14740.0,569.4493333333334,27.876466666666666,76.92073333333333,2.98258,0.7866764895482521,-0.6173654515698452,15.0
2022-05-21 11:45:00,16371.0,613.788,28.054333333333332,76.64113333333333,3.37452,0.7285941602739696,-0.6849456544972521,15.0
2022-05-21 12:00:00,17530.0,653.8566666666667,28.2502,75.55066666666667,3.57646,0.8164937898446101,-0.5773542163569828,15.0
2022-05-21 12:15:00,16428.666,611.8513333333334,27.777866666666668,76.80793333333332,3.6219266666666665,0.7877456293665813,-0.6160006683550341,15.0
2022-05-21 12:30:00,17524.0,553.8666666666667,27.97713333333333,76.10033333333334,3.5555533333333336,0.7803067165843418,-0.6253970163451084,15.0
2022-05-21 12:45:00,19441.666,424.61359999999996,27.576199999999996,76.61393333333334,3.7079333333333335,0.8353087399116768,-0.5497811464820949,15.0
2022-05-21 13:00:00,19078.666,581.944,27.585266666666666,73.893,3.7476933333333333,0.8191920854820399,-0.5735192473523326,15.0
2022-05-21 13:15:00,17678.666,585.8093333333333,27.57313333333333,74.33873333333332,3.6299066666666664,0.8229909840035448,-0.5680544342304504,15.0
2022-05-21 13:30:00,18989.334,575.6479999999999,27.650199999999998,75.0986,3.75768,0.7987755371365185,-0.6016291559360021,15.0
2022-05-21 13:45:00,16263.0,607.072,27.4956,75.49806666666667,3.599546666666667,0.7981310544748813,-0.6024838752056474,15.0
2022-05-21 14:00:00,16773.666,669.0673333333333,27.555933333333332,74.354,3.6463666666666668,0.7905542084639898,-0.6123920668002439,15.0
2022-05-21 14:15:00,14828.333,585.19,27.5566,73.31093333333334,3.343166666666667,0.7862381056673025,-0.6179236532102423,15.0
2022-05-21 14:30:00,12041.667,297.8658,27.127866666666666,73.4392,3.7276733333333336,0.8404279086102668,-0.5419233621361722,15.0
2022-05-21 14:45:00,15884.667,520.2736,27.084799999999998,76.07693333333333,3.6567333333333334,0.7699195678571001,-0.6381409397858252,15.0
2022-05-21 15:00:00,11428.333,520.442,27.364866666666668,73.24426666666666,3.49306,0.7940399111456392,-0.6078656261936723,15.0
2022-05-21 15:15:00,9383.667,318.39733333333334,26.799666666666667,73.99533333333333,3.6527000000000003,0.7966705930579896,-0.6044137375644527,15.0
2022-05-21 15:30:00,5613.3335,212.67999999999998,26.390333333333334,74.7462,3.4992,0.7921263296746146,-0.610357172347654,15.0
2022-05-21 15:45:00,3624.6667,131.84466666666668,25.811,78.23966666666666,3.39652,0.7377252430187429,-0.6751010782193557,15.0
2022-05-21 16:00:00,3191.0,129.98999999999998,25.754933333333334,80.76093333333333,3.3795599999999997,0.7647265032307938,-0.6443550071632893,15.0
2022-05-21 16:15:00,3986.6667,155.35,25.738400000000002,81.8086,3.1967733333333332,0.7730362879753642,-0.6343618032899442,15.0
2022-05-21 16:30:00,4144.3335,153.00333333333336,25.781333333333333,82.0018,3.1445333333333334,0.7481070147852459,-0.66357809972083,15.0
2022-05-21 16:45:00,4947.0,163.79066666666668,25.70906666666667,82.6686,3.23978,0.7731912687263789,-0.6341728959560575,15.0
2022-05-21 17:00:00,3514.0,124.704,25.493133333333333,83.4152,3.2755533333333333,0.8201651900907554,-0.5721267874897967,15.0
2022-05-21 17:15:00,2992.3333,97.43693333333334,25.189933333333332,84.02406666666667,3.33396,0.8391771775663626,-0.5438581291584723,15.0
2022-05-21 17:30:00,1550.6666,69.83733333333333,25.008333333333333,84.5306,2.987686666666667,0.8241195981304031,-0.5664158260301198,15.0
2022-05-21 17:45:00,1100.0,57.927,24.92526666666667,83.83619999999999,3.1765199999999996,0.7941601338522043,-0.6077085500466889,15.0
2022-05-21 18:00:00,720.6667,41.66046666666667,24.716933333333333,83.53146666666666,2.8180666666666667,0.8560927418491738,-0.516822229933237,15.0
2022-05-21 18:15:00,558.0,37.54566666666666,24.527,85.66113333333332,3.05034,0.858769184937611,-0.5123626518410482,15.0
2022-05-21 18:30:00,219.0,22.241533333333333,24.258933333333335,86.4132,2.7623266666666666,0.8748734329603796,-0.4843516040028361,15.0
2022-05-21 18:45:00,2.0,12.248866666666666,24.1242,86.49986666666668,1.80266,0.9806237772321845,-0.19590050415168167,15.0
2022-05-21 19:00:00,0.0,9.59638,24.111,86.9576,2.0607533333333334,0.9757509897064569,-0.21888354457763556,15.0
2022-05-21 19:15:00,0.0,9.023366666666668,24.01786666666667,88.73326666666667,2.3626733333333334,0.9464987928393378,-0.3227073521841056,15.0
2022-05-21 19:30:00,0.0,9.0014,24.014799999999997,91.4602,1.97298,0.9938797348326436,-0.11046751870569933,15.0
2022-05-21 21:30:00,0.0,10.061006666666666,23.920933333333334,94.91726666666666,2.671133333333333,0.9813893121158623,-0.1920286907333236,120.0
2022-05-21 23:30:00,0.0,9.877293333333334,23.649133333333335,95.18033333333332,3.5974266666666663,0.9692704221177697,-0.2459976601670035,120.0
2022-05-22 01:30:00,0.0,9.62062,22.975466666666666,95.5522,3.5328999999999997,0.9824000108381565,-0.18678923605280345,120.0
2022-05-22 03:30:00,0.0,9.385473333333334,22.701,94.47046666666667,4.25906,0.9802500104074842,-0.1977622741984103,120.0
2022-05-22 05:30:00,0.0,9.488166666666666,22.576666666666664,93.9824,4.839506666666667,0.9467954021766681,-0.3218360862568417,120.0
2022-05-22 06:15:00,0.0,13.420133333333332,22.543266666666668,93.83713333333334,3.8236266666666667,0.9916429648867362,-0.1290125195112601,45.0
2022-05-22 06:30:00,0.0,16.5658,22.529733333333336,93.6956,4.0021466666666665,0.9825719425626016,-0.18588269873432442,15.0
2022-05-22 06:45:00,67.666664,20.78486666666667,22.515666666666668,93.56533333333333,3.7641466666666665,0.9870755482105352,-0.16025561495583032,15.0
2022-05-22 07:00:00,189.33333,27.62773333333333,22.570800000000002,93.21733333333333,4.164126666666666,0.9842291760026044,-0.17689807547069103,15.0
2022-05-22 07:15:00,384.33334,34.35993333333333,22.645266666666668,92.86773333333333,3.845673333333333,0.9732139268998927,-0.22990139731652423,15.0
2022-05-22 07:30:00,641.0,42.6796,22.656533333333336,92.59140000000001,3.9496933333333337,0.9825052638900932,-0.18623481529579353,15.0
2022-05-22 07:45:00,708.0,43.20773333333333,22.687,92.4528,4.13046,0.9802460983991856,-0.19778166389525098,15.0
2022-05-22 08:00:00,816.3333,50.36653333333334,22.678066666666666,92.71053333333333,3.8976800000000003,0.9731732513110704,-0.23007351636518353,15.0
2022-05-22 08:15:00,987.3333,69.68213333333333,22.788466666666668,91.82846666666666,3.5397000000000003,0.9850787031101234,-0.17210447024664247,15.0
2022-05-22 08:30:00,1327.6666,83.5588,22.8732,91.3804,4.058073333333334,0.9805567053237448,-0.19623594891008778,15.0
2022-05-22 08:45:00,1707.6666,68.30666666666666,22.8996,91.0244,3.87028,0.9876963481704076,-0.15638389882222795,15.0
2022-05-22 09:00:00,1520.6666,86.98953333333334,22.909,90.84406666666668,3.9123533333333333,0.9926060134203997,-0.12138081447107432,15.0
2022-05-22 09:15:00,1522.6666,69.2114,22.898333333333333,90.48493333333334,4.71544,0.9655280782608839,-0.2602989244884513,15.0
2022-05-22 09:30:00,883.0,35.78473333333333,22.724733333333333,91.11406666666667,3.5855333333333332,0.9851203268101116,-0.17186605745620281,15.0
2022-05-22 09:45:00,816.6667,47.206133333333334,22.682666666666666,91.53053333333334,4.33244,0.9700664416908205,-0.2428396563687859,15.0
2022-05-22 10:00:00,912.6667,59.2228,22.673133333333332,91.07553333333334,4.302193333333333,0.9660070890222726,-0.2585155777873263,15.0
2022-05-22 10:15:00,1436.6666,37.821000000000005,22.76193333333333,90.71706666666667,3.496106666666667,0.9901439589475545,-0.140053348976965,15.0
2022-05-22 10:30:00,1458.3334,69.75526666666666,22.833266666666667,90.26673333333333,3.8880333333333335,0.9854866158199236,-0.1697531444179882,15.0
2022-05-22 10:45:00,1310.0,61.88366666666666,22.83833333333333,90.49233333333333,3.61218,0.9965803246643905,-0.08262963446499053,15.0
2022-05-22 11:00:00,1475.6666,72.48819999999999,22.7914,90.25906666666667,3.6144133333333333,0.9920523086714067,-0.1258261374267365,15.0
2022-05-22 11:15:00,2011.6666,93.98373333333332,22.900199999999998,89.53933333333333,3.7038333333333333,0.9813202071085257,-0.1923815248938423,15.0
2022-05-22 11:30:00,2070.0,84.74746666666667,22.966266666666666,89.68166666666666,3.7007066666666666,0.980086300059494,-0.19857201322364504,15.0
2022-05-22 11:45:00,2492.0,89.78993333333332,22.979066666666665,89.36513333333333,3.3748066666666667,0.991925165588707,-0.1268245475916088,15.0
2022-05-22 12:00:00,2864.6667,120.35693333333333,23.040200000000002,89.50873333333334,3.8006933333333337,0.9732243584923405,-0.2298572340327196,15.0
2022-05-22 12:15:00,3439.3333,142.94933333333333,23.306933333333333,87.94260000000001,3.3456,0.9841448799793225,-0.17736644330448992,15.0
2022-05-22 12:30:00,4470.3335,145.34799999999998,23.588666666666665,86.8696,3.0754266666666665,0.9945091173851396,-0.10464996625814348,15.0
2022-05-22 12:45:00,3200.3333,126.718,23.639266666666668,86.08653333333334,3.9978466666666668,0.9778522080906518,-0.20929658175000534,15.0
2022-05-22 13:00:00,2535.6667,91.6994,23.48753333333333,87.1066,3.189426666666667,0.9821244507876881,-0.18823273669843443,15.0
2022-05-22 13:15:00,2193.3333,97.2926,23.33833333333333,87.51046666666666,3.6378066666666666,0.9819760903284914,-0.18900517988449517,15.0
2022-05-22 13:30:00,3334.0,147.68133333333333,23.43746666666667,87.12086666666667,3.469273333333333,0.9899262020636429,-0.14158430162928232,15.0
2022-05-22 13:45:00,3851.3333,140.41600000000003,23.672866666666668,85.90859999999999,3.19374,0.9865516296716371,-0.1634499372659316,15.0
2022-05-22 14:00:00,3525.6667,143.01066666666665,23.804066666666664,85.66713333333334,3.39,0.9814783571261876,-0.1915730526271371,15.0
2022-05-22 14:15:00,2919.0,121.15726666666666,23.776466666666668,85.869,3.7704533333333337,0.9644861523004765,-0.2641334170842874,15.0
2022-05-22 14:30:00,2288.3333,103.46973333333334,23.617666666666665,86.30346666666667,3.2670533333333336,0.9735661478362269,-0.22840524465810788,15.0
2022-05-22 14:45:00,2508.3333,126.68933333333332,23.63266666666667,85.88393333333333,3.31996,0.9843702669239912,-0.17611126481855224,15.0
2022-05-22 15:00:00,2370.6667,113.68946666666668,23.70553333333333,85.15679999999999,3.1165466666666664,0.9943949239263897,-0.10572953830141081,15.0
2022-05-22 15:15:00,1666.6666,89.34546666666667,23.549266666666664,85.7512,4.84858,0.9398791233985185,-0.34150729626119614,15.0
2022-05-22 15:30:00,2510.6667,141.48866666666666,23.5582,85.89646666666667,3.4663,0.9793749600952075,-0.20205120028970525,15.0
2022-05-22 15:45:00,2243.0,118.25186666666667,23.9554,83.68446666666667,3.165426666666667,0.9929823059532663,-0.11826301223854305,15.0
2022-05-22 16:00:00,2022.6666,89.70526666666666,23.833133333333333,84.38706666666667,3.4695733333333334,0.980861703291825,-0.19470572414662057,15.0
2022-05-22 16:15:00,1621.0,83.39413333333333,23.719133333333332,86.1642,3.602933333333333,0.9171750996740209,-0.398484424460919,15.0
2022-05-22 16:30:00,1636.3334,86.1944,23.5224,87.54273333333335,3.799793333333333,0.8479124187794079,-0.5301363315974996,15.0
2022-05-22 16:45:00,1397.3334,61.22453333333333,23.427733333333332,88.69579999999999,3.97608,0.9003896574697647,-0.4350844340142264,15.0
2022-05-22 17:00:00,1270.6666,67.09626666666666,23.357933333333335,90.29866666666666,3.450353333333333,0.9298860977247349,-0.36784758427678294,15.0
2022-05-22 17:15:00,1268.6666,56.001266666666666,23.3778,90.08993333333333,2.6860333333333335,0.9939720586676173,-0.10963369275938335,15.0
2022-05-22 17:30:00,966.0,52.68053333333333,23.355466666666665,90.02586666666666,2.638206666666667,0.9948757690984789,-0.10110491610554974,15.0
2022-05-22 17:45:00,814.3333,49.4772,23.333133333333333,90.62259999999999,2.3276466666666664,0.988046656367649,-0.15415513238523376,15.0
2022-05-22 18:00:00,657.0,43.80693333333333,23.284066666666668,90.42306666666667,2.6462399999999997,0.973335237205815,-0.2293872620994893,15.0
2022-05-22 18:15:00,112.333336,22.399333333333335,23.198066666666666,90.95953333333334,3.0527666666666664,0.9810880401076205,-0.19356202509218565,15.0
2022-05-22 18:30:00,3.6666667,14.3156,23.163866666666667,91.75813333333333,2.3430000000000004,0.9945076560990187,-0.10466385221477371,15.0
2022-05-22 18:45:00,0.0,11.979133333333333,23.10506666666667,92.01393333333334,2.369666666666667,0.9888794051017304,-0.14871960921696814,15.0
2022-05-22 19:00:00,0.0,10.355113333333332,22.989466666666665,92.0936,2.3026199999999997,0.99432272575505,-0.10640637690969329,15.0
2022-05-22 19:15:00,0.0,9.995233333333335,22.9662,92.0094,2.5499799999999997,0.9907288813452539,-0.1358539056059182,15.0
2022-05-22 21:15:00,0.0,10.406933333333335,22.952733333333335,91.91239999999999,3.01428,0.9978792695217622,-0.06509196155220975,120.0
2022-05-22 23:15:00,0.0,10.120406666666668,22.81586666666667,90.3218,3.362546666666667,0.999709564872814,-0.0240995000323402,120.0
2022-05-23 01:15:00,0.0,10.039226666666668,22.5782,90.27033333333334,3.5825,0.9999058259397383,0.013723674863891993,120.0
2022-05-23 03:15:00,0.0,11.362066666666667,21.868133333333333,97.6892,3.7087733333333333,0.9913814131646235,-0.13100722740259066,120.0
2022-05-23 05:15:00,0.0,11.2892,21.739266666666666,99.49013333333333,2.699453333333333,0.9843089378394464,-0.1764537188312583,120.0
2022-05-23 06:45:00,0.0,14.853866666666667,21.667066666666667,99.6476,2.867726666666667,0.9805292960582509,-0.19637285854086584,90.0
2022-05-23 07:00:00,0.0,15.1846,21.725866666666665,99.69433333333333,2.268426666666667,0.9992670199797766,-0.03828084090947596,15.0
2022-05-23 07:15:00,95.0,19.822400000000002,21.674599999999998,99.66013333333333,2.5902133333333333,0.9895303236644629,-0.14432511406024656,15.0
2022-05-23 07:30:00,224.33333,24.967533333333332,21.618533333333335,99.68773333333334,3.2872733333333333,0.9758824840387679,-0.21829653535116872,15.0
2022-05-23 07:45:00,46.333332,18.770733333333332,21.67506666666667,99.73413333333333,2.8034866666666667,0.994032373109505,-0.10908547662400277,15.0
2022-05-23 08:00:00,155.66667,23.144,21.68433333333333,99.73246666666667,2.5514533333333334,0.9997955782931901,0.020218843324619554,15.0
2022-05-23 08:15:00,314.66666,26.466600000000003,21.6872,99.72133333333333,2.6440133333333335,0.9998576400855436,-0.01687304248105621,15.0
2022-05-23 08:30:00,413.66666,26.826533333333334,21.656533333333336,99.7012,2.586186666666667,0.9972682634490936,-0.0738648137967542,15.0
2022-05-23 08:45:00,367.66666,28.326733333333333,21.665599999999998,99.67506666666667,3.7451333333333334,0.9668611255771246,-0.25530288648531907,15.0
2022-05-23 09:00:00,760.6667,39.94586666666667,21.727533333333334,99.6632,3.1306266666666667,0.9846339043864748,-0.1746312524511191,15.0
2022-05-23 09:15:00,694.3333,37.211733333333335,21.7878,99.63126666666668,3.069666666666667,0.9930239386352203,-0.11791292252079133,15.0
2022-05-23 09:30:00,627.3333,31.5014,21.831733333333332,99.62586666666667,3.3554000000000004,0.9869079383922658,-0.16128459671750353,15.0
2022-05-23 09:45:00,907.3333,46.59786666666666,21.83986666666667,99.56693333333332,3.4744933333333337,0.9622141916860516,-0.27229368211171967,15.0
2022-05-23 10:00:00,763.3333,41.7968,21.86593333333333,99.50666666666666,2.8312133333333334,0.9991415369979356,-0.041426912091089216,15.0
2022-05-23 10:15:00,1513.6666,57.59766666666667,21.9412,99.39773333333332,2.73552,0.9999436357298421,-0.010617220134513395,15.0
2022-05-23 10:30:00,1019.6667,49.89626666666666,21.978666666666665,99.14366666666666,3.1002199999999998,0.9948135853028292,-0.10171494726406081,15.0
2022-05-23 10:45:00,1024.0,49.50653333333333,21.9662,98.85006666666666,2.995213333333333,0.9905599322646076,-0.137080343565137,15.0
2022-05-23 11:00:00,1178.6666,53.035133333333334,22.05366666666667,98.57339999999999,3.5603333333333333,0.9927655869381236,-0.1200686861400713,15.0
2022-05-23 11:15:00,966.0,50.31306666666667,22.077133333333332,98.16493333333332,3.7996800000000004,0.9689924479946788,-0.24709033920669538,15.0
2022-05-23 11:30:00,1423.3334,64.1058,22.1006,97.857,3.8336933333333336,0.9715984266165577,-0.2366357906070623,15.0
2022-05-23 11:45:00,1428.0,65.76653333333333,22.1072,97.61733333333333,4.04878,0.968582003662848,-0.24869439515289216,15.0
2022-05-23 12:00:00,1620.0,74.22873333333334,22.2064,97.13386666666666,3.28926,0.9870617460768519,-0.16034060443853987,15.0
2022-05-23 12:15:00,1473.0,63.141466666666666,22.371266666666667,96.15106666666667,3.828546666666667,0.9866169734696812,-0.16305504488216935,15.0
2022-05-23 12:30:00,1302.6666,63.43686666666667,22.359199999999998,95.80126666666666,3.660886666666667,0.983679885366199,-0.17992743850214046,15.0
2022-05-23 12:45:00,1194.0,60.403666666666666,22.376199999999997,95.51593333333334,3.61736,0.9783149306783195,-0.20712290170783845,15.0
2022-05-23 13:00:00,1448.6666,69.2146,22.4128,95.11866666666667,4.003486666666666,0.9683843490157457,-0.24946292827061578,15.0
2022-05-23 13:15:00,1451.3334,66.61473333333333,22.526666666666664,94.66046666666666,3.6914333333333333,0.9845743117092282,-0.17496692465234592,15.0
2022-05-23 13:30:00,1640.0,80.16900000000001,22.636266666666664,94.62093333333334,3.79886,0.9837206842865744,-0.17970424398648377,15.0
2022-05-23 13:45:00,1785.3334,69.14606666666667,22.765933333333336,93.9698,3.2743200000000003,0.9972225226473193,-0.07447979809932988,15.0
2022-05-23 14:00:00,1348.0,57.651066666666665,22.8322,93.59566666666666,3.3452466666666667,0.9905343950634257,-0.13726475219929332,15.0
2022-05-23 14:15:00,1026.3334,51.05766666666667,22.844933333333334,93.63366666666667,3.88174,0.9242224657167503,-0.3818544668646033,15.0
2022-05-23 14:30:00,960.3333,47.77253333333333,22.780066666666666,93.73886666666667,3.69098,0.9459171362596194,-0.3244083404143622,15.0
2022-05-23 14:45:00,1003.3333,51.52006666666667,22.776466666666668,94.34893333333333,3.77982,0.9219352787902526,-0.38734395790039,15.0
2022-05-23 15:00:00,917.6667,47.97813333333333,22.768266666666666,94.19353333333333,4.382206666666667,0.959195294482814,-0.2827443846339438,15.0
2022-05-23 15:15:00,826.6667,48.88966666666667,22.81993333333333,94.1636,3.44598,0.9750489766854012,-0.2219898490128589,15.0
2022-05-23 15:30:00,887.6667,48.8306,22.871533333333332,93.91446666666667,2.9050333333333334,0.9880134504633575,-0.15436781304239106,15.0
2022-05-23 15:45:00,908.0,47.800399999999996,22.883533333333332,94.387,3.2781933333333333,0.9804018211009315,-0.1970082972414538,15.0
2022-05-23 16:00:00,642.3333,37.159533333333336,22.82633333333333,94.97053333333334,2.88418,0.9964570359574593,-0.08410336194751492,15.0
2022-05-23 16:15:00,515.3333,31.75773333333333,22.83353333333333,95.04826666666666,2.5092333333333334,0.9991468310782382,-0.041299030815681335,15.0
2022-05-23 16:30:00,238.66667,23.599533333333333,22.800666666666665,95.12666666666668,2.714993333333333,0.9994356932104735,-0.03359010474678728,15.0
2022-05-23 16:45:00,185.66667,23.026333333333334,22.7638,94.43673333333332,2.7398933333333333,0.9811395805778436,-0.19330060378470926,15.0
2022-05-23 17:00:00,193.66667,22.6442,22.8028,94.25846666666666,2.1367933333333338,0.9999443376913331,-0.010550901337855332,15.0
2022-05-23 17:15:00,17.333334,14.817133333333334,22.772333333333332,94.71946666666666,1.9974733333333332,0.9994067213178951,0.034441332503479465,15.0
2022-05-23 17:30:00,41.666668,17.24233333333333,22.6936,95.30186666666667,1.9141866666666667,0.9999948993379505,0.0031939471007235735,15.0
2022-05-23 17:45:00,134.0,20.997400000000003,22.701200000000004,95.5808,2.0754466666666667,0.992984094708089,-0.11824799218911503,15.0
2022-05-23 18:00:00,112.0,21.423866666666665,22.730866666666667,95.66113333333332,2.584033333333333,0.996542629247566,-0.08308301927799897,15.0
2022-05-23 18:15:00,9.333333,15.808533333333333,22.713733333333334,95.56366666666666,2.43472,0.997423199558356,-0.07174232351110396,15.0
2022-05-23 18:30:00,0.0,12.376333333333333,22.7162,95.91013333333333,2.58852,0.9901929490215421,-0.1397065628666805,15.0
2022-05-23 18:45:00,0.0,11.112533333333333,22.694266666666667,96.2864,2.4572266666666667,0.9930757033981279,-0.11747615639062063,15.0
2022-05-23 19:00:00,0.0,12.4574,22.642266666666668,96.9874,2.47242,0.9989931933150703,-0.04486200742452934,15.0
2022-05-23 21:00:00,0.0,11.7588,22.591600000000003,99.16993333333333,2.181538666666667,0.9996106671459306,-0.027901866031998134,120.0
2022-05-23 23:00:00,0.0,11.310466666666667,22.675,99.3242,2.413726666666667,0.9982068279167022,-0.059859240727520344,120.0
2022-05-24 01:00:00,0.0,12.472266666666666,22.689266666666665,99.27426666666666,2.91906,0.9801733112454615,-0.19814207004598408,120.0
2022-05-24 03:00:00,0.0,10.906133333333333,22.440733333333334,99.63066666666667,1.6706980000000002,0.9812038520741139,0.19297409327399498,120.0
2022-05-24 05:00:00,0.0,11.987266666666667,22.497666666666664,99.78320000000001,2.68122,0.982154662711932,-0.1880750342634854,120.0
2022-05-24 06:30:00,0.0,15.5804,22.46193333333333,99.85466666666666,2.4075933333333333,0.9937891718659834,-0.11127929673538994,90.0
2022-05-24 06:45:00,0.0,16.4696,22.469466666666666,99.845,2.112846666666667,0.9999383794524865,-0.011101229568616724,15.0
2022-05-24 07:00:00,68.333336,21.569666666666667,22.531333333333336,99.85753333333334,2.4128333333333334,0.9939344965195042,-0.10997370880587676,15.0
2022-05-24 07:15:00,151.33333,24.936333333333334,22.534933333333335,99.84566666666666,2.548286666666667,0.996630423418597,-0.0820231620730878,15.0
2022-05-24 07:30:00,105.0,21.386333333333333,22.568666666666665,99.8442,2.8414066666666664,0.9944550430367656,-0.10516257594194198,15.0
2022-05-24 07:45:00,138.0,21.092133333333333,22.4784,99.8568,2.9744733333333335,0.9951072073403742,-0.09880104199471604,15.0
2022-05-24 08:00:00,322.66666,30.080733333333335,22.479866666666666,99.8472,3.46582,0.9561300681792548,-0.2929424734031129,15.0
2022-05-24 08:15:00,381.33334,33.32933333333333,22.5946,99.85539999999999,2.873746666666667,0.9904232300635692,-0.13806456949719653,15.0
2022-05-24 08:30:00,450.33334,31.117666666666665,22.628133333333334,99.83893333333334,2.5509733333333333,0.9995528598252873,-0.029901177486674493,15.0
2022-05-24 08:45:00,547.3333,40.437333333333335,22.671333333333333,99.76966666666667,2.3842133333333333,0.9996551284726765,-0.026260695312135294,15.0
2022-05-24 09:00:00,634.0,41.04026666666667,22.701133333333335,99.69666666666667,2.715926666666667,0.9882925548296032,-0.1525707248077942,15.0
2022-05-24 09:15:00,612.3333,34.123666666666665,22.7332,99.63106666666667,2.6067066666666667,0.9963944262649006,-0.08484189594911033,15.0
2022-05-24 09:30:00,523.3333,32.66766666666667,22.740666666666666,99.52826666666667,3.06972,0.9880278153914456,-0.15427584390567284,15.0
2022-05-24 09:45:00,498.33334,36.80546666666667,22.732466666666667,99.45233333333334,2.5393266666666667,0.9881495716197707,-0.15349405235273353,15.0
2022-05-24 10:00:00,784.3333,43.919999999999995,22.827733333333335,99.46493333333333,2.4062666666666668,0.9940168780349962,-0.10922658184507848,15.0
2022-05-24 10:15:00,953.0,48.46853333333333,22.846466666666668,99.3822,1.7109133333333333,0.9959078817337366,-0.09037417275207493,15.0
2022-05-24 10:30:00,915.3333,48.99213333333333,22.8718,99.3548,2.0365473333333335,0.9803302368755171,-0.19736419803903774,15.0
2022-05-24 10:45:00,943.3333,51.888466666666666,22.938133333333333,99.36439999999999,1.5113893333333335,0.9967701008197395,0.0803079455085638,15.0
2022-05-24 11:00:00,1418.3334,60.068333333333335,22.950333333333333,99.28273333333333,2.330067333333333,0.9771950478919489,-0.21234367985756414,15.0
2022-05-24 11:15:00,1297.0,48.11,23.02306666666667,99.36206666666666,1.8703513333333333,0.9972890227519879,-0.07358400028800362,15.0
2022-05-24 11:30:00,1051.6666,48.92633333333333,22.971466666666668,99.40873333333334,2.2433666666666667,0.9900054514503012,-0.1410290966385497,15.0
2022-05-24 11:45:00,1505.0,64.00153333333334,22.838933333333333,99.4858,2.9844733333333333,0.9807741559122004,-0.1951462402781842,15.0
2022-05-24 12:00:00,2183.0,78.24499999999999,22.779999999999998,99.56253333333333,1.88438,0.9836641799895609,-0.1800132800808448,15.0
2022-05-24 12:15:00,2900.0,108.21633333333332,22.723466666666663,99.6214,2.105986666666667,0.9584308723238701,-0.2853248376438778,15.0
2022-05-24 12:30:00,3388.3333,105.45139999999999,22.959600000000002,99.7236,1.7766466666666667,0.9815295902140947,-0.1913103853274862,15.0
2022-05-24 12:45:00,3637.0,85.10686666666668,22.997799999999998,99.63553333333334,1.8788666666666667,0.9903786798401057,-0.13838377982324843,15.0
2022-05-24 13:00:00,1753.6666,77.61186666666666,22.859066666666667,99.63560000000001,2.32416,0.9998829996722501,0.015296632519052486,15.0
2022-05-24 13:15:00,2243.3333,101.23466666666667,22.997,99.72126666666666,2.1763333333333335,0.9936442280508825,0.11256619413112368,15.0
2022-05-24 13:30:00,2497.3333,97.69886666666666,22.9136,99.658,1.5767953333333333,0.9981768239709317,-0.06035750232824202,15.0
2022-05-24 13:45:00,2028.3334,98.30926666666667,23.140733333333333,99.7392,1.6525066666666668,0.8722980848047127,0.4889744893611836,15.0
2022-05-24 14:00:00,1758.3334,80.91333333333334,23.149733333333334,99.63106666666665,1.6428246666666666,0.7493711389325561,0.6621502066260522,15.0
2022-05-24 14:15:00,1061.3334,53.733399999999996,23.05953333333333,99.49473333333334,1.366834,0.973627769047854,-0.22814242774832305,15.0
2022-05-24 14:30:00,927.3333,48.8678,22.823866666666667,99.54066666666668,2.543493333333333,0.9801530178157841,-0.19824243154938168,15.0
2022-05-24 14:45:00,702.6667,45.07593333333333,22.69173333333333,99.62100000000001,2.6343666666666667,0.9826318022892644,-0.18556600208484317,15.0
2022-05-24 15:00:00,823.0,41.114066666666666,22.708266666666667,99.69306666666667,1.3133386666666667,0.993709678551421,-0.11198694010120763,15.0
2022-05-24 15:15:00,868.6667,35.564600000000006,22.686866666666667,99.68833333333333,0.9452526666666666,0.994811099640833,0.10173925511520403,15.0
2022-05-24 15:30:00,702.3333,33.528333333333336,22.740599999999997,99.70926666666666,1.0178266666666667,0.9844306587885339,0.17577337124027967,15.0
2022-05-24 15:45:00,773.0,43.913266666666665,22.853066666666667,99.73679999999999,1.6168973333333334,0.9999964190551357,-0.002676168325316391,15.0
2022-05-24 16:00:00,1172.6666,49.632466666666666,22.8874,99.731,2.7184533333333336,0.9994592826214357,0.03288072964283395,15.0
2022-05-24 16:15:00,750.3333,38.652,22.89206666666667,99.71526666666666,1.68693,0.9640824255628117,0.2656032317591897,15.0
2022-05-24 16:30:00,634.0,34.983533333333334,22.9128,99.71393333333334,1.7232999999999998,0.9297267908647651,0.36825004324277477,15.0
2022-05-24 16:45:00,604.6667,39.047866666666664,22.92393333333333,99.68939999999999,1.9437066666666667,0.8707879454699666,0.49165877804041536,15.0
2022-05-24 17:00:00,453.33334,35.211933333333334,22.97233333333333,99.68926666666667,2.5290466666666664,0.493584693668296,0.869697734949548,15.0
2022-05-24 17:15:00,245.66667,24.408,22.984199999999998,99.66753333333332,1.8925733333333334,0.9587975906750421,0.2840900915479709,15.0
2022-05-24 17:30:00,102.333336,21.012800000000002,22.971533333333333,99.68773333333334,1.6475926666666667,0.9909786780505047,-0.13401962412003054,15.0
2022-05-24 17:45:00,134.33333,23.533333333333335,22.958933333333334,99.69893333333333,1.3322493333333334,0.9886505211372505,0.1502336415555548,15.0
2022-05-24 18:00:00,94.333336,20.328933333333335,22.953733333333332,99.70106666666668,1.2921706666666668,0.9943425180346092,-0.10622126354263012,15.0
2022-05-24 18:15:00,21.333334,16.536533333333335,22.9612,99.69973333333334,1.1359873333333332,0.9678808169861333,-0.25140947498106575,15.0
2022-05-24 18:30:00,1.6666666,14.434733333333332,22.9976,99.71386666666668,1.5514866666666667,0.954767719471829,-0.2973526557045736,15.0
2022-05-24 18:45:00,0.0,12.1784,23.071466666666666,99.7286,1.89646,0.9440652339621205,-0.3297587512470997,15.0
2022-05-24 19:00:00,0.0,11.671066666666666,23.1354,99.7362,2.42876,0.9655898368568895,-0.2600697347995065,15.0
2022-05-24 19:15:00,0.0,12.589733333333333,23.184733333333334,99.76,1.8074933333333334,0.9867522840822722,-0.16223418215166222,15.0
2022-05-24 21:15:00,0.0,10.649866666666666,23.154866666666667,99.8488,1.6717266666666668,0.9702298219076473,-0.24218607036957163,120.0
2022-05-24 23:15:00,0.0,12.119866666666667,23.038666666666664,99.83840000000001,2.5359,0.9829302118755276,-0.18397879927407493,120.0
2022-05-25 01:15:00,0.0,11.465133333333334,22.610266666666668,99.8316,1.8799133333333333,0.9069612040924658,-0.421214166750294,120.0
2022-05-25 03:15:00,0.0,11.362333333333334,22.512600000000003,99.84573333333333,2.3034466666666664,0.9992592940068077,0.03848198722800386,120.0
2022-05-25 05:15:00,0.0,11.274,22.619866666666667,99.8382,2.3947866666666666,0.9991109501000299,-0.0421581473764626,120.0
2022-05-25 06:30:00,0.0,16.265066666666666,22.634666666666664,99.8412,2.69328,0.9591551482789944,-0.2828805428620007,75.0
2022-05-25 06:45:00,0.0,16.705666666666666,22.625133333333334,99.8308,2.424446666666667,0.9759312276000189,-0.21807851566607844,15.0
2022-05-25 07:00:00,68.333336,19.9468,22.6796,99.84793333333333,1.8541400000000001,0.9996335968944461,0.027067913844106246,15.0
2022-05-25 07:15:00,186.66667,23.3864,22.675866666666668,99.83086666666667,1.7988533333333334,0.9979450975862227,-0.0640748172344201,15.0
2022-05-25 07:30:00,430.33334,32.28713333333334,22.739066666666666,99.84353333333334,1.8958646666666668,0.9854504479138958,-0.1699629803995626,15.0
2022-05-25 07:45:00,578.6667,35.4402,22.764533333333336,99.84046666666667,1.7028733333333332,0.9969147770475625,-0.0784915747339087,15.0
2022-05-25 08:00:00,1072.3334,50.95486666666667,22.915733333333332,99.83666666666666,1.4680293333333334,0.9998278360519324,-0.018555275684027293,15.0
2022-05-25 08:15:00,1329.0,56.97473333333333,23.043,99.84353333333334,1.7155406666666666,0.9978276853465717,0.0658779959918563,15.0
2022-05-25 08:30:00,1665.6666,50.75033333333333,23.040133333333333,99.8188,1.5060226666666667,0.989116929704049,-0.14713157163856952,15.0
2022-05-25 08:45:00,879.0,52.23473333333333,22.9768,99.84786666666668,2.066193333333333,0.9849208925907119,-0.17300530436467915,15.0
2022-05-25 09:00:00,1464.3334,76.01853333333334,22.984199999999998,99.8382,2.056353333333333,0.971935823784682,-0.2352461571290624,15.0
2022-05-25 09:15:00,2116.0,98.15753333333333,23.096733333333336,99.833,2.3794466666666665,0.9538043821685139,-0.3004283617705548,15.0
2022-05-25 09:30:00,2153.3333,104.88946666666668,23.216866666666665,99.848,2.2226799999999995,0.926055122086207,-0.3773882759942341,15.0
2022-05-25 09:45:00,2601.3333,80.65673333333334,23.275733333333335,99.83553333333333,1.6974666666666667,0.9393818261872764,-0.3428728403199322,15.0
2022-05-25 10:00:00,3747.3333,135.55800000000002,23.352800000000002,99.84726666666667,1.6088,0.949665962058508,-0.3132643620131224,15.0
2022-05-25 10:15:00,3650.6667,117.5872,23.46806666666667,99.8364,1.9978866666666666,0.8707622010829018,-0.4917043717166445,15.0
2022-05-25 10:30:00,2525.6667,96.6832,23.487399999999997,99.8408,2.50096,0.7310441452903298,-0.6823301676144264,15.0
2022-05-25 10:45:00,3537.6667,129.86666666666667,23.50766666666667,99.8512,2.7036000000000002,0.8287055948579556,-0.5596847657843851,15.0
2022-05-25 11:00:00,4682.3335,158.20533333333333,23.6872,99.84533333333334,2.51928,0.7708172424473396,-0.6370563387533942,15.0
2022-05-25 11:15:00,5570.0,164.52,23.8436,99.86006666666667,2.0761,0.753739290205889,-0.6571735557673655,15.0
2022-05-25 11:30:00,6307.6665,112.57726666666667,23.92686666666667,99.85713333333334,2.00518,0.7612969357950816,-0.6484034049486627,15.0
2022-05-25 11:45:00,4410.3335,125.796,23.857733333333332,99.78573333333334,1.9793999999999998,0.6866985247177536,-0.7269423196859987,15.0
2022-05-25 12:00:00,3683.0,148.86533333333333,23.964266666666667,99.7724,1.9342333333333335,0.565619669457654,-0.8246662291634199,15.0
2022-05-25 12:15:00,4541.0,162.386,24.008333333333333,99.57353333333334,1.70522,0.551141112635893,-0.8344120528626549,15.0
2022-05-25 12:30:00,8339.333,271.1653333333333,24.190800000000003,99.227,1.7613933333333334,0.8310103595479057,-0.5562569391244125,15.0
2022-05-25 12:45:00,9498.667,319.612,24.528266666666664,98.31060000000001,2.0500333333333334,0.7984674204515849,-0.6020380207905409,15.0
2022-05-25 13:00:00,8131.6665,339.4486666666666,24.873266666666666,96.76086666666667,2.1260466666666664,0.7460341309521792,-0.6659077079103581,15.0
2022-05-25 13:15:00,7078.6665,229.73986666666667,25.1254,94.60286666666667,2.22376,0.7758849402253035,-0.6308744403853885,15.0
2022-05-25 13:30:00,11181.0,391.062,25.216533333333334,93.44473333333333,1.8898333333333333,0.8104780719449949,-0.5857689774103129,15.0
2022-05-25 13:45:00,11712.0,451.33733333333333,25.614266666666666,91.4726,2.1140133333333333,0.8166012608362931,-0.5772022009665039,15.0
2022-05-25 14:00:00,8071.0,275.45799999999997,25.466866666666665,90.38966666666667,2.22992,0.8091537563071712,-0.587596969575231,15.0
2022-05-25 14:15:00,7418.3335,208.20266666666666,25.144066666666667,91.90153333333333,2.39886,0.7196468732664764,-0.6943402464194223,15.0
2022-05-25 14:30:00,4957.6665,160.35733333333334,25.076133333333335,92.20246666666667,2.9297400000000002,0.6817685648693899,-0.7315679216285611,15.0
2022-05-25 14:45:00,3469.0,173.37933333333334,24.712666666666667,92.58773333333333,2.6771866666666666,0.7037998443095115,-0.7103983242870913,15.0
2022-05-25 15:00:00,5272.0,189.13866666666667,24.77873333333333,93.38566666666667,2.7713533333333333,0.705269656815616,-0.7089391449025672,15.0
2022-05-25 15:15:00,3830.3333,150.32633333333334,24.860799999999998,93.119,2.28472,0.6928314997764949,-0.721099516653182,15.0
2022-05-25 15:30:00,2984.0,97.53093333333332,24.5606,93.732,1.6461133333333333,0.7523612570008709,-0.658750741148782,15.0
2022-05-25 15:45:00,2269.3333,75.09213333333334,24.342133333333333,95.50746666666667,2.2693933333333334,0.7529205241740855,-0.6581114527778865,15.0
2022-05-25 16:00:00,2637.6667,102.861,24.3368,96.16393333333333,2.180873333333333,0.7433083027419269,-0.6689490018491066,15.0
2022-05-25 16:15:00,3667.0,119.67493333333333,24.2666,96.1936,2.142373333333333,0.7971064114546962,-0.6038388599765807,15.0
2022-05-25 16:30:00,1747.0,74.14086666666667,24.229066666666665,96.39193333333333,2.2042599999999997,0.7577320540631723,-0.6525658083635747,15.0
2022-05-25 16:45:00,2088.3333,101.27459999999999,24.165200000000002,96.75673333333333,2.3809933333333335,0.6542921659864069,-0.7562418670827582,15.0
2022-05-25 17:00:00,1374.0,65.45453333333333,24.215933333333332,96.64586666666668,2.430013333333333,0.6843689648573223,-0.7291358720705744,15.0
2022-05-25 17:15:00,500.0,32.279466666666664,24.0766,96.84186666666666,1.9132373333333335,0.6150194466828206,-0.7885119404308074,15.0
2022-05-25 17:30:00,285.66666,22.566,23.881466666666665,97.359,1.4567926666666666,0.7700754721183936,-0.6379527938975056,15.0
2022-05-25 17:45:00,263.66666,23.308933333333336,23.764599999999998,97.99093333333333,1.7366466666666667,0.8359861857835997,-0.5487504871788167,15.0
2022-05-25 18:00:00,163.66667,16.541,23.754933333333334,98.51093333333333,2.1416866666666667,0.818196548140581,-0.5749386129064893,15.0
2022-05-25 18:15:00,125.333336,19.663466666666668,23.7308,98.80293333333334,1.3040619999999998,0.942054720546675,-0.33545924267446553,15.0
2022-05-25 18:30:00,0.6666667,16.577333333333332,23.753266666666665,98.8938,1.018384,0.9823778353266067,-0.18690582831739216,15.0
2022-05-25 18:45:00,0.0,13.756,23.741333333333333,99.0848,1.1352166666666668,0.9926518431694966,-0.1210054472005331,15.0
2022-05-25 19:00:00,0.0,11.478,23.743666666666666,99.19593333333334,1.2678366666666667,0.9825905380965969,-0.18578437620811974,15.0
2022-05-25 21:00:00,0.0,11.625666666666666,23.932866666666666,99.77606666666667,1.6533533333333332,0.7586121455610969,-0.6515424871849794,120.0
2022-05-25 23:00:00,0.0,12.787,24.032,99.8578,1.0973586666666668,0.6829593648874926,-0.730456368246915,120.0
2022-05-26 01:00:00,0.0,13.051533333333333,23.9822,99.8534,0.8392646666666667,0.9719661987461996,-0.23512062541355916,120.0
2022-05-26 03:00:00,0.0,13.044066666666668,23.927733333333332,99.8586,1.2550213333333333,0.92535535088385,-0.37910087653634733,120.0
2022-05-26 05:00:00,0.0,11.280066666666666,23.9642,99.86840000000001,0.7488100000000001,0.944218838306311,-0.3293186684466589,120.0
2022-05-26 06:15:00,0.0,16.9104,23.7824,99.86226666666667,1.658852,0.9774407221808122,-0.21120993021790505,75.0
2022-05-26 06:30:00,0.0,17.542399999999997,23.792066666666663,99.8496,1.4541133333333331,0.8476717632497784,-0.5305210474514763,15.0
2022-05-26 06:45:00,431.33334,30.359333333333332,23.830866666666665,99.8512,1.51,0.8027897247558712,-0.5962622391417997,15.0
2022-05-26 07:00:00,845.6667,48.019733333333335,23.9822,99.86,2.05494,0.6749551400225532,-0.7378587662670517,15.0
2022-05-26 07:15:00,1088.3334,48.72533333333333,23.999266666666664,99.84893333333333,2.276686666666667,0.6946667403106113,-0.7193317175727967,15.0
2022-05-26 07:30:00,1658.3334,67.1142,24.027466666666665,99.85633333333334,1.7725533333333334,0.7840113594410424,-0.620746476645183,15.0
2022-05-26 07:45:00,1331.3334,69.6392,24.03353333333333,99.84446666666666,1.5104466666666667,0.8078390339870765,-0.5894031686094223,15.0
2022-05-26 08:00:00,1859.6666,84.14313333333332,24.146733333333334,99.8348,1.295266,0.7087421688208463,-0.7054676024702502,15.0
2022-05-26 08:15:00,2546.0,107.5186,24.3242,99.85560000000001,1.2500959999999999,0.6364642058152766,-0.7713062392564507,15.0
2022-05-26 08:30:00,3528.6667,139.1278,24.317466666666668,99.84459999999999,1.3222386666666668,0.8220645466005506,-0.5693943108448056,15.0
2022-05-26 08:45:00,4953.0,145.76733333333334,24.364333333333335,99.86233333333332,1.4438373333333334,0.8954632894223281,-0.44513536963146816,15.0
2022-05-26 09:00:00,4271.6665,158.942,24.417333333333332,99.85713333333334,1.6067066666666667,0.9220096265005581,-0.3871669518958215,15.0
2022-05-26 09:15:00,3145.0,103.82246666666667,24.3742,99.85940000000001,1.2891546666666664,0.9133096210212373,-0.40726592804952894,15.0
2022-05-26 09:30:00,3197.3333,108.20806666666667,24.444933333333335,99.87053333333333,1.8230866666666665,0.8412089236004885,-0.540710224477869,15.0
2022-05-26 09:45:00,4089.3333,167.49266666666665,24.55206666666667,99.85873333333333,1.8688266666666666,0.8885211538280318,-0.4588356559816414,15.0
2022-05-26 10:00:00,5155.0,161.59333333333333,24.637800000000002,99.866,1.4258066666666667,0.9481806783839075,-0.31773164957151023,15.0
2022-05-26 10:15:00,3526.3333,146.14526666666669,24.6602,99.86313333333332,1.8700133333333333,0.8883075057901598,-0.45924914279382734,15.0
2022-05-26 10:30:00,4941.6665,249.36999999999998,24.919266666666665,99.8654,2.01546,0.635251856099975,-0.7723050429212129,15.0
2022-05-26 10:45:00,5861.0,242.23933333333335,25.200933333333335,99.89233333333333,2.3970866666666666,0.6785956575394886,-0.7345120377288238,15.0
2022-05-26 11:00:00,5165.6665,240.89733333333334,25.142133333333334,99.86406666666667,2.34002,0.8094681424457001,-0.5871637985822251,15.0
2022-05-26 11:15:00,6316.3335,181.686,24.920666666666666,99.75653333333334,2.522073333333333,0.903540813598656,-0.4285020398568469,15.0
2022-05-26 11:30:00,5390.3335,185.9406666666667,24.8252,99.79546666666667,2.24736,0.9220479135735004,-0.38707576141468075,15.0
2022-05-26 11:45:00,5219.6665,209.87199999999999,24.922733333333333,99.84819999999999,2.4139,0.8027550342663867,-0.5963089425457011,15.0
2022-05-26 12:00:00,4297.6665,198.62600000000003,25.1934,99.53653333333334,3.045646666666667,0.7169511658588015,-0.6971233935062754,15.0
2022-05-26 12:15:00,1876.6666,102.12546666666667,25.069466666666663,98.81126666666667,2.6672533333333335,0.6955784900754065,-0.7184501124952363,15.0
2022-05-26 12:30:00,8027.6665,217.924,25.084600000000002,99.03673333333333,2.608713333333333,0.7292712287117878,-0.6842247254909744,15.0
2022-05-26 12:45:00,8867.0,318.31333333333333,25.45586666666667,98.59973333333333,3.0934266666666668,0.7499802448365,-0.6614602273417378,15.0
2022-05-26 13:00:00,6421.0,182.8654,25.917199999999998,96.45006666666667,3.0187133333333334,0.7536475241204782,-0.6572787912195807,15.0
2022-05-26 13:15:00,4975.0,236.5413333333333,25.7512,95.8302,2.8881933333333336,0.7385887058757227,-0.6741563049863327,15.0
2022-05-26 13:30:00,3534.6667,128.2338,25.693066666666667,95.61606666666667,3.1210333333333335,0.6665498180832252,-0.7454604885661072,15.0
2022-05-26 13:45:00,2757.3333,113.23933333333333,25.257933333333334,96.10186666666667,3.28316,0.6899480914873319,-0.7238588474647444,15.0
2022-05-26 14:00:00,1760.6666,85.60706666666667,24.920333333333335,97.1172,3.408313333333333,0.6806867741269964,-0.7325745801818292,15.0
2022-05-26 14:15:00,1471.6666,71.15973333333334,24.721600000000002,97.80206666666666,2.820826666666667,0.7541596967180656,-0.6566910627122279,15.0
2022-05-26 14:30:00,1203.3334,50.16973333333333,24.6242,98.16973333333334,3.3034266666666667,0.6937035911788377,-0.7202605969963816,15.0
2022-05-26 14:45:00,1153.3334,64.0356,24.644066666666667,98.40993333333333,2.6528733333333334,0.7584605041998719,-0.6517190066039782,15.0
2022-05-26 15:00:00,651.0,45.931466666666665,24.605933333333333,98.56306666666666,2.593026666666667,0.7236822097179957,-0.6901333634433847,15.0
2022-05-26 15:15:00,253.33333,30.207533333333334,24.4922,98.81906666666667,2.676646666666667,0.7605419690026357,-0.6492887750343401,15.0
2022-05-26 15:30:00,1286.3334,59.65226666666667,24.5678,99.31186666666667,2.033926666666667,0.7941389203381969,-0.6077362710946936,15.0
2022-05-26 15:45:00,1224.3334,47.638133333333336,24.622133333333334,99.3268,1.9735733333333334,0.793940880882786,-0.6079949651625955,15.0
2022-05-26 16:00:00,1404.6666,54.7216,24.608866666666664,99.3916,1.79208,0.765842467636281,-0.6430282379217664,15.0
2022-05-26 16:15:00,2217.0,98.91206666666668,24.710733333333334,99.54673333333334,1.92754,0.7491176070506204,-0.662437024030777,15.0
2022-05-26 16:30:00,1549.3334,74.12693333333333,24.709933333333332,99.42973333333333,1.9998066666666667,0.8001036359678468,-0.5998617938417408,15.0
2022-05-26 16:45:00,1413.0,30.112199999999998,24.663133333333334,99.45126666666667,1.8929733333333334,0.7844806115271789,-0.6201533440512463,15.0
2022-05-26 17:00:00,933.6667,41.22313333333333,24.640066666666666,99.50713333333333,2.07374,0.7142691255919907,-0.6998711425870143,15.0
2022-05-26 17:15:00,398.66666,32.99346666666666,24.554266666666667,99.51753333333333,1.7707733333333333,0.767925899088891,-0.6405386900949219,15.0
2022-05-26 17:30:00,777.0,31.707066666666666,24.578866666666666,99.63746666666665,1.8031133333333333,0.7582481372919668,-0.6519660744956464,15.0
2022-05-26 17:45:00,528.3333,23.572866666666666,24.51246666666667,99.6718,1.8819333333333332,0.7828471276158164,-0.6222140907948531,15.0
2022-05-26 18:00:00,683.0,40.436400000000006,24.579600000000003,99.81179999999999,1.96272,0.7998592798153807,-0.6001875810887962,15.0
2022-05-26 18:15:00,689.0,38.84926666666667,24.634866666666667,99.82966666666667,2.2154266666666667,0.6818111246120442,-0.7315282567032252,15.0
2022-05-26 18:30:00,303.0,24.667266666666666,24.5878,99.84306666666666,1.6230906666666667,0.6591620862975384,-0.7520008936084296,15.0
2022-05-26 18:45:00,8.333333,15.519466666666666,24.573666666666668,99.85040000000001,1.7372333333333332,0.7188142180407444,-0.6952022151449699,15.0
2022-05-26 19:00:00,0.0,11.499866666666666,24.576733333333333,99.8438,1.5399266666666667,0.8114515992022691,-0.5844196284794686,15.0
2022-05-26 19:15:00,0.0,11.367600000000001,24.579200000000004,99.85786666666667,1.5196800000000001,0.752315265689917,-0.6588032642678006,15.0
2022-05-26 19:30:00,0.0,11.433733333333333,24.561066666666665,99.84366666666666,1.4111933333333333,0.7658200212498376,-0.6430549704752294,15.0
2022-05-26 21:30:00,0.0,10.522673333333334,24.6058,99.8448,0.693676,-0.675538734301219,-0.737324500107454,120.0
2022-05-26 23:30:00,0.0,11.147533333333334,24.522266666666667,99.6666,0.6519506666666667,-0.4398869239848582,-0.8980531688642602,120.0
2022-05-27 01:30:00,0.0,11.228866666666667,24.3524,99.36706666666667,0.5974106666666666,-0.9194930444577278,-0.3931062721375212,120.0
2022-05-27 03:30:00,0.0,13.279266666666667,24.5594,99.843,0.6664046666666666,-0.4644608278215126,-0.885593664961169,120.0
2022-05-27 05:30:00,0.0,12.9552,24.553600000000003,99.83713333333334,0.41546133333333335,0.4626132799636217,-0.8865601802479625,120.0
2022-05-27 05:45:00,0.0,16.2102,24.555733333333333,99.8534,0.6662566666666667,0.3534571021672585,-0.935450734634125,15.0
2022-05-27 06:00:00,89.666664,21.560266666666667,24.640866666666668,99.8394,0.7544766666666667,0.2881182742372563,-0.9575948308395076,15.0
2022-05-27 06:15:00,286.33334,26.241333333333333,24.704133333333335,99.85933333333332,0.7023226666666667,0.6939289956741244,-0.7200434354694869,15.0
2022-05-27 06:30:00,90.333336,21.3248,24.7108,99.83999999999999,0.6735593333333334,-0.22492951339892867,-0.974375037653429,15.0
2022-05-27 06:45:00,146.0,22.897133333333333,24.678800000000003,99.84819999999999,0.9225633333333333,-0.9999961540051662,0.0027734409811507026,15.0
2022-05-27 07:00:00,391.33334,28.988933333333332,24.7914,99.85493333333334,1.2863113333333334,-0.06496191945155415,-0.9978877436972406,15.0
2022-05-27 07:15:00,1089.3334,43.715199999999996,24.8562,99.8422,0.8425446666666667,0.7870505987210945,-0.6168884461981491,15.0
2022-05-27 07:30:00,1126.0,69.61033333333333,24.993933333333334,99.84973333333333,0.8234673333333333,0.9919242801621633,-0.12683147253254734,15.0
2022-05-27 07:45:00,1312.3334,65.73,25.0356,99.84606666666667,0.7136466666666667,0.7557254680384157,-0.6548885530822153,15.0
2022-05-27 08:00:00,3678.6667,46.82233333333333,25.253800000000002,99.8512,0.9941,0.7910140791764384,-0.6117979458486693,15.0
2022-05-27 08:15:00,1455.6666,71.80573333333334,25.194333333333336,99.85406666666667,1.5876346666666665,0.06766702901737066,-0.9977079598679978,15.0
2022-05-27 08:30:00,2023.6666,90.80066666666667,25.3872,99.83560000000001,2.02276,0.436142260777809,-0.8998777296742162,15.0
2022-05-27 08:45:00,2279.0,67.26446666666666,25.487933333333334,99.85486666666667,1.6906046666666665,0.001419533981543283,-0.9999989924611301,15.0
2022-05-27 09:00:00,3322.3333,151.54046666666667,25.531799999999997,99.843,1.6560286666666666,-0.1204371659935941,-0.9927209522556837,15.0
2022-05-27 09:15:00,3846.0,136.6794,25.7316,99.86533333333334,2.211868,-0.5055720447566228,-0.862784392279211,15.0
2022-05-27 09:30:00,2584.3333,146.0634,25.801733333333335,99.52420000000001,3.28344,-0.17398047177215936,-0.9847491027880843,15.0
2022-05-27 09:45:00,3285.6667,148.54260000000002,25.996933333333335,98.37073333333333,2.91508,-0.18191517649660005,-0.9833142267658954,15.0
2022-05-27 10:00:00,4928.3335,276.34666666666664,26.384933333333333,96.84026666666666,2.3233233333333336,-0.3387488678672191,-0.9408768274958617,15.0
2022-05-27 10:15:00,2994.6667,181.73866666666666,26.659133333333333,94.09933333333333,2.337346666666667,-0.2915815801560997,-0.9565459644542295,15.0
2022-05-27 10:30:00,3065.0,151.60866666666666,26.634533333333334,93.15613333333334,2.196061333333333,-0.39603702989202505,-0.9182345402751431,15.0
2022-05-27 10:45:00,2749.0,76.0424,26.499399999999998,92.8468,2.244406666666667,-0.23364901141428612,-0.9723210063889018,15.0
2022-05-27 11:00:00,1473.0,78.06433333333332,26.428066666666666,93.1178,1.376214,-0.44722840722805735,-0.8944197849825634,15.0
2022-05-27 11:15:00,2736.3333,121.03586666666666,26.583866666666665,92.56533333333333,2.1750453333333337,-0.01538039846757486,-0.9998817146757804,15.0
2022-05-27 11:30:00,1467.6666,61.596999999999994,26.5814,92.1656,1.460142,-0.3480048834531731,-0.937492720554535,15.0
2022-05-27 11:45:00,2089.3333,80.9728,26.460333333333335,92.15573333333333,1.9397586666666666,-0.4129878673001429,-0.91073652691812,15.0
2022-05-27 12:00:00,1737.3334,86.865,26.288466666666668,92.29993333333333,3.277546666666667,-0.15488281546757107,-0.9879328486657574,15.0
2022-05-27 12:15:00,2525.3333,104.86886666666666,26.201999999999998,91.41033333333333,2.9108666666666667,-0.3325342522765289,-0.9430911785521535,15.0
2022-05-27 12:30:00,2301.0,102.765,26.283066666666667,92.2644,3.1651466666666668,-0.23031016830532922,-0.9731172726733253,15.0
2022-05-27 12:45:00,2606.6667,121.83066666666667,26.365266666666667,92.28506666666667,2.9244266666666667,-0.26404139297326823,-0.9645113492316906,15.0
2022-05-27 13:00:00,2604.3333,92.50800000000001,26.529333333333334,91.76219999999999,2.147326,-0.45456060997853054,-0.8907158086931803,15.0
2022-05-27 13:15:00,1678.0,80.61173333333333,26.573333333333334,91.38893333333334,2.29558,-0.23710944452335062,-0.9714829444297147,15.0
2022-05-27 13:30:00,2285.0,80.16426666666666,26.519466666666666,91.96666666666667,2.540766666666667,-0.3170839628799546,-0.9483974696741571,15.0
2022-05-27 13:45:00,2032.6666,81.41313333333333,26.553133333333335,91.45266666666666,2.4527066666666664,-0.24560065487906735,-0.9693710942270629,15.0
2022-05-27 14:00:00,860.0,58.423,26.494133333333334,91.77066666666666,2.8208866666666665,-0.19061482187935497,-0.9816649070227079,15.0
2022-05-27 14:15:00,724.3333,58.443933333333334,26.407933333333332,92.2426,3.2875142857142854,-0.13215753260081917,-0.9912287256616726,15.0
2022-05-27 14:30:00,1642.3334,80.56146666666667,26.442933333333333,92.02706666666667,2.5593999999999997,-0.27444037021813306,-0.9616041197886654,15.0
2022-05-27 14:45:00,1400.3334,71.42686666666667,26.596466666666668,91.32586666666666,1.5604513333333334,-0.2972859996188113,-0.9547884762766276,15.0
2022-05-27 15:00:00,1102.0,77.35713333333334,26.764666666666667,90.52586666666666,1.321016,-0.4781758776442422,-0.8782641003930188,15.0
2022-05-27 15:15:00,1292.0,67.43006666666666,26.8664,89.83200000000001,2.0802,-0.2391435921176992,-0.9709842132336877,15.0
2022-05-27 15:30:00,990.0,64.52146666666667,26.8136,90.3372,1.4680460000000002,-0.43065811988897595,-0.9025151432378807,15.0
2022-05-27 15:45:00,911.0,52.14693333333334,26.7428,90.81773333333334,2.050332666666667,-0.1974406220629674,-0.9803148477705459,15.0
2022-05-27 16:00:00,1120.0,66.43753333333333,26.654466666666668,91.8194,3.029961333333333,-0.30179310983366786,-0.9533734414472241,15.0
2022-05-27 16:15:00,883.6667,57.91453333333334,26.522,93.11046666666667,1.3042386666666668,-0.472964991668289,-0.8810812202380751,15.0
2022-05-27 16:30:00,2099.6667,92.15693333333334,26.1572,95.75266666666667,2.21224,-0.09307729688050183,-0.9956588857663146,15.0
2022-05-27 16:45:00,1891.6666,94.1954,26.195866666666667,96.28506666666667,1.9385533333333334,-0.41661930555774157,-0.9090810493221081,15.0
2022-05-27 17:00:00,946.0,59.659,26.25746666666667,95.63693333333335,1.4556040000000001,-0.48686498138548384,-0.8734772406310953,15.0
2022-05-27 17:15:00,935.0,54.94726666666667,26.270933333333332,95.30539999999999,1.9932599999999998,-0.2580209838034782,-0.9661393128928587,15.0
2022-05-27 17:30:00,459.33334,34.73473333333333,26.151,95.9954,2.617633333333333,0.11001187306972703,-0.993930273099522,15.0
2022-05-27 17:45:00,358.33334,28.959866666666667,26.051133333333333,96.77626666666667,1.7189100000000002,-0.23831875820286355,-0.9711869899708526,15.0
2022-05-27 18:00:00,676.0,41.693933333333334,25.9828,97.30086666666666,1.9811866666666667,-0.19771436990979296,-0.9802596737248623,15.0
2022-05-27 18:15:00,365.0,29.113466666666667,25.950733333333336,97.46640000000001,1.4377046666666666,-0.3415280745590872,-0.9398715732949703,15.0
2022-05-27 18:30:00,44.0,17.783,25.886533333333333,97.8046,1.562,-0.28344631964663386,-0.9589881041383038,15.0
2022-05-27 18:45:00,0.0,13.4912,25.8336,98.09666666666666,2.018,-0.23819445323990776,-0.9712174846272803,15.0
2022-05-27 19:00:00,0.0,11.948066666666668,25.8508,98.30973333333333,2.0209799999999998,-0.13282150124012745,-0.9911399743771405,15.0
2022-05-27 19:15:00,0.0,11.896666666666667,25.810533333333336,98.604,2.3673,-0.11374655128725679,-0.9935097996850637,15.0
2022-05-27 21:15:00,0.0,11.426866666666665,25.643066666666666,98.60713333333334,2.7656066666666663,0.11690185524305616,-0.9931434721331714,120.0
2022-05-27 23:15:00,0.0,11.6622,25.5064,99.1204,2.435553333333333,0.10721273390596944,-0.9942361035933104,120.0
2022-05-28 01:15:00,0.0,11.4342,25.2772,99.56086666666667,2.7581599999999997,0.14855737072190095,-0.9889037908736096,120.0
2022-05-28 03:15:00,0.0,11.3754,25.21833333333333,99.85560000000001,2.8352066666666667,-0.15397463562948485,-0.9880748006010311,120.0
2022-05-28 05:15:00,0.0,12.558,25.134866666666667,99.84586666666668,2.3123333333333336,-0.2232954832151611,-0.9747508026032642,120.0
2022-05-28 05:30:00,0.0,13.484,25.052866666666667,99.84660000000001,1.73444,-0.51168301967941,-0.8591743055816792,15.0
2022-05-28 05:45:00,0.0,15.6148,25.079933333333333,99.837,2.1661266666666665,-0.3078880404112939,-0.9514225951551147,15.0
2022-05-28 06:00:00,262.66666,27.754733333333334,25.140666666666668,99.72913333333332,1.8688266666666666,-0.396934308683846,-0.9178470213437953,15.0
2022-05-28 06:15:00,967.3333,39.275933333333334,25.24566666666667,99.58006666666667,3.0946466666666668,-0.12743391869394677,-0.9918470629922259,15.0
2022-05-28 06:30:00,1108.6666,46.68246666666666,25.387933333333333,99.44753333333333,2.7726266666666666,0.030457102398610745,-0.9995360748434649,15.0
2022-05-28 06:45:00,1551.6666,135.27973333333333,25.583333333333332,99.26273333333333,2.4082733333333333,-0.1622582930099916,-0.9867483196588093,15.0
2022-05-28 07:00:00,2102.6667,122.06739999999999,25.874000000000002,98.45573333333333,2.373553333333333,-0.17208956974242803,-0.9850813062818043,15.0
2022-05-28 07:15:00,1131.0,37.06506666666667,25.81726666666667,97.44246666666666,2.2504733333333333,-0.24563449216396818,-0.9693625205563445,15.0
2022-05-28 07:30:00,1404.0,91.8472,25.822533333333336,97.2756,2.0524153333333333,-0.2975415067428648,-0.9547088832545687,15.0
2022-05-28 07:45:00,3132.6667,307.50266666666664,26.6258,94.80186666666667,2.2844466666666667,-0.3309646016181615,-0.9436431700996578,15.0
2022-05-28 08:00:00,4720.0,337.01866666666666,27.14286666666667,91.88046666666666,2.1370533333333332,-0.15126082024721896,-0.9884938868086836,15.0
2022-05-28 08:15:00,5043.6665,331.9987333333333,27.714,89.81246666666667,1.7585533333333332,0.09233583004143955,-0.9957279219197172,15.0
2022-05-28 08:30:00,7032.6665,473.38533333333334,28.355533333333334,87.953,2.5326466666666665,0.35527011485857346,-0.934763684301212,15.0
2022-05-28 08:45:00,8095.3335,395.1193333333333,28.295733333333335,87.6722,2.71984,0.012403155182190586,-0.9999230779122594,15.0
2022-05-28 09:00:00,7446.6665,410.67,28.518266666666666,86.52893333333333,2.0265066666666667,0.10347537218841003,-0.994632016049388,15.0
2022-05-28 09:15:00,7904.0,393.54466666666667,28.522133333333333,85.57673333333334,2.1927333333333334,0.027793697585096155,-0.9996136805659216,15.0
2022-05-28 09:30:00,9486.667,337.6853333333333,28.515866666666668,85.26033333333334,1.829636,-0.11795336267665636,-0.9930191358847367,15.0
2022-05-28 09:45:00,10452.667,534.5933333333334,29.011733333333332,84.06753333333333,2.3512619999999997,0.40986996815054566,-0.9121439629840624,15.0
2022-05-28 10:00:00,9003.333,819.0713333333333,29.7776,80.9856,3.2142133333333334,0.04257316278837966,-0.9990933518997082,15.0
2022-05-28 10:15:00,10369.333,495.19800000000004,29.561533333333333,81.0184,3.0251466666666667,0.08544010912211074,-0.9963433081790642,15.0
2022-05-28 10:30:00,11967.0,312.44666666666666,29.199599999999997,81.69593333333334,2.19222,-0.009296653228926574,-0.9999567851856105,15.0
2022-05-28 10:45:00,10347.333,503.894,28.764466666666667,83.2024,2.6971866666666666,0.08899860155529282,-0.9960317509603809,15.0
2022-05-28 11:00:00,17762.666,505.022,28.969800000000003,82.0558,2.6921666666666666,0.010739386216416848,-0.999942331128998,15.0
2022-05-28 11:15:00,21889.334,655.6713333333333,29.66626666666667,79.72540000000001,2.97892,0.07060377296791773,-0.9975044397107687,15.0
2022-05-28 11:30:00,20657.666,756.5773333333333,30.09146666666667,77.2968,2.89412,0.16345223307537962,-0.9865512493036901,15.0
2022-05-28 11:45:00,18248.334,794.7066666666667,29.9644,76.938,2.7157573333333334,-0.1245020376111046,-0.9922193520742695,15.0
2022-05-28 12:00:00,19184.334,808.216,30.441399999999998,76.11593333333333,2.728486666666667,0.17924866955912686,-0.9838037987633932,15.0
2022-05-28 12:15:00,12600.0,467.8953333333333,29.9362,76.91260000000001,3.4284733333333337,-0.00286233606475219,-0.9999959035077356,15.0
2022-05-28 12:30:00,9211.333,624.2953333333334,29.369866666666667,79.18486666666666,3.11578,0.016335555186604286,-0.9998665659160453,15.0
2022-05-28 12:45:00,11549.0,481.8153333333333,29.503133333333334,79.73006666666667,3.498006666666667,0.08768892781402333,-0.9961479066578552,15.0
2022-05-28 13:00:00,11423.0,521.6713333333333,29.035266666666665,80.63726666666666,3.19278,0.16823705207306036,-0.985746566978433,15.0
2022-05-28 13:15:00,8041.0,647.3006666666666,29.477066666666666,77.37473333333334,3.4841466666666667,0.07226340270822695,-0.9973855827256721,15.0
2022-05-28 13:30:00,10407.333,449.26733333333334,29.240066666666667,78.84206666666667,3.9391266666666667,0.10503760820563952,-0.994468250303869,15.0
2022-05-28 13:45:00,5196.6665,257.3953333333333,28.671066666666665,81.34413333333333,4.5788199999999994,0.17674118046108592,-0.9842573622428342,15.0
2022-05-28 14:00:00,6557.3335,352.10066666666665,28.369733333333333,82.95086666666666,3.128833333333333,-0.013892373940204768,-0.9999034963166723,15.0
2022-05-28 14:15:00,7870.0,359.0353333333333,28.458333333333332,82.5362,3.434166666666667,-0.08942739945430239,-0.9959933434651261,15.0
2022-05-28 14:30:00,5159.6665,336.98133333333334,28.366600000000002,82.07086666666667,3.8365066666666667,-0.03732973513535373,-0.9993030025346288,15.0
2022-05-28 14:45:00,5779.6665,289.9306666666667,28.301533333333335,81.81293333333333,3.8548666666666667,0.011297857664688524,-0.9999361771694174,15.0
2022-05-28 15:00:00,5344.3335,332.55126666666666,28.039533333333335,82.5014,3.6368933333333335,-0.07823870027430647,-0.9969346547188472,15.0
2022-05-28 15:15:00,5920.6665,512.5593333333334,28.46193333333333,81.2642,3.7578933333333335,0.016323921209728216,-0.999866755921177,15.0
2022-05-28 15:30:00,4704.6665,177.76000000000002,28.359933333333334,81.63213333333333,3.9841933333333333,0.1051533191295119,-0.9944560218913892,15.0
2022-05-28 15:45:00,5674.6665,221.4226666666667,27.779600000000002,84.0188,3.6306466666666664,0.06740002283471745,-0.9977260329979767,15.0
2022-05-28 16:00:00,4009.0,159.81033333333332,27.8816,84.10333333333332,3.3539733333333337,0.199174097509656,-0.9799641212213914,15.0
2022-05-28 16:15:00,8515.667,208.565,27.755933333333335,84.39033333333333,3.2156000000000002,0.14887954253863644,-0.988855339174283,15.0
2022-05-28 16:30:00,5549.0,106.11946666666667,27.781200000000002,84.4574,3.1959266666666664,0.07979298597834769,-0.9968114562888306,15.0
2022-05-28 16:45:00,3390.0,89.3366,27.5638,85.55626666666667,2.9303933333333334,0.17038148269575754,-0.9853781763132342,15.0
2022-05-28 17:00:00,2620.0,71.30253333333333,27.31726666666667,86.95533333333333,2.90134,0.09451374163460326,-0.9955235570503731,15.0
2022-05-28 17:15:00,1066.6666,46.1224,27.201666666666664,88.57379999999999,3.0317866666666666,0.35910650099812347,-0.9332965878759467,15.0
2022-05-28 17:30:00,887.0,41.49593333333333,27.095466666666667,89.79973333333334,3.43302,0.32199031249247584,-0.9467429633543615,15.0
2022-05-28 17:45:00,469.33334,33.80486666666666,26.9176,90.84653333333334,2.874146666666667,0.3550525758539291,-0.9348463340996155,15.0
2022-05-28 18:00:00,293.66666,26.001933333333334,26.784133333333333,92.0754,3.5334000000000003,0.3965604885527288,-0.918008594142136,15.0
2022-05-28 18:15:00,160.0,16.8184,26.642666666666667,92.4946,3.837013333333333,0.15813508904898446,-0.9874174869888976,15.0
2022-05-28 18:30:00,69.666664,16.42213333333333,26.58566666666667,93.00739999999999,3.6544733333333332,0.23398840123163836,-0.9722393882625111,15.0
2022-05-28 18:45:00,0.0,14.063600000000001,26.5054,93.37093333333334,3.5237,0.13702963035755922,-0.9905669489762268,15.0
2022-05-28 19:00:00,0.0,11.036333333333335,26.5288,93.72319999999999,2.14078,0.02942200465311162,-0.999567079110848,15.0
2022-05-28 19:15:00,0.0,10.5588,26.505066666666668,93.94286666666667,2.1706866666666667,0.2512022520146786,-0.9679346199939095,15.0
2022-05-28 21:15:00,0.0,10.6328,26.235133333333334,96.8188,2.7804,0.029398743662980006,-0.9995677635213325,120.0
2022-05-28 23:15:00,0.0,11.1544,26.2732,96.77206666666666,3.0655799999999997,-0.16316525003842702,-0.986598753891316,120.0
2022-05-29 01:15:00,0.0,10.640600000000001,25.882266666666666,99.43339999999999,3.4181666666666666,-0.10148459842418481,-0.9948371104269693,120.0
2022-05-29 03:15:00,0.0,10.618599999999999,25.839066666666668,98.27633333333333,1.8894,-0.2723362261534543,-0.9622021512782511,120.0
2022-05-29 05:15:00,0.0,10.766133333333332,25.77766666666667,97.96406666666667,2.952926666666667,-0.07219377188286043,-0.9973906252323237,120.0
2022-05-29 05:30:00,0.0,12.162133333333333,25.861266666666666,97.92973333333333,2.6180866666666662,-0.23222326377705665,-0.9726625086640954,15.0
2022-05-29 05:45:00,30.666666,18.879,25.8464,97.95653333333333,2.616293333333333,-0.21562163825063005,-0.9764769885246218,15.0
2022-05-29 06:00:00,449.33334,45.36346666666667,25.9402,98.02906666666667,2.4087266666666665,-0.16422127934557837,-0.9864235253734075,15.0
2022-05-29 06:15:00,900.6667,57.3102,26.054866666666666,97.46033333333334,2.5571333333333333,-0.12759548630710402,-0.9918262911790823,15.0
2022-05-29 06:30:00,1187.0,45.898266666666665,26.111933333333333,97.02399999999999,2.184633333333333,-0.2623463738363703,-0.9649737717341894,15.0
2022-05-29 06:45:00,2660.0,122.00526666666666,26.2508,96.68046666666666,2.0739,-0.28399303187861297,-0.9588263439457602,15.0
2022-05-29 07:00:00,5012.0,244.62533333333334,26.981266666666667,93.20253333333334,2.45566,-0.19180258977264233,-0.98143352630553,15.0
2022-05-29 07:15:00,6157.6665,227.37199999999999,27.64126666666667,89.93873333333333,2.138993333333333,-0.00865672496535639,-0.9999625298544312,15.0
2022-05-29 07:30:00,4953.6665,239.07193333333333,28.113733333333336,89.14899999999999,2.6186733333333336,0.30160452286790723,-0.9534331186746252,15.0
2022-05-29 07:45:00,8202.333,400.45866666666666,28.861066666666666,87.17413333333334,2.9485733333333335,0.5283988212134708,-0.8489962813465172,15.0
2022-05-29 08:00:00,10444.333,451.91200000000003,28.874866666666666,85.61053333333332,2.6258399999999997,0.21324638145544364,-0.9769984548586346,15.0
2022-05-29 08:15:00,9947.0,499.5826666666666,29.343799999999998,83.3732,3.322773333333333,0.23204218067876486,-0.972705724454135,15.0
2022-05-29 08:30:00,8795.667,365.76599999999996,29.284933333333335,83.6034,3.6095266666666666,0.2505715026132837,-0.9680980952765691,15.0
2022-05-29 08:45:00,4777.6665,246.7835333333333,28.310266666666667,86.47766666666666,3.194106666666667,0.18646687904584894,-0.9824612475914257,15.0
2022-05-29 09:00:00,9731.667,620.5,28.580533333333335,86.8476,2.717186666666667,0.08065123996292729,-0.9967423827110204,15.0
2022-05-29 09:15:00,4615.6665,466.248,29.674866666666667,81.5338,3.4239866666666665,0.25847061749587885,-0.9660191198373348,15.0
2022-05-29 09:30:00,3741.0,469.94466666666665,28.1556,90.35406666666667,3.2708333333333335,0.14841929225715872,-0.9889245237559255,15.0
2022-05-29 09:45:00,4925.3335,572.724,28.714533333333335,88.07466666666666,3.0933866666666665,0.33487055518292025,-0.9422641409241268,15.0
2022-05-29 10:00:00,14978.333,417.36233333333337,29.06546666666667,84.90180000000001,2.7270066666666666,0.35275637017539413,-0.9357152041623992,15.0
2022-05-29 10:15:00,15174.0,661.9893333333333,29.537666666666667,81.55026666666666,2.4628533333333333,0.0679804648726958,-0.9976866524093084,15.0
2022-05-29 10:30:00,8473.333,532.7206666666667,29.9102,79.42046666666667,2.95006,0.06486903156122353,-0.9978937863040881,15.0
2022-05-29 10:45:00,16372.667,617.678,29.8974,78.7806,2.263186666666667,0.18856983794126336,-0.9820597824057381,15.0
2022-05-29 11:00:00,20097.0,594.5846666666667,30.458666666666666,76.7162,2.337053333333333,0.1794318196836155,-0.9837704112672969,15.0
2022-05-29 11:15:00,15139.0,554.194,30.322066666666668,75.94699999999999,3.1010199999999997,0.21292806913379808,-0.9770678775678548,15.0
2022-05-29 11:30:00,7984.6665,800.0453333333334,30.590933333333336,75.11453333333334,3.1669,0.3703304754625236,-0.9289000694066618,15.0
2022-05-29 11:45:00,7493.3335,660.0566666666667,30.666866666666667,74.675,3.1901,0.22897386907929876,-0.9734325694565886,15.0
2022-05-29 12:00:00,12026.333,411.01733333333334,30.590733333333333,74.3918,2.5072073333333336,-0.1399104890032641,-0.9901641556160612,15.0
2022-05-29 12:15:00,6477.6665,753.7886666666667,30.171266666666668,76.41533333333334,2.3887666666666667,0.24859972627295748,-0.9686063060382224,15.0
2022-05-29 12:30:00,10050.667,799.2053333333333,31.306333333333335,72.86973333333334,2.4312400000000003,0.27949387637079265,-0.9601474746471128,15.0
2022-05-29 12:45:00,17906.0,631.8433333333334,31.1386,73.15733333333333,2.730366666666667,0.30886206564489854,-0.9511068417404883,15.0
2022-05-29 13:00:00,4958.3335,655.6937333333333,30.897533333333335,74.23673333333333,3.7797133333333335,0.37670934080187235,-0.9263315133107687,15.0
2022-05-29 13:15:00,21522.666,638.122,30.87586666666667,72.691,4.021506666666666,0.35105733362554503,-0.9363539653932816,15.0
2022-05-29 13:30:00,17212.0,641.7433333333333,30.659066666666664,72.90173333333334,3.7669133333333336,0.3405108358845561,-0.9402405918940114,15.0
2022-05-29 13:45:00,20637.334,702.302,30.488533333333333,73.80306666666667,3.122153333333334,0.3089837960515262,-0.9510673024437276,15.0
2022-05-29 14:00:00,9285.667,625.4233333333334,30.692600000000002,72.71566666666666,3.5342,0.3770218916908879,-0.9262043474233018,15.0
2022-05-29 14:15:00,19342.334,708.0066666666667,30.549733333333332,73.68953333333334,2.6523333333333334,0.13584237794273984,-0.9907304620101584,15.0
2022-05-29 14:30:00,16974.0,682.8353333333333,31.183,70.98806666666665,2.28888,0.04332877417643978,-0.9990608676794258,15.0
2022-05-29 14:45:00,16174.0,629.756,30.751933333333334,72.50533333333333,2.8705933333333333,0.06476453201279245,-0.9979005739016107,15.0
2022-05-29 15:00:00,16293.667,603.504,30.363400000000002,74.25153333333333,3.6011866666666665,0.28703730514361836,-0.9579194044677711,15.0
2022-05-29 15:15:00,15518.667,584.5166666666667,29.835666666666665,75.1152,3.56498,0.3127217625372847,-0.9498447763901079,15.0
2022-05-29 15:30:00,14523.667,526.4946666666667,29.680666666666664,75.64186666666666,3.8457333333333334,0.27756058602177713,-0.9607081352248703,15.0
2022-05-29 15:45:00,13662.667,521.5633333333333,29.540733333333332,76.34293333333333,3.9654066666666665,0.27763883352821933,-0.960685525089813,15.0
2022-05-29 16:00:00,8529.0,469.1766666666666,29.288333333333334,77.59140000000001,3.8151533333333334,0.1453347909459892,-0.9893825339779784,15.0
2022-05-29 16:15:00,3499.6667,102.49806666666667,28.563266666666667,80.81580000000001,3.83326,0.10021121555374243,-0.9949661864994415,15.0
2022-05-29 16:30:00,7490.3335,185.92306666666667,28.052133333333334,83.28626666666666,2.7904733333333334,0.01066957704626943,-0.9999430784427951,15.0
2022-05-29 16:45:00,1645.0,75.30846666666666,27.936466666666668,83.08306666666667,3.2806533333333334,0.15435401775713273,-0.9880156057483256,15.0
2022-05-29 17:00:00,3803.0,66.67393333333332,27.793400000000002,83.15946666666667,3.3789466666666668,0.2047921730999591,-0.9788054790595506,15.0
2022-05-29 17:15:00,1266.0,52.620599999999996,27.615799999999997,84.07733333333334,3.306913333333333,0.1460024531340423,-0.9892842279541516,15.0
2022-05-29 17:30:00,1000.6667,36.25339999999999,27.4508,84.25446666666667,3.168826666666667,-0.04344501989333141,-0.9990558193847169,15.0
2022-05-29 17:45:00,785.0,19.689200000000003,27.256333333333334,85.3296,2.5167133333333336,-0.34282911913312025,-0.9393977831964523,15.0
2022-05-29 18:00:00,1273.0,40.989799999999995,27.1982,86.68,2.33692,-0.20074737131300283,-0.9796430436189089,15.0
2022-05-29 18:15:00,688.6667,37.36873333333333,27.091866666666665,88.38746666666665,2.2190333333333334,-0.09226631489371298,-0.9957343657501905,15.0
2022-05-29 18:30:00,421.33334,26.870066666666666,26.924933333333335,90.365,2.89284,0.16656223653286262,-0.9860309434095721,15.0
2022-05-29 18:45:00,83.0,16.988066666666665,26.683066666666665,91.22659999999999,2.835066666666667,0.0829589489242938,-0.9965529653728278,15.0
2022-05-29 19:00:00,0.0,10.419433333333334,26.649866666666664,92.52173333333333,2.62818,0.2462096801810134,-0.9692165874484212,15.0
2022-05-29 19:15:00,0.0,8.90582,26.520933333333335,93.5214,3.2347333333333332,0.33593382455981774,-0.9418855904602287,15.0
2022-05-29 19:30:00,0.0,8.670573333333333,26.313666666666666,94.06113333333333,3.4726,0.32741580143832905,-0.9448803590764794,15.0
2022-05-29 21:30:00,0.0,8.86254,26.06273333333333,96.89413333333333,2.215186666666667,0.6361590211273438,-0.771557969201472,120.0
2022-05-29 23:30:00,0.0,8.737853333333334,25.6948,97.16113333333332,3.5212133333333333,0.12192708719328726,-0.9925390598906224,120.0
2022-05-30 01:30:00,0.0,9.112793333333334,25.7152,97.0442,3.5664599999999997,0.1615578905776984,-0.9868632367213223,120.0
2022-05-30 03:30:00,0.0,9.266346666666667,25.7892,97.24026666666667,1.7335326666666666,-0.3535401492310316,-0.9354193513508794,120.0
2022-05-30 05:15:00,0.0,9.876493333333334,25.71673333333333,97.583,1.1539973333333333,0.23658943958756742,-0.9716097143789993,105.0
2022-05-30 05:30:00,0.0,11.949000000000002,25.717333333333332,97.58546666666666,1.2067686666666666,0.7065470857647365,-0.7076660339435249,15.0
2022-05-30 05:45:00,8.666667,17.4534,25.649266666666666,97.6748,0.9836993333333334,0.9064749072611259,-0.42225968610078457,15.0
2022-05-30 06:00:00,488.33334,42.67373333333333,25.763666666666666,97.79826666666666,0.9321086666666667,-0.6200383265223816,-0.7845715223249723,15.0
2022-05-30 06:15:00,956.6667,47.8398,25.9606,97.61126666666668,0.9796440000000001,0.29915182113546596,-0.9542055270806883,15.0
2022-05-30 06:30:00,1261.6666,61.303733333333334,25.998333333333335,97.4054,0.8763679999999999,0.8864955786070083,-0.46273706260707664,15.0
2022-05-30 06:45:00,958.3333,40.205466666666666,26.1578,97.4566,1.365434,0.661783043440061,-0.7496954070922472,15.0
2022-05-30 07:00:00,345.0,32.0402,26.3238,98.20620000000001,1.6356133333333331,0.8190652746746673,-0.573700336257625,15.0
2022-05-30 07:15:00,2091.3333,86.88180000000001,26.3648,98.89386666666665,2.5902133333333333,0.6269755284164387,-0.7790389507379766,15.0
2022-05-30 07:30:00,2441.0,111.42273333333333,26.513933333333334,99.3282,1.83146,0.6826193210983723,-0.7307741528428583,15.0
2022-05-30 07:45:00,2779.0,122.04639999999999,26.592666666666666,99.20826666666667,2.3385466666666668,0.7743484710303604,-0.6327593898259772,15.0
2022-05-30 08:00:00,1986.3334,77.34593333333333,26.481266666666667,97.81753333333333,2.4797133333333337,0.1985355208558439,-0.9800936929490459,15.0
2022-05-30 08:15:00,1444.0,88.66866666666667,26.547333333333334,97.0458,2.019093333333333,0.43545107575369757,-0.9002123975068037,15.0
2022-05-30 08:30:00,3461.0,184.79,26.5736,95.76526666666668,2.39416,0.14656646076284488,-0.9892008252015632,15.0
2022-05-30 08:45:00,1829.0,134.3192,26.8248,96.92693333333334,1.4611373333333333,0.5018730869310293,-0.8649412723499321,15.0
2022-05-30 09:00:00,2901.3333,137.3146,26.68933333333333,95.75013333333332,0.8909813333333333,-0.5500435393272446,-0.8351359798525974,15.0
2022-05-30 09:15:00,2593.6667,177.90133333333333,27.057133333333333,96.46126666666667,2.92804,0.5961408008471928,-0.8028799073119639,15.0
2022-05-30 09:30:00,8537.333,575.294,27.802200000000003,96.42413333333334,3.5348466666666667,0.6977487859029824,-0.7163425380157973,15.0
2022-05-30 09:45:00,9597.333,691.9699999999999,29.295866666666665,88.57506666666667,3.2530799999999997,0.677629324034017,-0.7354036301305571,15.0
2022-05-30 10:00:00,9362.667,640.9546666666666,29.790266666666664,83.52306666666667,3.985653333333333,0.5932128291424995,-0.8050456753133648,15.0
2022-05-30 10:15:00,5069.0,235.92733333333334,29.758266666666668,82.82,3.1108800000000003,0.7731100940897437,-0.6342718521395598,15.0
2022-05-30 10:30:00,7498.6665,349.40133333333335,29.182866666666666,83.03479999999999,3.3970399999999996,0.7439773179450617,-0.6682048715650557,15.0
2022-05-30 10:45:00,16606.666,276.7613333333333,29.025333333333332,83.50586666666666,3.3062866666666664,0.6942062588422387,-0.71977612504463,15.0
2022-05-30 11:00:00,5746.6665,255.25533333333334,28.926133333333333,85.60146666666667,2.5910066666666665,0.7911310231934446,-0.6116467151394613,15.0
2022-05-30 11:15:00,6685.6665,246.36006666666665,28.091333333333335,87.70193333333333,2.35024,-0.018324931396102865,-0.9998320843468308,15.0
2022-05-30 11:30:00,12494.333,541.6726666666667,27.660666666666668,91.89106666666666,2.1106666666666665,0.0415850189113398,-0.9991349689617232,15.0
2022-05-30 11:45:00,15985.667,257.4878,28.489933333333333,90.29606666666668,2.0667,0.868187266771671,-0.4962367074446783,15.0
2022-05-30 12:00:00,5097.3335,184.46066666666667,28.215,90.5936,3.3419733333333337,0.7889554119376248,-0.6144504520092184,15.0
2022-05-30 12:15:00,5988.6665,172.59266666666664,27.611333333333334,92.67733333333334,3.4652733333333336,0.8036076313160165,-0.5951594533321816,15.0
2022-05-30 12:30:00,5256.3335,223.49800000000002,27.69953333333333,92.8344,3.87804,0.7416403151000565,-0.6707977661100915,15.0
2022-05-30 12:45:00,3891.3333,186.17866666666666,27.85826666666667,90.992,3.84122,0.7020867715593616,-0.7120914022801798,15.0
2022-05-30 13:00:00,12023.333,219.08060000000003,28.073533333333334,88.20853333333334,3.08368,0.6610761783505232,-0.7503187898603281,15.0
2022-05-30 13:15:00,14224.333,453.228,28.49813333333333,85.83593333333333,2.5593733333333333,0.520304316602596,-0.8539809237475422,15.0
2022-05-30 13:30:00,19020.666,535.0673333333333,29.070800000000002,83.0352,2.272266666666667,0.17817253732221297,-0.9839992616583433,15.0
2022-05-30 13:45:00,11497.333,522.9233333333334,30.0378,80.9354,3.229033333333333,0.6620359757228658,-0.7494720587511405,15.0
2022-05-30 14:00:00,15210.333,547.634,29.478333333333335,81.31973333333333,3.8030153846153847,0.20533705730170607,-0.978691316452065,15.0
2022-05-30 14:15:00,17441.666,666.2873333333333,29.8516,78.36673333333333,3.154506666666667,0.19437131650437967,-0.9809280255555727,15.0
2022-05-30 14:30:00,16919.334,595.6993333333334,29.966333333333335,78.20700000000001,3.5098266666666667,0.36348971440222183,-0.9315982114215287,15.0
2022-05-30 14:45:00,12719.667,322.63,29.689533333333333,78.32019999999999,3.896306666666667,0.30173764430445404,-0.9533909974452238,15.0
2022-05-30 15:00:00,11161.0,247.79533333333333,29.263733333333334,82.5262,3.0711133333333334,0.7028403637865148,-0.7113476105480636,15.0
2022-05-30 15:15:00,12579.0,411.0566666666667,29.1844,81.91193333333334,2.714,0.5027685180030902,-0.8644210879571231,15.0
2022-05-30 15:30:00,11190.0,245.50866666666667,29.105133333333335,80.28106666666666,2.8853333333333335,0.3248859700922227,-0.9457531953090275,15.0
2022-05-30 15:45:00,9560.333,321.09133333333335,28.993133333333333,80.5652,2.58784,0.353474843779257,-0.9354440308298674,15.0
2022-05-30 16:00:00,10795.0,305.29466666666667,29.1356,81.51513333333332,3.0574733333333333,0.6328855207802944,-0.7742453858994934,15.0
2022-05-30 16:15:00,10047.0,326.63733333333334,28.8852,80.09233333333333,3.3401,0.2232387741343329,-0.9747637917582906,15.0
2022-05-30 16:30:00,6638.0,233.69,28.60053333333333,78.66866666666667,3.15014,0.31382674517999576,-0.9494802652028793,15.0
2022-05-30 16:45:00,8560.667,160.45133333333334,28.358999999999998,76.54613333333333,3.6556533333333334,0.14698080336519698,-0.989139344805433,15.0
2022-05-30 17:00:00,7846.6665,133.32066666666665,28.124866666666666,77.70746666666668,2.77238,0.2983745340122606,-0.9544488658136518,15.0
2022-05-30 17:15:00,4598.3335,111.74353333333333,28.064799999999998,80.87366666666667,3.9815533333333333,0.4075443323283809,-0.9131854232230244,15.0
2022-05-30 17:30:00,2601.6667,81.77019999999999,27.754399999999997,81.5634,2.96546,0.41995901558837384,-0.9075430707277996,15.0
2022-05-30 17:45:00,2114.0,72.94953333333333,27.483999999999998,83.67153333333334,2.6683733333333333,0.3683409115281296,-0.9296907942400132,15.0
2022-05-30 18:00:00,1359.3334,45.78593333333333,27.3814,85.7864,2.0212866666666667,0.6316234560607401,-0.7752753122303626,15.0
2022-05-30 18:15:00,859.0,32.385933333333334,27.122533333333333,87.91506666666668,2.1083066666666666,0.6272474261072163,-0.7788200475346486,15.0
2022-05-30 18:30:00,444.0,25.561,26.928066666666666,89.33406666666666,1.6866873333333332,0.6557164851101216,-0.7550072126508645,15.0
2022-05-30 18:45:00,80.0,17.2076,26.766000000000002,90.1858,1.4966993333333332,0.7536551718554685,-0.6572700220879576,15.0
2022-05-30 19:00:00,0.0,10.257266666666668,26.536,91.80373333333334,1.5236333333333334,0.8437663461424558,-0.5367106791534982,15.0
2022-05-30 19:15:00,0.0,9.199526666666666,26.298133333333332,93.35086666666666,1.0256806666666667,0.9568517977389374,-0.2905763878290245,15.0
2022-05-30 19:30:00,0.0,8.986646666666667,26.156799999999997,94.13313333333333,0.9133366666666666,0.9915032334292329,0.13008204372385984,15.0
2022-05-30 21:30:00,0.0,9.259373333333334,25.711466666666663,97.9056,2.9018533333333334,0.35013108936726645,-0.9367007100768587,120.0
2022-05-30 23:30:00,0.0,9.273953333333333,25.650333333333332,95.44,3.4081466666666667,0.10877434341483778,-0.9940664677045851,120.0
2022-05-31 01:30:00,0.0,9.325206666666666,25.447266666666668,95.14353333333334,2.5660066666666665,0.16347519112117273,-0.9865474453303784,120.0
2022-05-31 03:30:00,0.0,9.405706666666667,25.124266666666667,98.69053333333333,2.5876533333333334,0.5015409363355481,-0.8651339140154325,120.0
2022-05-31 05:15:00,0.0,10.302366666666668,25.669066666666666,94.44866666666667,1.3199086666666666,-0.35447600453352435,-0.9350651112141597,105.0
2022-05-31 05:30:00,0.0,12.7712,25.633466666666667,94.15673333333334,1.696646,-0.19021502943909316,-0.9817424522630591,15.0
2022-05-31 05:45:00,107.333336,20.6854,25.6566,93.6686,1.1380586666666666,-0.18745217657120894,-0.9822737304329767,15.0
2022-05-31 06:00:00,540.3333,25.705266666666667,25.763333333333332,93.2666,1.44609,-0.2654439380953914,-0.9641262965651388,15.0
2022-05-31 06:15:00,999.3333,56.76033333333333,25.944066666666668,92.47013333333334,1.3726466666666668,-0.46150089508156245,-0.8871397431289597,15.0
2022-05-31 06:30:00,1515.3334,76.82946666666666,26.0054,91.88560000000001,0.7678933333333333,-0.6253189313982419,-0.7803692933701075,15.0
2022-05-31 06:45:00,2396.3333,112.12013333333333,26.34913333333333,90.90706666666667,0.9713440000000001,-0.2271159233522571,-0.9738677309367282,15.0
2022-05-31 07:00:00,1889.6666,93.49806666666667,26.82473333333333,90.13799999999999,0.9775860000000001,0.8096184190657097,0.5869565703776906,15.0
2022-05-31 07:15:00,4116.0,162.40826666666666,27.532866666666667,87.42786666666666,0.9565553333333333,0.7026226234339698,-0.7115626810329263,15.0
2022-05-31 07:30:00,6294.0,376.56333333333333,28.28053333333333,85.3762,1.8497813333333333,0.6792961562815797,-0.7338642463433354,15.0
2022-05-31 07:45:00,5215.6665,254.1308,29.13693333333333,80.881,2.52238,0.6356381821936716,-0.7719871121576608,15.0
2022-05-31 08:00:00,6147.3335,206.91240000000002,28.8764,81.212,2.517586666666667,0.5816971518176638,-0.8134054484494296,15.0
2022-05-31 08:15:00,6409.3335,410.8926666666667,28.840866666666667,81.27933333333334,2.3814466666666667,0.676610414421566,-0.7363411893248106,15.0
2022-05-31 08:30:00,13299.333,571.4799999999999,30.254,77.29346666666667,3.398053333333333,0.6598355660864693,-0.7514100250378275,15.0
2022-05-31 08:45:00,15588.333,382.9493333333333,29.9982,75.44993333333333,3.9748733333333335,0.28875331176629093,-0.9574035329702931,15.0
2022-05-31 09:00:00,16162.0,549.3906666666667,29.30773333333333,78.4992,3.2996266666666667,0.5602246228704209,-0.8283407341968007,15.0
2022-05-31 09:15:00,6255.6665,562.8513333333334,30.897733333333335,74.2276,3.325106666666666,0.6999957954066041,-0.7141469641558912,15.0
2022-05-31 09:30:00,6789.6665,524.4086666666667,30.820866666666667,72.9532,2.6452266666666664,0.3939632987348699,-0.9191261715618481,15.0
2022-05-31 09:45:00,15716.667,571.066,30.951999999999998,72.90013333333333,3.691573333333333,0.49912307427378433,-0.8665311054587056,15.0
2022-05-31 10:00:00,14201.333,439.0573333333333,30.38406666666667,74.43853333333333,3.0491733333333335,0.5373290479347016,-0.8433726900045952,15.0
2022-05-31 10:15:00,14639.667,474.17466666666667,29.960066666666666,75.31126666666667,3.4534333333333334,0.41654526070768905,-0.9091149794068754,15.0
2022-05-31 10:30:00,6556.0,508.54833333333335,30.00408333333333,75.93383333333334,3.3049999999999997,0.4543792314481152,-0.8908083486522902,15.0
2022-05-31 10:45:00,9294.333,765.2633333333334,30.283466666666666,75.309,3.1822066666666666,0.41155677679403063,-0.9113841229003874,15.0
2022-05-31 11:00:00,0.0,337.8322666666666,30.058933333333336,75.1532,3.9998133333333334,0.23380739687442803,-0.9722829326727913,15.0
2022-05-31 11:15:00,12688.667,87.8948,28.958199999999998,78.91633333333333,3.2265066666666664,-0.14656646076284466,-0.9892008252015632,15.0
2022-05-31 11:30:00,1501.6666,87.2554,26.3434,89.95219999999999,4.36058,-0.29129218895786113,-0.9566341310303212,15.0
2022-05-31 11:45:00,2139.0,81.08919999999999,25.0322,95.73446666666668,2.1314866666666665,-0.47288912625836826,-0.8811219406339834,15.0
2022-05-31 12:00:00,1558.3334,54.9064,24.854666666666667,97.4062,1.5328746666666668,-0.8865967801724316,-0.4625431324621272,15.0
2022-05-31 12:15:00,3991.0,136.72993333333335,25.11413333333333,97.59006666666667,1.7304626666666667,-0.3596331246363824,-0.9330937871748328,15.0
2022-05-31 12:30:00,4926.6665,174.86733333333333,25.19066666666667,96.32826666666666,1.4032113333333334,-0.340685873119669,-0.9401771832248902,15.0
2022-05-31 12:45:00,5105.0,179.0593333333333,25.420466666666666,96.32199999999999,1.5822066666666668,0.5119329217022958,-0.8590254266768541,15.0
2022-05-31 13:00:00,5566.0,201.60866666666666,25.70906666666667,95.6032,0.9384406666666667,0.9166824600824147,-0.3996164002856393,15.0
2022-05-31 13:15:00,10637.0,355.83866666666665,26.110333333333333,94.97993333333334,1.7224666666666666,0.4374296916729333,-0.8992526145877601,15.0
2022-05-31 13:30:00,13485.667,488.2933333333333,26.378800000000002,91.54106666666667,2.5751399999999998,-0.1292571273280706,-0.9916111107863278,15.0
2022-05-31 13:45:00,11371.333,394.43,26.954733333333333,89.70026666666666,2.0753,0.21982350257363334,-0.9755396597351949,15.0
2022-05-31 14:00:00,6792.6665,240.13866666666667,27.111133333333335,89.64746666666666,2.7994266666666667,0.33264398366668013,-0.9430524800510104,15.0
2022-05-31 14:15:00,5566.3335,195.674,26.842533333333332,89.6602,2.0415466666666666,0.26361490841005825,-0.9646280008707795,15.0
2022-05-31 14:30:00,4963.0,178.64133333333334,26.637133333333335,89.44980000000001,1.50322,0.09271815530050069,-0.9956923941045609,15.0
2022-05-31 14:45:00,4290.0,158.10933333333332,26.570800000000002,89.46000000000001,1.7842266666666666,0.05033728461931563,-0.998732275325652,15.0
2022-05-31 15:00:00,4268.6665,155.95,26.602466666666665,89.27220000000001,1.5125486666666668,0.2444838568409391,-0.9696533626735789,15.0
2022-05-31 15:15:00,3684.3333,148.73999999999998,26.648799999999998,88.74759999999999,1.97844,0.024385649906117836,-0.9997026258236278,15.0
2022-05-31 15:30:00,3530.6667,146.06533333333334,26.591666666666665,88.11366666666666,2.00246,0.0818109475310236,-0.9966478660309649,15.0
2022-05-31 15:45:00,3772.0,143.3498,26.698066666666666,89.43286666666667,1.94096,0.36625221790336643,-0.9305156166775843,15.0
2022-05-31 16:00:00,3343.6667,139.60666666666665,26.630933333333335,88.62486666666668,2.6757866666666668,0.1979881023384447,-0.9802044232365111,15.0
2022-05-31 16:15:00,3552.0,119.5244,26.4086,88.54886666666667,2.0335133333333335,-0.028340351967612403,-0.9995983315564066,15.0
2022-05-31 16:30:00,3523.6667,133.21266666666665,26.4374,89.1002,1.8901313333333334,-0.12315115808054573,-0.9923879242833522,15.0
2022-05-31 16:45:00,3117.6667,121.71066666666667,26.492133333333335,88.58773333333333,1.706796,-0.06527541192112588,-0.9978672860648992,15.0
2022-05-31 17:00:00,2701.3333,108.50133333333333,26.53966666666667,88.7174,1.4131046666666667,0.02687483434051901,-0.9996388064091798,15.0
2022-05-31 17:15:00,2528.0,99.71686666666666,26.615666666666666,88.68486666666666,1.506832,0.1369489495144305,-0.9905781065755965,15.0
2022-05-31 17:30:00,2268.3333,83.3034,26.608,88.35526666666667,1.9376933333333333,0.11137642760519129,-0.9937782908546079,15.0
2022-05-31 17:45:00,1456.6666,66.46873333333333,26.390466666666665,88.87426666666667,2.2125333333333335,-0.012647482109161036,-0.9999200173995411,15.0
2022-05-31 18:00:00,927.0,44.55793333333334,26.320066666666666,90.03373333333334,1.7028466666666666,0.15954808888834887,-0.987190157635334,15.0
2022-05-31 18:15:00,650.0,36.937466666666666,26.2296,91.72573333333334,1.5201266666666666,0.5024164464588978,-0.864625765477535,15.0
2022-05-31 18:30:00,216.0,22.991333333333333,26.049599999999998,92.82193333333333,2.02726,0.5821891942250232,-0.8130533451918257,15.0
2022-05-31 18:45:00,9.333333,14.835466666666667,25.903466666666667,93.8304,2.358213333333333,0.4297232787322056,-0.9029606324284815,15.0
2022-05-31 19:00:00,0.0,10.09616,25.586266666666667,94.53833333333334,1.7659133333333334,0.3149313029467846,-0.9491144685570021,15.0
2022-05-31 19:15:00,0.0,9.111726666666668,25.395333333333333,95.35006666666666,1.3167866666666665,0.3015490538671328,-0.9534506637009789,15.0
2022-05-31 19:30:00,0.0,8.97976,25.282066666666665,95.87353333333334,1.82708,0.08080200815492422,-0.9967301718510038,15.0
2022-05-31 21:30:00,0.0,9.31072,25.48966666666667,96.4222,1.1389986666666667,0.6562873165281312,-0.7545110722609075,120.0
2022-05-31 23:30:00,0.0,10.067673333333333,25.4968,99.07153333333333,1.5516933333333331,0.41851179782441117,-0.9082113603571468,120.0
2022-05-31 23:45:00,0.0,10.405866666666666,25.5818,99.26119999999999,0.899544,0.987744702469303,-0.15607819432524198,15.0
